Index,target
66,26.864665870427373
67,17.08838086982469
68,36.866966097871114
69,41.96138751531582
70,31.918041836160622
71,37.67570256492671
72,43.41793281116871
73,34.18467079061065
74,54.268430311727656
75,52.34942077813207
76,50.62170557626881
77,53.261486687910676
141,23.29928104733787
142,33.901479810457616
143,31.079969079423535
144,32.664268454146324
217,27.539270597031653
218,27.124309725739618
219,33.05259219007899
220,27.155387918845
221,18.17858226476967
222,24.9543231404098
223,20.045987036784247
224,24.432113064540793
225,23.0625892568251
226,27.448715284581652
227,33.473730086674564
228,32.54302273263421
229,39.15898819049538
230,35.187351759722276
231,52.218140811824796
232,40.030011576108365
233,38.09074698796567
234,38.047560920133606
235,37.37459125219778
236,42.388958974679156
237,41.419110369624555
238,44.60401887857016
239,45.36760000147676
240,58.2740548058759
241,96.91116094387591
242,63.25978876609393
243,54.9007039020896
244,61.00401451257916
423,24.290946049902054
424,28.11412440457263
425,29.4533444507113
426,38.40952428120339
427,38.47052061960531
428,53.773209050072516
429,47.37800371739349
430,39.534108110458284
431,46.47708700361558
432,48.479883605726044
433,47.18754639651725
434,40.51764856651112
447,25.22416492340051
448,30.299411728855567
449,32.284271857801365
450,31.857877728430676
519,28.923093888895107
520,30.880696214669044
521,35.412300677846645
522,31.533950382789214
554,17.047105182131265
555,26.62593337227408
556,48.6032854577993
557,37.7386956692666
558,39.063528488834876
559,18.850844001021972
560,23.500967288930752
561,24.93453079571774
562,30.44655216964623
563,26.085985462027995
585,31.33009492132466
586,41.905719088562165
587,34.0961245554161
588,36.49372141649169
589,36.763553190406185
590,39.90470656401641
591,48.09090272761529
592,46.24683061901087
593,67.70965848271321
594,49.1729530412254
595,39.6396701139426
596,50.283897821839496
606,26.18081480206677
607,26.18953254974808
608,27.345373928700415
609,28.83236150186247
610,28.0763623943271
611,30.37062984759495
612,34.24273981713815
613,37.222721458996695
614,32.58599162484226
615,40.60095888215276
616,38.40866436457974
617,51.29869798155822
618,24.329937982047543
619,33.08182123895217
620,35.42897366193215
621,48.78912950147221
622,39.27138679886408
623,38.028036095760925
624,44.62980492572044
625,47.66602729580112
626,53.299755509548
638,35.35228674993434
639,27.984027358165573
640,41.31625058632442
641,47.51036468430647
713,48.4733431244898
714,33.02510964022457
715,65.88323740616214
716,42.65005916737239
717,46.13954520209769
718,50.68600888363201
719,49.91535425785235
720,80.730669726217
721,58.98054740833679
722,63.82567564668909
723,57.99028171041971
724,77.65412515535702
731,29.922729157279083
732,25.026044104580695
733,21.52796477164127
734,28.993761820189142
735,22.77287098569708
736,33.92904687259991
737,32.58059597857825
738,31.818216007829207
739,37.41857134882645
740,37.11498724466073
741,52.63463613214477
742,55.20943415013546
759,33.394431330540904
760,40.981835864660965
761,38.260062128770144
762,33.662560479876234
763,41.74661942612404
770,26.557414488954997
771,32.51522886968722
772,30.873888092888564
773,35.57967498178124
774,39.21426467981286
775,18.406672609347538
776,30.67406606030768
777,17.96427687649126
778,26.790769009089722
779,33.28503785777394
780,35.8799304838648
781,33.16937727595087
782,30.18613330019614
783,39.09314851482404
784,44.168633863519226
785,46.99481460709204
786,36.9386092830843
787,36.88698022102526
788,43.244391029960596
789,41.50245385999778
790,48.26407454851088
791,56.72759710816716
792,75.50852638205775
822,36.24390250445653
823,39.181467849617405
824,60.539226517888984
825,42.05092580969928
826,59.41502865687678
839,23.977970875656876
840,28.742616217251015
841,36.875227267924046
842,34.41283054532769
843,39.435390808667876
844,39.70129741563595
845,48.599359712669354
846,39.50617020496794
847,44.77677310898249
848,44.209594710210055
849,51.04224928031239
850,47.99948612726331
911,22.342524189605694
912,21.386472848509108
913,34.3662891790221
914,28.056409418145194
915,29.064849407385914
916,33.09303196267349
917,33.25010260362549
918,55.95245544680451
919,42.315009129641574
920,36.224794971391134
921,46.13012441903456
922,42.40041590867335
944,25.224436624905884
945,34.95659633422679
946,30.725382577176138
947,29.617395569038834
948,34.37468801237099
949,40.08796911767863
959,46.095964960162796
960,58.46059585774106
961,43.587247729903346
962,43.70633071178717
963,44.7841869787014
964,50.89011241776694
965,51.427698365610766
966,71.71100778291257
967,52.93427827795492
968,67.70359584217596
969,72.30806660583022
970,74.51671167584813
1097,24.608913370377863
1098,28.502934509791565
1099,28.672580915770034
1100,30.407493782054097
1101,32.588550091257176
1102,33.13465521046911
1103,23.923138234698346
1133,26.586989702952753
1134,35.31489805413743
1135,47.67588459066755
1136,37.909053947347985
1137,57.81099941758352
1138,48.40064390387184
1139,36.836029689585686
1140,40.3524679943419
1141,33.510724773955445
1142,31.772415951828773
1143,38.983943109610976
1156,30.82525499952458
1157,26.33039136251813
1158,34.220376533403034
1159,32.34728161368939
1271,26.42422669666406
1272,24.98844185770845
1273,29.573645495550938
1274,29.13291925619114
1275,27.561435147964236
1276,33.086478907152724
1277,40.85599903277319
1278,37.716919794882635
1279,46.965529902732634
1280,43.57378567777527
1281,43.471280616429425
1282,46.505464105109404
1294,44.73128464189386
1295,50.53060537782893
1296,49.712378192272034
1297,55.549691290787834
1298,59.05024224013814
1299,38.59560231515971
1300,62.02642084483779
1301,69.94136397383423
1302,93.44646712974529
1303,48.944299735545194
1304,53.17250816951578
1305,85.2624809966649
1318,16.019625805769056
1319,26.023577513458143
1320,19.150750079495268
1321,27.477509818853626
1322,28.48594980809434
1323,28.632322997567666
1324,34.08843712032464
1325,39.08564449944042
1326,34.55666833059904
1327,46.895774328898646
1328,41.67364309349979
1329,53.04855515251741
1443,28.59036367425011
1444,32.508235276796505
1445,35.001956170612544
1446,35.35709669291554
1447,28.12183380232045
1448,33.29503544337724
1449,27.7781633219518
1450,35.612237770756394
1451,39.817587081454704
1452,59.72616736972547
1453,48.984384895924755
1491,28.724856216697503
1492,31.559963380735837
1493,29.334162516482827
1494,44.61121575703442
1495,32.64753160912156
1496,40.46107906162589
1497,34.83350371143873
1498,45.136405832061556
1499,38.539226709178095
1500,49.03748051967194
1501,40.292459124844925
1502,48.362659281132785
1540,34.78178099531871
1541,57.32338197094515
1542,34.78657090684009
1543,39.53813810026937
1544,61.22401999754458
1545,36.145825199075205
1546,43.53136745317903
1547,60.44240194989839
1548,79.63989664153254
1549,75.39659945231215
1550,55.88672939325361
1551,74.66159830257439
1682,30.310813161930607
1683,52.25253434846421
1684,43.681648316184315
1685,39.29709525063007
1686,48.662830495408535
1687,45.95957378830875
1688,45.59178243816623
1689,63.7948021453537
1690,46.20388223198472
1691,78.77374234469792
1692,56.02764156984112
1693,80.05798413070171
1788,14.625417252899839
1789,16.05898075968683
1790,17.216895955394417
1791,19.075582979727685
1792,20.509146486514677
1793,23.20642949501332
1794,26.04153665905166
1795,36.32113667782015
1796,31.28662746958205
1797,35.373803084404855
1798,39.77158016308858
1799,41.35461887634244
1823,12.163148643121522
1824,28.613303328897643
1825,31.518870205563253
1826,34.18379517767608
1827,38.56417302496284
1828,41.98064300893587
1829,39.83622733349146
1830,46.954555370726275
1831,56.44139548235278
1832,53.54251696235419
1833,42.89879016491777
1834,55.26474366132348
1835,14.325180084975687
1836,25.616153396230757
1837,33.95456418651627
1838,34.4117075535982
1839,31.784809305334857
1888,16.17871192247545
1889,21.84020850287083
1890,24.67531566690916
1891,25.54593150061018
1892,28.806162182194782
1893,34.73165602274237
1894,34.33855235473176
1895,30.55161517657554
1896,33.75523236100065
1897,42.349436597850044
1898,52.89698626576026
1899,52.17677260397461
1900,19.503366196267738
1901,29.828969731495206
1902,31.19944362046651
1903,34.606842559618
1921,20.478412607806955
1922,27.67927700099336
1923,33.88041915262035
1924,26.51430128985149
1925,29.24242448270338
1926,39.14540378436173
1927,35.0721534541529
1928,35.98085116446073
1929,44.30931890042408
2057,22.64737425993685
2058,26.19490430352803
2059,27.628467810315023
2060,36.17276500177875
2061,26.126919623628996
2062,27.767469745038508
2063,33.20464369186799
2064,41.93093215803617
2065,46.96096639590933
2066,43.81615490883765
2067,46.4512049164274
2068,50.813094723203875
2139,45.71189771863292
2140,38.138298456044375
2141,41.961476810714956
2142,77.47730978614153
2218,22.89282629522179
2219,37.12471107651925
2220,16.96300332607627
2221,32.849208776078996
2222,38.05115876351667
2223,36.156310341977964
2224,41.674512057048226
2225,41.466472401464614
2226,38.46618052548056
2227,48.93994972624492
2255,36.357806604449095
2256,27.567700566548517
2257,34.32540756723041
2258,26.637182058145754
2259,32.98065212460572
2260,31.31884074077177
2261,39.44188473267489
2262,51.47464413116356
2263,56.72708445701475
2264,46.23979867604341
2265,46.531611538989885
2266,56.11999394211277
2271,30.642805062144987
2272,21.227152473152607
2273,29.91996887589808
2274,35.10851556135078
2287,28.434460906768376
2288,23.388300647603117
2289,26.961204333975328
2290,34.85330807562966
2336,21.396157099376484
2337,27.16188330997551
2338,30.22464440369933
2339,32.31107207042224
2340,36.86814997176067
2341,40.008991153799464
2342,39.71330480595799
2343,48.71614766261574
2344,48.07368123902036
2345,46.26476183914866
2346,48.734806583909744
2347,49.50389286424288
2413,23.33551034258746
2414,30.730794079469312
2415,22.178178131515494
2416,30.012832982530995
2417,32.833052943632836
2418,22.090807430454518
2419,32.58701511914016
2420,32.62153090474505
2437,36.8327526230658
2438,28.52482456831059
2439,46.5942521187698
2440,63.23590617112599
2479,31.854804403587064
2480,33.55062460877249
2481,29.926159964378208
2482,45.35366260769159
2483,25.798655709169225
2484,25.118252679152025
2485,23.824843571028467
2486,24.960684041136336
2487,28.77358474313771
2488,24.28845575899573
2489,40.25295587006583
2490,43.65345113627184
2491,41.81722011745054
2492,32.626289098492464
2493,40.46529572386752
2494,45.71226554685484
2535,43.123819716471935
2536,41.19952615060707
2537,42.1629914526156
2538,57.25451763418485
2539,47.81738100490763
2557,28.377758642952575
2558,22.493002399621954
2559,28.328387756014898
2560,33.50168533227053
2561,38.93959104962393
2562,30.615769954021815
2563,38.065002465369
2564,49.34204030781011
2565,59.874527641093415
2566,49.583277091451144
2567,48.62893374695955
2568,51.223826373050414
2573,33.86217393745855
2574,44.97595711081003
2575,40.13809093799989
2576,43.981054026593824
2577,31.29362421185287
2578,41.62579955951738
2579,45.6664618210458
2580,42.51139417509108
2581,65.53607113163227
2582,51.89034215578597
2583,55.61717095634064
2584,55.335426998499905
2585,21.6694779194972
2586,19.851528492380886
2587,25.064599453375635
2588,20.593037918223523
2589,35.2727079225979
2590,36.66273659025456
2591,47.95006157793283
2592,41.97072972163706
2593,45.29188093119794
2594,33.31616232659678
2595,34.0195529678983
2596,22.283877399493715
2597,37.64126616084414
2598,48.751845612919624
2599,39.79459604557074
2600,48.26805371026953
2601,53.64056906321922
2602,33.6838292993522
2603,42.556175133654136
2604,58.43625315797334
2605,52.69340033581327
2606,16.022009549870894
2607,22.52210211443164
2608,20.96814994746756
2609,28.15736328972679
2610,26.9256636375508
2632,43.429111145371756
2633,39.3477199749844
2634,48.547630876587164
2635,35.45784534458846
2636,27.874717119849393
2637,25.1051842385448
2638,32.629613954579796
2639,31.742623520562745
2640,32.700669985749684
2641,42.94173026226663
2642,63.88155544708583
2643,42.66218131006709
2644,49.182274373569335
2645,68.86476884084689
2646,62.238781771602206
2647,65.89258610401343
2672,15.725145497050388
2673,18.54860161016155
2674,21.808832291746157
2675,26.04548311303584
2676,24.664308254392974
2677,37.63247353397879
2678,35.38940058931621
2679,41.43192332717695
2680,34.07832623433288
2830,27.22240533541681
2831,16.55841939631901
2832,28.12504101865348
2833,22.24028477532285
2834,30.929787954773822
2903,16.36845621048731
2904,17.077945786794288
2905,20.34982751930607
2906,21.771739975165897
2955,33.1893326934463
2956,36.874686892577174
2957,35.51259215139957
2958,26.552385079745434
2959,30.47025919212827
2960,46.40499646445549
2961,41.37765256177911
2962,49.14943449667105
2963,48.521012931899634
2964,28.00143362747266
2965,40.635695341343215
2966,47.42308726791053
2967,36.7596255835242
2968,45.078797462807096
2969,38.99070219969356
2970,48.04953605098044
2971,54.198725815926224
2972,46.69804791632225
2973,55.23553256706
2974,71.28892708996065
2975,50.081050928064556
3006,42.05645701848739
3007,63.18319539728063
3008,41.688199316789
3009,82.84662873739552
3010,48.97861012891746
3011,79.36259013233791
3012,50.84625249556556
3013,50.79951325179942
3014,76.7143460422466
3031,26.822018938582918
3032,23.326877543135872
3033,44.52379334978787
3034,57.342491732628694
3035,33.40102816008044
3036,41.32210738870564
3037,46.46311317637578
3038,44.682584246319614
3167,19.51619649206754
3168,22.776427173652145
3169,26.725778632935253
3170,19.99077535451208
3175,28.97811302700398
3176,34.97635902611991
3177,33.83829716088208
3178,30.08728717869728
3179,36.83736710275596
3180,37.29441010597435
3181,52.369092845463946
3182,49.476431971554675
3183,48.29836898303434
3184,40.92931843313737
3185,77.52582566247018
3186,52.49983712261988
3192,28.8194845717063
3193,25.47381838272612
3194,30.91505663480063
3195,42.23881757869742
3196,36.8870823982278
3197,17.86346994294382
3198,17.45871522400602
3199,32.24189662746228
3200,25.51854439996628
3201,31.652030275699488
3202,33.56534932745137
3203,30.447456018532705
3204,42.94385898793604
3293,31.230647938285703
3294,36.61183649093074
3295,32.41127004946828
3296,42.476607630133486
3297,27.7975319630474
3298,35.01004740716098
3299,43.624106508525905
3300,34.64896358868601
3301,40.71228158477331
3302,38.27252328102633
3303,39.774628088914525
3304,52.23372979947829
3305,46.51157307229121
3306,47.394061098411875
3307,64.20213876863053
3308,42.34329585298246
3309,20.457027209002536
3310,26.9454687226361
3311,32.32599807809396
3312,34.52589674317745
3313,43.29789904885743
3334,19.535725622260898
3335,32.50389090184672
3336,29.04752048792179
3337,26.406328217198713
3338,28.38512172014155
3339,31.31953076432743
3340,30.43051563781361
3341,38.25210081794005
3342,34.874517726588905
3343,64.73613329010455
3344,41.93368091763138
3345,46.55477881345118
3346,61.13548693871949
3347,39.26944815956847
3348,51.01192438275818
3361,23.98136420756805
3362,24.553029628335327
3363,23.183505820619636
3364,33.5083783286979
3393,21.893882693716193
3394,23.890393873589176
3395,27.989220539339147
3396,34.20201374189331
3425,28.995382246893893
3426,31.881725411521245
3427,34.50714823535695
3428,58.911435842321765
3429,43.58359799839853
3430,43.03856957397872
3431,57.692938163143694
3432,50.552247837224186
3472,20.09359849742886
3473,27.156638735075575
3474,23.236373822082257
3475,25.945307881508064
3476,30.756557426810886
3477,43.67682136999376
3478,39.07064048178688
3479,39.734937571528235
3480,43.10470213810515
3481,50.629581594622174
3482,34.26288814643614
3483,46.02906296868271
3521,20.79634917604999
3522,13.797348637474583
3523,19.447194166942776
3524,28.336901579387103
3583,23.6335896100847
3584,20.138448214637663
3585,18.619449200455083
3586,35.891241875632836
3587,34.202518756711626
3588,36.621749944601596
3589,42.01680068176589
3590,54.4233240506409
3591,49.68720241651087
3592,47.99885629887728
3593,39.70076640841244
3594,17.484197671535657
3595,28.889693036476086
3596,27.6818616428628
3597,34.40605261371782
3598,38.352201799834035
3599,16.41245118801435
3600,17.570366383721957
3601,22.795088395643873
3602,22.665981987785475
3603,27.063759066469196
3604,31.024761576679474
3605,30.057059184655728
3606,44.27729291502601
3607,36.996037398457574
3608,36.48311907047895
3609,41.94612724679736
3610,33.220900625143734
3644,18.41965116901499
3645,20.979110021973923
3646,22.13702521768151
3647,18.92918318424104
3648,26.968643561592806
3649,30.24052529410459
3650,32.66215999152383
3651,36.47172257064752
3652,35.30268160214963
3653,44.157716761179756
3654,47.199730927534745
3655,45.43107201570371
3812,27.260697788546512
3813,28.595579677206953
3814,33.091068452841796
3815,32.39727381014364
3816,55.80785494567696
3817,47.196128979545435
3818,32.747114821554014
3819,28.246406167110045
3820,40.95609464697254
3821,38.82919302452056
3822,48.33123442531777
3823,43.789032573057845
3824,42.5757620454247
3825,43.47305832757316
3826,72.52937748291279
3827,46.70038910794766
3828,53.0315676401528
3829,55.921480880580546
3886,28.15460973103957
3887,31.891434733726697
3888,46.73970778815249
3889,33.37574120835781
4051,17.467081999850706
4052,24.53012223749741
4053,26.113160950751272
4054,27.68454861307798
4055,27.004145583060783
4056,22.245284685902092
4057,27.068185282132085
4058,34.40687383085819
4059,29.736926624062658
4060,43.06979465053714
4061,33.91254407600628
4062,36.310627942613635
4128,18.19636392084975
4129,20.893646929348385
4130,28.66911004654793
4131,26.713336463891924
4132,35.75251908280312
4133,26.416597857393267
4134,17.21454818302828
4135,37.543390991127566
4136,46.33990158916259
4137,40.813436263355456
4176,22.201983297766596
4177,25.10487712689315
4178,27.47944722634211
4179,24.114002701343594
4201,43.04174995575757
4202,41.593993644377164
4203,37.42323321998652
4204,36.356161293791175
4205,34.353467694995786
4206,48.38732772907931
4207,85.54487357752181
4228,43.29653573410096
4229,48.10778527940377
4230,38.307544945652886
4231,43.04322554201154
4232,57.82095124941539
4239,23.525075580167858
4240,28.462498230083213
4241,35.525538467729916
4242,29.903962131291934
4249,26.807753623925073
4250,25.001455247735947
4251,27.273614738688316
4252,32.22534840439422
4253,36.71477866333568
4254,35.28749690301668
4255,40.56361136553417
4256,40.86763506893032
4257,32.655959882469595
4258,36.90285972642269
4259,39.722697914603906
4260,46.135443369128986
4270,35.77113629796302
4271,29.59719267205402
4272,37.377645626618765
4273,50.468569855918496
4274,30.583481397170765
4275,51.210889687022274
4276,30.583153688894477
4277,44.183280169221725
4278,34.12049961612562
4279,59.30547123144163
4280,62.12957468035146
4281,40.054560154883056
4282,64.65243046297456
4283,50.24536202707107
4284,55.17394844498243
4285,78.70558579239511
4323,15.310386275440882
4324,27.141005157927584
4325,28.765021187887015
4326,32.45799783913033
4327,34.355338100051696
4328,34.184701257227694
4329,34.462704078214884
4330,69.80072976740576
4331,50.14178711063196
4332,51.40167936373969
4333,37.819825874310176
4362,15.555817345656829
4363,23.469104618396074
4364,24.064072141017697
4365,16.915596395975417
4366,21.026074112652573
4367,38.760948880686584
4368,19.227624327752938
4369,29.65398074137465
4370,34.70042811770986
4371,31.894330749282073
4399,28.584241281799745
4400,38.71694280470361
4401,36.00517346630925
4402,47.78553245650568
4403,80.88031412306513
4425,27.013869375388875
4426,34.77768144166126
4427,48.93375693405857
4428,31.412868755225055
4429,33.26904189149464
4430,31.84551347599179
4431,36.37000051924774
4432,42.64759597772027
4433,49.32470178256406
4434,45.26027783503932
4435,55.50323440914559
4484,17.775751261268415
4485,19.748960339287027
4486,29.052140218350452
4487,33.57534724448798
4545,24.01893162408024
4546,31.081971861726945
4547,18.359571509057538
4548,38.364577275338576
4549,32.88677810069027
4550,42.174664898403265
4551,55.748606193845355
4552,37.86239038451874
4553,49.00361171248576
4554,46.945374063310766
4555,43.23717984891024
4561,14.990066391222667
4562,20.088615298532062
4563,21.097055287772786
4564,18.73946028942485
4698,22.46694392630257
4699,27.14036931606569
4700,32.101634034256456
4701,31.524555629732447
4702,32.07080103982872
4703,33.2642283905376
4704,41.87810046001033
4705,45.634720424929796
4706,36.79366068630622
4707,44.51562522982172
4708,43.82293650457294
4785,21.009800031895907
4786,26.63634345950975
4787,41.298771083178885
4788,28.371031200591432
4828,27.778802009850192
4829,34.71104548994716
4830,22.435352886626927
4831,29.848345886687547
4832,43.538649154941346
4837,11.513538095595054
4838,14.222472155020863
4839,16.218983334893824
4840,46.51036491994586
4891,23.799016742757175
4892,23.233135766425338
4893,27.745434898794425
4894,26.26828180787235
4956,40.41594054153864
4957,57.38862163329678
4958,63.597504955575246
4959,42.07197233968322
4997,21.48620784005244
4998,29.112195750785116
4999,28.96225938980401
5000,29.327141797802057
5001,26.051811964023493
5002,31.46090453598596
5003,31.069252155823044
5004,34.26087801794162
5005,37.26141702138808
5006,32.30358746667771
5007,48.693131284302645
5008,58.71277066407101
5045,13.148293114767853
5046,16.81034521204438
5047,23.298786725677946
5048,25.697119321242837
5085,20.16254143460815
5086,17.37982291871395
5087,18.962861631967815
5088,29.081335393342254
5089,34.317708456191355
5090,33.75466233027484
5091,33.279187141617975
5092,38.097982596193354
5093,37.51064291120128
5094,41.615170370321316
5095,37.23360024329512
5096,43.544515716964824
5097,24.735383246008425
5098,35.38477646245378
5099,28.542382717750062
5100,30.84821365729256
5101,37.04138361233954
5102,37.436215270088894
5103,29.776587800723288
5104,49.796937902695
5257,13.393344973360652
5258,15.952803826319583
5259,20.901877527162114
5260,17.969683804801036
5261,24.05630390274267
5262,25.91499092707593
5263,23.784801814189834
5264,30.559965811561455
5265,29.933998195412727
5266,31.589882692287055
5267,39.094788350508765
5268,41.444721640467186
5372,37.465213671249806
5373,47.836188444741296
5374,70.00159237714654
5375,44.781940567158486
5376,48.036373159514255
5377,51.46405535185721
5378,55.02530936932055
5379,51.309515904652194
5380,55.4057294359777
5381,80.6973015823981
5382,61.955347311979956
5383,66.88600777033903
5419,23.455502266802394
5420,21.22408037306699
5421,28.08332163877742
5422,26.24811944267817
5423,44.53679793968181
5424,30.800289244533452
5425,42.08420698815499
5426,48.910741452135426
5427,62.482002320654246
5428,50.22685524494412
5429,43.611830572586975
5438,35.26199948415929
5439,55.29526622017502
5440,56.64356518958334
5441,59.165123645197276
5454,38.59779798199818
5455,27.910509941046033
5456,31.22402005527197
5457,31.794210670439348
5458,48.638123480517784
5459,56.3673471737705
5460,43.62106653656619
5461,72.82988651395416
5494,23.699211117261644
5495,24.27087653802891
5496,31.373534459382405
5497,26.56017341506716
5498,27.25043359082621
5499,32.03329573861899
5500,32.91158252594241
5501,42.49314349741008
5629,13.065294845617226
5630,19.140263892631687
5631,18.034737345068226
5632,23.834058081003285
5633,33.114258861294246
5634,31.71376664155824
5635,43.417417240625745
5636,38.53144713534879
5637,37.77366075337841
5638,48.81701248155776
5639,43.23495066390659
5640,43.72471201547773
5641,49.80922782183011
5642,44.627838511781164
5643,54.880117399321364
5644,48.51603049129894
5645,11.540402758297203
5646,17.914322218245417
5647,15.407252013430611
5648,23.446712390782388
5649,26.143995399281017
5650,35.71117253849667
5651,32.73024394626114
5652,26.813029176571145
5653,34.185473281508585
5666,36.89542710625969
5667,43.10197296040301
5668,30.935353120308797
5669,39.54698743339121
5670,35.089831979241794
5671,37.22008489576127
5672,50.42548899178077
5673,53.29703573286752
5674,48.94600745305123
5675,47.5950256118591
5676,61.91542382871747
5677,67.40330366000185
5732,21.201584460595413
5733,34.03192558464154
5734,30.548435240121666
5735,30.13590461551034
5736,35.070755751898915
5737,35.65696194862855
5738,38.70099277094562
5739,56.86067930670622
5740,47.78859206162389
5741,39.725757238627985
5742,40.54072351509312
5743,51.89721036695654
5863,41.13423349523369
5864,38.91170962839864
5865,62.024946347260375
5866,59.630651308080644
5867,70.78029672036931
5868,67.99446830045655
5869,75.12435333348373
5870,58.51604539953844
5871,55.28301598419969
5872,60.247397127302165
5873,69.2431355196324
5874,59.685908124414304
5907,29.773621850782373
5908,30.53872697204645
5909,37.88933951765692
5910,68.19896693803592
5911,36.9669563940899
5912,37.3912289948368
5913,37.173146534475265
5914,51.71490671717435
5915,62.42588076147254
5916,59.49379499427957
5917,75.73677733340179
5918,71.59492404970189
5940,30.641246605649215
5941,29.45516949452604
5942,31.596266453011246
5943,28.982288819849863
5944,16.545805667465658
5945,22.33347535247355
5946,27.37376900514709
5947,34.16116093171439
5948,32.35486255552526
5949,34.0143404951007
5950,40.18371812606209
5951,34.65339352959169
5952,40.16508431693591
5953,39.950087280514474
5954,44.39836127066869
5955,69.67418885771602
5980,29.012032569193007
5981,32.08567536181487
5982,16.34934215075331
5983,36.84782141861572
5984,50.25479749160966
5985,32.84931359384474
5986,21.6107289307338
5987,29.864447997750922
5988,37.10725340006737
5989,48.717282920264
5990,38.80159879694291
5991,37.63876867419778
5992,45.35328747434164
5993,44.99619964369762
5994,45.256041426916276
5995,55.31282294788034
5996,62.391704348150334
6001,31.607202050804894
6002,24.590277963159703
6003,23.01052608837216
6004,46.97857648371537
6005,42.85375356998566
6006,37.37081874234696
6007,65.79865245711778
6008,72.99428156867975
6021,25.23176894383439
6022,31.06744272962302
6023,46.617013063902874
6024,46.68860801517528
6025,53.77091291348977
6026,62.04962764499144
6027,50.36738421357392
6028,51.41906208321589
6029,61.30955766328873
6030,72.2511137326384
6031,55.423636872162305
6032,77.3161013567627
6122,35.285097180670725
6123,26.700124625595592
6124,44.60709662377573
6125,34.72602237441449
6261,24.54511148577684
6262,31.745975878963243
6263,45.702212349181295
6264,49.16316060783921
6265,35.46317616093464
6266,41.06710896022589
6267,39.09999706409436
6268,54.752843003907365
6269,42.663621424984385
6270,45.54110564038408
6271,43.12535408044135
6272,42.63621689777907
6313,33.419258236074256
6314,44.41710209942886
6315,49.79212248992524
6316,38.72025668140349
6317,48.72294642391043
6318,39.19349638956301
6319,46.365563920412704
6320,49.98979159616161
6321,15.290057111998022
6322,17.286568291870992
6323,24.050658116583953
6324,26.047169296456914
6325,26.917785130157945
6326,28.351348636944934
6327,29.922736299271627
6328,44.01679692502939
6329,44.17498987917757
6330,45.65934646878252
6331,43.24371322777072
6332,35.01235944370046
6348,13.779174137223778
6349,17.464528336354654
6350,16.232828684178664
6351,21.882674213646858
6352,21.48957054563624
6353,25.301097849379644
6354,22.93185180010454
6355,37.876159460954845
6356,37.62087994848392
6357,42.56995364932644
6388,27.95779689649976
6389,30.942379267004966
6390,22.105060502704784
6391,27.237810901335365
6392,36.6302639614693
6393,31.36898289409048
6394,29.826612859685714
6395,45.25901664880093
6396,35.06185262537705
6397,36.57233230993081
6398,55.05953479493569
6399,43.209879958481054
6462,14.028906082718157
6463,24.399726053317657
6464,31.72676355111659
6465,40.89211927464031
6486,14.878711759242021
6487,25.756212603877994
6488,26.33952907557245
6489,25.521301890015554
6490,37.66252223636318
6491,30.890253156358906
6492,36.52123502988742
6493,40.124955456324734
6494,41.578982074690245
6495,45.11153306293189
6496,48.046642711825534
6497,57.42381046718194
6538,30.32529435307734
6539,27.52176944678294
6540,31.487413768544457
6541,33.344185249222036
6558,28.788786074777637
6559,38.50543842046015
6560,32.75769211252612
6561,38.84093983645483
6562,19.054156043010916
6563,26.392844591737024
6564,22.185280316737135
6565,35.00397038985608
6566,35.430287507952755
6567,35.407627039782085
6568,36.70873320018316
6569,25.197106885141803
6570,41.070096626039
6571,44.033797853764185
6572,50.47016732325223
6573,48.63484288723004
6574,25.217402022234438
6575,30.092108012662713
6576,37.56822208992909
6577,36.15681875942102
6578,44.63456723820677
6579,34.87726816933694
6580,28.280089046453476
6581,23.627933355676024
6582,26.700304903674358
6603,29.063276106053397
6604,33.03592966719086
6605,26.30479281274828
6606,33.96163808254834
6607,32.89887712587051
6608,30.260610910557194
6609,44.56166993205027
6610,33.66194798938332
6611,35.02649611363224
6612,46.38250563799613
6613,41.56094881663927
6614,44.14854447841948
6643,16.149843155421266
6644,22.028732792260165
6645,21.210505606703272
6646,26.87200218709865
6647,32.533498767494
6648,28.337585543421284
6649,28.36960539295695
6650,37.83391152941441
6651,30.81160888898467
6652,30.311388228248383
6653,33.40162485408905
6654,40.00596875601669
6663,29.034414704144933
6664,35.811275142138
6665,32.87071943810595
6666,40.34685847959476
6667,37.12284632813686
6668,50.07349863281731
6669,42.53753883458685
6670,43.26473791555302
6671,43.0466554551915
6672,50.696982684296685
6673,57.09957484547366
6674,40.15584029582867
6675,24.0358523843453
6676,30.37481869151199
6677,23.500790076425897
6678,33.45156391739635
6753,42.06214643395843
6754,53.52781845785787
6755,67.27005501016781
6756,47.60844302311066
6757,32.064126949040684
6758,36.218845974050936
6759,39.38556138560159
6760,42.596354475356186
6768,32.13079003642936
6769,50.37389663035409
6770,52.267297735377355
6771,61.70522760146315
6772,85.07714957077697
6773,63.354367531691096
6774,74.7637149320729
6775,48.114134540890575
6776,55.7143389617423
6777,53.803733805082686
6778,54.56634669280034
6779,56.362579957005494
6788,17.60611065461962
6789,20.027745352038853
6790,22.598855255924956
6791,22.355226794381217
6792,24.076089663174777
6793,26.348249154127142
6794,30.608202077271173
6795,31.03039229157158
6796,38.23125668475797
6797,38.40059404567596
6798,39.77376435028284
6799,46.1605549224053
6842,31.972556462398614
6843,46.81975844971315
6844,42.31206583656669
6845,41.82456096207658
6846,42.04323343128496
6895,30.011186153385104
6896,35.090596230754
6897,28.896550204331312
6898,41.84256745576131
6899,34.48185100827721
6900,37.739495238776755
6901,54.82522908483293
6902,49.799693009741574
6903,53.176818151685985
6904,46.976155116684026
6905,69.03127131352673
6906,58.39236899698197
6907,49.21149810837478
6908,55.97349990368834
6909,53.01224649148867
6910,48.80131802774348
6956,27.974717656764817
6957,35.726878672110026
6958,38.424161680608655
6959,47.18769598844045
6960,52.72585037089041
6961,45.95134456070128
6962,39.6084122778891
6963,60.30848473542533
6972,25.036312512208674
6973,31.524754025842242
6974,12.0894566581546
6975,33.37559577774643
6976,38.44498065922329
6977,36.40479552560174
6978,34.46075736348642
6979,37.55264281264711
6980,42.2660955643208
6981,47.33504440356633
6982,59.535217420154034
6983,47.13029672395292
7052,28.867064875435208
7053,29.074179615294415
7054,36.16485265192018
7055,43.64809141432613
7084,11.533764786469174
7085,13.51862491541497
7086,15.916957510979863
7087,16.799224395608046
7088,24.768778467396793
7089,26.46633923433602
7090,30.852465262092572
7091,38.616277328364944
7092,36.53433064109642
7093,35.71610345553952
7094,40.81465236284892
7095,33.815651824273516
7096,29.586475297583988
7097,35.33492499036968
7098,41.01473976395002
7099,42.95964544545964
7100,49.673668871550944
7101,42.1743560593667
7102,40.933059801614924
7103,37.57963807265132
7104,42.528440225678565
7121,21.11098485123301
7122,29.43542052778824
7123,25.83599618874748
7124,57.81336575885454
7134,54.64149875159899
7135,29.953401150146718
7136,45.707211261296735
7137,64.99373960561813
7199,23.806033926208354
7200,23.826402724816834
7201,40.17909912283172
7202,41.10459150413813
7203,33.444832051448
7204,31.250281163851835
7205,39.01641298417069
7206,40.28434005547653
7207,38.19760084362352
7208,42.853427834326354
7209,45.73639717781079
7210,45.36655399075681
7279,25.86696869828899
7280,16.604526416442525
7281,20.960711269377693
7282,31.082930128064774
7287,26.13098102970784
7288,24.439204707204066
7289,28.825330734960612
7290,24.319710342714004
7291,32.81411957234183
7292,25.14457301143274
7293,40.714807414749984
7294,45.00729979058026
7295,33.959224140116504
7296,46.857022307608446
7297,45.368638754594514
7298,60.475997625723664
7371,13.095194165549733
7372,16.91837252022031
7373,17.36386483637506
7374,23.427182832462353
7375,26.825237669586663
7376,28.522798436525882
7377,33.4718721373684
7378,37.72017400958525
7379,28.057590646945783
7380,33.32767514485694
7381,35.87126720854491
7382,36.008219192355554
7510,42.660398014809815
7511,44.203092884864866
7512,37.96259327644729
7513,41.106880876010884
7514,38.95764936577127
7551,9.14356074427594
7552,12.231014117539331
7553,13.802401779866027
7554,16.62585789297719
7590,24.564897246208954
7591,27.27383130563476
7592,32.234556057404454
7593,27.708319084165126
7594,38.67767891003058
7595,23.49846053531784
7596,30.927073971688987
7597,38.08338821409173
7629,27.63050562012928
7630,27.375226107658357
7631,33.06766621080623
7632,24.11034900332335
7633,38.07097775794426
7634,39.15178836650386
7639,26.043369858150207
7640,32.80745968286317
7641,45.73179394860077
7642,48.46544581353884
7643,53.99512222842678
7644,48.89830528206392
7645,59.392509434364605
7646,67.61414906907001
7647,58.610475992096994
7648,17.423445268877803
7649,21.821222347561523
7650,15.798641948691197
7651,20.046943820908044
7652,24.708718159743988
7653,25.292034631438437
7654,26.288823569752005
7655,43.7489191830984
7656,26.04665874555284
7657,37.62863990894148
7658,41.810840013178186
7659,41.31805952400916
7690,15.885323885453962
7691,21.960292932468427
7692,19.728871038733026
7693,24.877080151974273
7694,19.712744215940884
7695,30.625126354839793
7696,16.94255986706914
7697,39.4506641766634
7698,27.686167377539654
7699,34.54460630967691
7700,52.70757362901206
7701,48.91359197642781
7734,13.329082123082948
7735,18.85275454793861
7736,24.778248388486197
7737,29.310809690163566
7738,32.96422740066593
7739,30.836947229797975
7740,30.36661548773324
7749,12.688170225014483
7750,18.21184264987015
7751,15.279648927509081
7752,23.04346099378146
7753,22.92600563685024
7754,24.623566403789454
7783,20.79655915873649
7784,25.044861030953342
7785,35.347763151576174
7786,21.681193767525613
7787,32.41819890885884
7788,15.458200552843248
7789,21.958293117403976
7790,23.667504935270372
7791,20.310187695363027
7810,33.9486089106841
7811,48.133014527105516
7812,36.652393935548865
7813,42.22245689712726
7814,43.66474222830669
7815,43.99335989190129
7816,42.63502895230653
7817,69.1840705187272
7818,58.25672689455608
7842,24.948246530493922
7843,35.238154016237154
7844,36.54551460410607
7845,37.820093141492116
7878,30.85024306342867
7879,29.530853870558605
7880,41.06336699568992
7881,30.000847193066054
7882,39.983413976673965
7883,35.00444769772564
7884,23.001569104349496
7885,45.211040541947995
7886,42.59751701615497
7887,38.32775714440262
7888,47.385674140649044
7889,47.90713020935483
7895,28.17503579527328
7896,34.376177946900285
7897,23.416992389950604
7898,27.577428995259137
7899,35.53709001779292
7912,14.294245922877273
7913,21.483459265136503
7914,27.144955845531875
7915,28.291219990312293
7916,29.827512291403753
7917,31.92328875934874
7918,36.28780653217317
7919,36.41720492744291
7920,38.47396635857732
7921,40.83083922731535
7922,46.97708471841029
7923,45.67179612087199
7957,30.644404272390624
7958,32.302414829011276
7959,28.50342254737472
7960,32.801019441364446
7961,34.34206387657919
7962,39.5647356025041
7963,44.78784712705689
7964,44.88160711014823
7965,47.47373845074054
7966,59.442935391484085
7967,98.71166885210627
7968,46.98542847553359
7969,46.13361207576229
7970,62.73963573562075
7971,46.69282782970725
7972,47.178856554860076
7973,21.284664237245774
7974,30.510746484976654
7975,20.69348679523314
7976,28.483037644003616
7983,19.18626955877071
7984,18.48256442689918
7985,25.67177776915841
7986,25.818319672379417
8027,39.93715925528266
8028,46.57507597538309
8029,33.75763913737525
8030,46.764618726044574
8031,35.23716997548217
8032,36.733209959620936
8033,37.808870383234115
8034,41.411817418249825
8035,40.52731627520775
8036,42.27622722665507
8037,46.77466049601018
8038,51.42822322141714
8101,25.092194205832655
8102,34.220462361971144
8103,29.109372846775884
8104,30.492451130956216
8105,17.803082108769157
8106,19.37446977109585
8107,20.38290976033657
8108,23.21801692437491
8126,37.99569832529431
8127,33.363444047828736
8128,60.48049919780556
8129,38.36140120653587
8139,32.500517304503504
8140,34.269007836429765
8141,37.82833332176135
8142,18.511760315061444
8143,40.57355420719796
8144,34.44295464440176
8145,36.17359708897012
8146,21.721167104213844
8147,17.53690493106831
8148,26.127661930578885
8149,23.057644052678107
8150,19.107823649596348
8151,22.368054331180964
8152,22.813546647335723
8153,27.199672675092263
8154,27.22004147370074
8162,39.708627980262776
8163,45.08282519865158
8164,31.17947803541915
8165,34.23227291236254
8166,44.7111834424588
8167,47.44114532163425
8168,41.983009933164155
8169,43.178373854000704
8170,63.55737259771771
8171,48.78293184170475
8172,45.726745814539164
8173,68.91687610953441
8203,20.726017011311573
8204,23.411648968883032
8205,29.911741533443763
8206,34.23883254512546
8207,35.48574852402326
8208,37.91515505236724
8209,41.94860656376576
8210,40.075089872602334
8211,58.423632577737834
8212,67.46557883603573
8213,55.1510200660856
8214,55.13353359232747
8215,16.50754615594841
8216,18.641881491361083
8217,26.64638871593134
8218,30.331742915062215
8219,37.50930520639428
8220,36.69107802083739
8221,41.08885509952111
8222,37.74318891054095
8223,43.11738612892974
8224,51.03067340166898
8225,54.71602760079985
8226,46.71730482066504
8305,19.564281934059846
8306,26.76514632724626
8307,27.210638643401012
8308,31.62629933624329
8309,23.833203682128083
8310,37.662678692778144
8343,21.030570125780773
8344,21.17711202900178
8345,21.048005621143396
8346,20.769424006818124
8468,25.61905246466399
8469,34.389658178394
8470,22.594490047800743
8471,32.156740075561906
8472,24.53952932118371
8473,25.97510344357203
8474,38.60458458771566
8475,33.129298407320775
8476,29.154814064851998
8477,45.12964088221281
8478,47.26631578862093
8479,42.6857126368383
8480,69.88099482219441
8481,46.03328869268769
8482,49.38466927991735
8483,58.83797879832818
8536,29.9803141251387
8537,32.63454080860414
8538,39.31075564880176
8539,40.40280816794958
8540,19.946317589319655
8541,24.056795305996804
8542,23.376392275979626
8543,20.593673760085412
8544,23.865555492597196
8545,40.64818137917228
8546,12.401822651103446
8547,27.780004956166422
8548,25.51013678354587
8549,31.284823061408332
8550,38.55935882434527
8551,39.6561018846633
8564,22.637912041691635
8565,27.87428510454073
8566,27.894653903149212
8567,36.54438018583439
8568,56.303804164192314
8569,40.62830644766396
8570,50.429123846416786
8571,62.7426016392344
8572,63.3225385223712
8573,53.36420949879179
8574,59.00588466211506
8575,50.63229135778903
8604,19.802167917207164
8605,27.79502409085026
8606,26.351250922685296
8607,27.69430094899441
8624,21.94900671235535
8625,24.083342047768017
8626,27.7686962468989
8627,25.801271613315716
8677,22.892805330152797
8678,35.43584709219233
8679,34.561492189897486
8680,29.881451656157207
8681,32.035744422483674
8682,32.725323940355985
8683,41.92784427075286
8684,37.780705638088705
8685,27.95048714346489
8686,32.21420465379674
8687,45.83258123661238
8688,41.225497307139705
8732,46.996310524143944
8733,54.04769971086347
8734,41.247264882103345
8735,47.870488195364224
8768,30.53993405938681
8769,33.24886811881262
8770,37.221521679950065
8771,35.50103829313284
8772,41.19833715951618
8773,44.22614269440649
8774,43.63385572901685
8775,30.759833869443256
8776,23.473533968861283
8777,28.572082876170676
8778,25.01098026069009
8840,24.63522934205582
8841,25.793588046119567
8842,31.120152923576075
8843,34.01830534999936
8844,34.36506318687108
8845,43.07112644313045
8846,41.960080383479216
8847,45.60346389974731
8848,43.937947844135834
8849,49.45440677184142
8850,52.18259501905715
8851,49.12273268897468
8852,29.82211846098501
8853,38.27505130495588
8854,49.48654960004744
8855,49.68907747742775
8868,33.720526731830645
8869,44.76656323794956
8870,36.86592632308216
8871,38.60278218835141
8872,41.997161153820166
8873,40.57133172479789
8874,61.84156807742255
8875,55.79250779470181
8876,53.64011611082215
8877,45.970884575659
8878,69.97004533439517
8879,49.37462717747775
8898,46.86874431771784
8899,26.08575026056305
8900,26.16271424732728
8901,37.428163436532486
8902,34.12248749866251
8903,32.74980905599119
8904,35.88753580767569
8905,35.74074728105985
8906,30.80835015628058
8907,50.16355775001157
8908,43.88668873801579
8965,30.79335157524005
8966,28.13680616395838
8967,30.656374107573797
8968,33.707188852832736
9070,25.986311063440002
9071,33.21181116524428
9072,29.49684467806815
9073,35.561695561516025
9074,27.8827252384765
9087,23.2150633106166
9088,34.6742087148061
9089,42.03974696584575
9090,14.8213722897213
9091,22.72375981161603
9092,29.78680004926273
9093,30.232292365417493
9094,14.403740368542257
9095,19.444089936457647
9096,32.46303612537667
9097,31.00279223562959
9155,25.959003326509443
9156,20.07424708317881
9157,27.311074613306463
9158,29.018772447486285
9159,42.252970804406395
9160,41.06691200132384
9161,37.201649118280514
9162,44.78738432185063
9163,43.60693477285512
9164,45.87344202768587
9165,38.250257349042656
9166,50.15376453246526
9167,29.179163682846266
9168,30.950157366638557
9169,34.04597831119072
9170,30.233355064644677
9171,54.92967251921243
9172,44.65941095504526
9173,59.07294977238723
9195,21.562337189619537
9196,20.307335435589202
9197,27.783848139855017
9198,29.883230322486156
9282,37.85216465167778
9283,29.92428465628609
9284,38.159104927101865
9285,43.3504840886546
9286,40.05352158944578
9287,43.05639696858408
9288,42.66297024792716
9313,19.003773830092207
9314,25.64169055019264
9315,27.35090236805903
9316,26.792986964080534
9359,32.32163699447124
9360,45.140327067590185
9361,52.97261538515855
9362,35.12100146134935
9363,23.737701576534384
9364,31.903335058498676
9365,43.03570866358985
9366,64.9581625102334
9367,70.56433346757402
9368,34.12768005897113
9369,35.14517455347882
9370,46.30950683664673
9371,31.722701230091317
9372,59.20382693773273
9373,42.290656996388705
9374,52.222822674944524
9375,42.313357695543814
9376,29.851902373715458
9377,46.21206019119054
9378,65.65029837743468
9379,40.360529037070805
9380,28.531385604576904
9381,33.572418480710475
9382,31.508209085729952
9383,36.64685394369051
9384,33.126906032138855
9385,33.574464005260566
9386,33.96626696549934
9387,31.847363474310576
9388,38.815760459812736
9389,36.02343845818311
9390,51.36716608547289
9391,47.3818360989316
9392,29.197747683431796
9393,19.93530540158534
9394,26.588192121286404
9395,27.638835117500843
9396,40.132538304857874
9397,31.17153588334607
9398,38.23916685299341
9399,50.10107717154869
9400,47.85309640410491
9401,44.64246363723854
9402,44.848390175824846
9403,35.18725810797368
9502,27.354539388118937
9503,20.34388779861637
9504,27.522300576840504
9505,28.195609901640534
9506,31.036951579412282
9507,38.29981064364454
9508,37.310110000361824
9509,19.760860328963144
9510,34.87811240973363
9511,34.689819821656535
9512,33.68378097685397
9513,30.56702706196808
9514,30.25136249413934
9515,31.703393254513536
9516,27.149913682932294
9517,38.583225668643934
9518,39.21284974738981
9519,32.99580041036022
9520,36.455568511889695
9521,31.88961474834662
9522,38.109947076664724
9543,46.86022866880861
9544,44.71678196191931
9545,43.366068403285354
9546,40.026914147499376
9547,46.8051134917572
9548,36.2041788258656
9549,44.29255007738597
9550,42.58553758444158
9551,52.42051867234282
9552,58.980284445896984
9553,42.986760180747126
9554,38.604999174841566
9724,29.284917924547425
9725,26.077075891106954
9726,35.52973097663723
9727,31.243637991787406
9728,28.139431007973617
9729,29.086091843687505
9730,34.830874227926394
9731,30.785350058336135
9732,33.90318615321204
9733,36.6424745740738
9734,40.158523467530436
9735,42.44919146389693
9778,27.609371385887904
9779,29.61255966063913
9780,33.99699116705495
9781,35.055971485379686
9826,31.895891527925784
9827,36.83053476837903
9828,29.404210473475956
9829,35.669394033571734
9830,38.23592069297734
9831,38.008091549466705
9832,39.36049827227065
9833,43.60373481736259
9834,41.633257101295634
9835,43.25772096276421
9836,52.533714591616715
9837,47.78252169249029
9850,21.280475937885747
9851,32.104599158073434
9852,38.66327317697232
9853,39.77822182552612
9854,40.714701066093575
9855,40.25905204177899
9856,44.17018952844222
9857,45.561303420846485
9858,48.86030863518414
9859,24.20455440204671
9860,28.759530662918742
9861,33.95573611840515
9862,34.836947763637795
9863,33.59687141377467
9945,25.95364117258993
9946,59.91778459388193
9947,32.02956676731294
9948,41.19274191257076
9949,33.77773891883293
9950,49.58395956602524
9951,80.93944294754911
9952,48.111577931360344
9953,46.82282797357435
9954,46.473080789399404
9955,51.81618465979806
10058,18.053403248573186
10059,32.85988675388377
10060,30.352816549068987
10061,29.95971288105835
10062,36.1485566459595
10063,33.74434195302486
10064,33.19887748637373
10065,38.8734749321576
10066,53.00147262800963
10067,45.31364972575982
10068,46.0756643313003
10069,54.616480001819205
10070,36.735411641328454
10071,34.434271364610616
10072,41.16828972965534
10073,51.400173760359394
10074,46.05458273966533
10145,24.812250913277193
10146,20.344457453855867
10147,33.721526724242416
10148,31.74226553139316
10149,42.47010127366469
10186,37.115993328837945
10187,27.164430269292986
10188,41.407966101517616
10189,43.37526671377799
10190,33.054906268714035
10191,37.91982002097358
10192,59.61384914983552
10193,56.277103434387186
10194,41.8037793894146
10206,30.75376455498253
10207,29.050648526669544
10208,29.990930990026733
10209,33.74797887991438
10210,32.2666360617198
10211,36.476575988811426
10212,35.1784599311634
10213,38.176205944625366
10214,62.03073934203477
10215,49.254956244992314
10239,31.412032249955697
10240,34.1209663093815
10241,32.93328592207086
10242,33.25730999688681
10271,25.415405949089294
10272,21.219492725016572
10273,28.707656480209554
10274,33.51890602551237
10275,28.059273299728016
10276,38.95005996692204
10277,38.683994532171134
10278,27.522956141392413
10279,47.409692164661536
10280,46.39353877666636
10281,46.69093565462961
10282,53.67730734735966
10283,17.3606178655848
10284,23.27446065520523
10285,31.325572083484175
10286,30.72464957299454
10310,40.37018580742283
10311,40.11915646581425
10312,35.236586032020405
10313,27.88260815577179
10314,39.71624752892595
10315,58.403786336167
10316,44.83006294350793
10317,41.66742375609523
10318,49.417281002494654
10319,62.52224408246751
10320,54.347620850455655
10321,51.47133907361241
10322,22.764362313485243
10323,30.101003221811908
10324,44.117785108704446
10325,35.70156998726486
10326,38.446001487826166
10327,28.543037083630754
10328,27.161862224987885
10329,34.74571134791981
10330,31.77412541058144
10331,36.56233864506055
10332,29.294299642738636
10333,32.252665231974795
10334,54.06791856348782
10335,33.58283504753389
10413,26.28246034052674
10414,40.6521692773639
10415,35.215327097934114
10416,40.03567866115489
10477,28.32514684360205
10478,30.735130490094118
10479,30.37242652282952
10480,35.8761252068135
10481,52.06531344075239
10545,20.829267653819567
10546,19.75100359997569
10547,29.790653324443383
10548,30.027090385825773
10549,32.533213642708795
10550,44.619916838706274
10551,35.77081031814842
10552,65.41685408838865
10553,42.35877833053341
10554,36.778787430770016
10555,43.16948178829708
10556,52.090613372932175
10634,35.18030904673596
10635,27.915947705840487
10636,39.846447431060284
10637,48.57797180159693
10638,36.974739805051456
10639,37.99531733921409
10640,62.019128428384676
10641,60.332510357134154
10677,24.249846643201966
10678,21.317652920840892
10679,23.321228726728656
10680,26.37222487392844
10681,27.734155836826147
10682,36.7051079161064
10683,20.783416144071236
10684,39.809294390090415
10685,34.472201094809485
10686,43.698754432127174
10687,36.17250782615941
10688,49.63242306071017
10689,34.384213493826614
10690,36.502100489421025
10691,64.75935190619708
10692,40.20730979828919
10699,22.8106330968697
10700,29.928588536902392
10701,35.5972434663504
10702,34.81081442114928
10703,37.380102120965645
10704,38.186265632767515
10705,41.98277176389065
10706,50.094493436568264
10707,48.49299675049711
10708,43.56066203568898
10709,51.00364991269708
10710,48.21355549945349
10772,27.902360422605373
10773,31.810141670592397
10774,32.62907830142982
10775,38.58347287656843
10776,40.179670699653265
10777,41.640815282849104
10778,36.4776903359662
10779,44.84618727840738
10780,58.17367849503786
10781,67.90756404526434
10782,44.93352735387754
10783,53.23114415343689
10793,15.749457186714059
10794,21.249827509715374
10795,29.289287887067154
10796,33.93941117497593
10797,31.097077947342186
10824,42.113456439921336
10825,36.9575634147543
10826,30.438125304185974
10827,30.909581079392126
10828,37.28852495746804
10829,51.80837227224001
10830,61.376545120528775
10883,15.076877529530808
10884,20.4510747479196
10885,22.711583187944786
10886,29.211675752505524
10934,26.70079762237734
10935,26.02039459236015
10936,23.513324387545353
10937,20.216323008583174
10938,30.529792099024537
10939,32.51307770939667
10940,34.06805871576415
10941,33.27159726894364
10942,40.17352803132181
10943,36.766715745138484
10944,25.609819691888333
10945,43.554593329260726
11128,26.07036771345339
11129,16.797563454260697
11130,37.43534986348722
11131,34.07770612132906
11132,46.2802907010216
11133,35.01949539795509
11134,35.837067848965205
11135,58.7004443720939
11136,40.150589851781255
11137,52.766756642350735
11138,40.69813495432727
11139,42.04459368336814
11189,24.95850280413131
11190,34.00360170795317
11191,30.526878980065625
11192,38.03536990364934
11193,38.714321842488694
11194,38.50776332504038
11195,43.07400591758601
11196,40.410106702716455
11197,42.32506863809013
11198,47.811579161996335
11199,43.63828392979424
11200,57.49266123773321
11236,16.522503565611316
11237,17.783289764077093
11238,27.22429379868021
11239,29.05967872115913
11240,31.32018716118433
11261,18.608283396648787
11262,18.892649455409487
11263,25.50726407365558
11264,27.763370381352818
11361,44.42131901989483
11362,42.49824066159443
11363,60.46565449989453
11364,35.76705596033092
11412,13.300572030709574
11413,21.914631132074497
11414,22.923071121315218
11415,22.667791608844297
11416,32.26992190084146
11417,33.15333773903183
11418,23.8339334269875
11419,28.777195118131665
11420,41.05756835654112
11421,40.28663036257529
11422,49.08825185217451
11423,48.25568535361184
11424,14.66578880701355
11425,19.7410356124686
11426,22.552840674652597
11427,30.167177534458094
11428,26.518421893906346
11429,35.43653995087365
11430,41.97898404082305
11431,39.224661480075596
11432,38.23882155753281
11466,18.62216403400778
11467,21.46892224897329
11468,27.796237505212808
11469,26.70236200857652
11470,29.369243430486197
11471,27.34121918558183
11472,29.668637938340453
11473,38.749183954099266
11474,34.50185761489474
11475,38.036593759498416
11476,43.29702686222743
11494,28.410692191988765
11495,32.180304719215535
11496,34.7176413438677
11497,31.68433897823203
11539,27.941425004921147
11540,22.97793211579348
11541,37.58975485073203
11542,28.440042272193054
11543,32.81717972372224
11641,13.949423726863088
11642,16.50888257982202
11643,16.391427222890812
11644,21.064852612653937
11645,24.037783932231964
11646,26.17211926764464
11647,26.89325989487878
11648,27.901699884119513
11649,31.17358161663129
11650,35.51310344067915
11651,45.66653035483512
11652,43.72240782310628
11757,33.694040611289694
11758,14.873138937908896
11759,37.974362333042194
11760,27.586024705023803
11761,33.70991357693189
11762,53.26359222365484
11763,46.98392207275183
11814,35.49801354196721
11815,30.903420894914003
11816,31.64545519158587
11817,37.504495591535516
11818,42.066245400560646
11819,41.83071512009157
11820,19.622680434245947
11821,32.85174626456623
11822,39.92776536460129
11823,42.70901136549185
11833,13.84010966369676
11834,14.72237654832495
11835,16.71888772819792
11836,18.853223063610574
11837,22.113453745195194
11838,22.42112190581024
11839,30.322758127622315
11840,31.618497478869614
11841,33.752832814282286
11842,36.28898956538687
11843,43.48985395857329
11844,48.42366311628742
11995,11.700898639505068
11996,13.146113197219222
11997,14.8669760660128
11998,16.587838934806356
12009,31.125999105997202
12010,26.65443757084508
12011,50.54206272087163
12012,42.55130751475998
12013,66.12055038032275
12014,53.33502359022968
12015,37.922441843751464
12016,40.19643870554513
12017,55.03895085696042
12018,42.79676746703173
12019,67.6399429088513
12020,61.11342876649612
12032,37.194485457437885
12033,42.5570316248995
12034,41.82931508415536
12035,37.3841577783157
12036,45.446165329363595
12047,26.214906630906597
12048,29.60131041710373
12049,23.961990292001797
12050,38.64330494567743
12051,40.785555886546966
12106,46.444275587554515
12107,47.464366627722406
12108,40.73366171196661
12109,44.659701885573405
12110,80.36319985628846
12111,48.56001889367079
12112,53.522859371897624
12113,63.52782848130626
12114,82.53296275701085
12115,66.30325212618392
12116,27.960831553730113
12117,34.46092411829085
12118,47.469652150006034
12119,34.788235363989266
12120,43.3107752676291
12121,51.01729408915295
12122,37.321931329266164
12123,38.6130683634628
12124,39.93670171935663
12125,62.2790657767178
12126,62.49716820454904
12127,44.07567028209347
12132,49.88349266878201
12133,36.39986606710117
12134,39.40960176640279
12135,46.41966933571173
12186,27.899083694703215
12187,17.80915477390079
12188,36.89489055677246
12189,29.275433746936976
12190,35.7948255026359
12191,41.23354510018976
12192,35.825167961251985
12193,39.03918196088674
12194,46.39029601205766
12195,41.83448511108952
12196,47.37664513960257
12197,50.00003716883947
12210,33.57035876089679
12211,24.571913739202554
12212,15.730188696964742
12213,30.352531285890947
12233,17.52243578985723
12234,20.219718798355874
12235,22.779177651314807
12236,29.980042044501204
12237,32.22080392461497
12238,39.55192643329615
12239,35.1018680051834
12240,37.191051971556114
12241,39.642826090040074
12242,39.87578590705837
12243,41.976907531790225
12244,45.0890427751833
12245,46.358168027443504
12246,47.05416798701689
12247,43.52630055328004
12248,43.608345732427395
12249,47.67962404997246
12250,47.90495507969017
12251,56.908836617103745
12252,47.73154346601758
12253,48.3972175529896
12254,46.219849255957016
12255,46.78896883476715
12256,52.21344327935016
12269,34.4964324736079
12270,44.54053691192932
12271,42.20734075528997
12272,43.948188920951225
12273,44.93560913415804
12274,41.93619884194746
12275,47.30910517680917
12276,46.1216433723729
12277,57.62685045854616
12278,62.024970581054916
12279,56.218042127859775
12280,72.72129228817607
12307,18.091242794717413
12308,19.375331095037538
12309,21.084542912903935
12310,28.57640760006676
12311,29.392727859578805
12312,34.444466678557205
12313,32.843452012169095
12314,57.01537115389615
12315,44.66915953064201
12316,43.55366151378348
12317,39.617374068239656
12318,50.95993980811694
12363,21.46595546669508
12364,20.773901385750708
12365,28.100938883549652
12366,16.54871115320924
12367,30.971249903321386
12391,32.47296761329584
12392,39.01674315288007
12393,36.02253182072426
12394,36.943729604407
12395,41.150926945969545
12396,40.833192555867754
12397,47.024577456089546
12425,30.59644729576629
12426,46.181608149144985
12427,38.7101750938271
12428,44.42888261883764
12429,53.35608485780536
12430,47.47792862904648
12431,54.31151809098604
12432,47.91046834032598
12441,20.143175639549046
12442,30.859550226790976
12443,28.700967559754563
12444,21.28313871899918
12445,34.58675521547437
12446,24.344300237339418
12447,33.75975827076033
12448,37.33089520024734
12449,37.197546149163614
12450,48.648477243104736
12451,45.68485490213833
12452,72.43088265303332
12514,16.1567120750048
12515,19.117992343655665
12516,19.988608177356692
12517,23.536138220947866
12518,22.44226272431158
12519,40.2221622744895
12520,34.187930824691996
12521,32.111794984001406
12522,46.81586538968056
12523,52.22593879344998
12524,70.35298696842102
12525,44.62901953224042
12526,59.41030798192214
12527,49.020145422536416
12528,50.509538518691116
12667,30.118670058550286
12668,31.611940776436146
12669,35.79961698520151
12670,33.7648236292812
12671,45.271217783865374
12672,52.758280160525366
12673,40.35271196058403
12674,66.63887869587558
12675,61.41717657519609
12676,54.918237416965624
12677,51.40015516006257
12678,50.16680334482341
12711,33.45667663795744
12712,26.153254053092557
12713,35.5168133503134
12714,39.83387464731992
12715,41.716548989931
12716,36.535325290364085
12717,30.512744891493753
12718,37.288485767133885
12719,31.56281518454464
12720,35.89295707211135
12721,35.43067246517075
12722,61.0670865209189
12723,51.63406748093527
12724,44.557470223553395
12725,52.23402340743424
12726,49.044248141577704
12727,46.545465022637245
12733,19.84363560417899
12734,22.127446146058517
12735,28.76536286615896
12736,27.947135680602067
12737,36.12442021349355
12738,34.3181218373044
12739,31.860752404777767
12740,47.70407267075733
12741,42.30099677005364
12754,29.82612195227482
12755,29.283543077797336
12756,28.365117949487036
12757,21.720824161588304
12777,18.02530967544505
12778,22.59900188909652
12779,23.36249010789904
12780,22.251770469015163
12781,30.21000187898299
12782,25.690702061845204
12783,32.399461566688764
12784,27.50257891489349
12785,34.97840872347467
12786,33.91248502469892
12800,34.203407222839004
12801,30.209684116673913
12802,35.45493413646407
12803,37.97978149243805
12804,41.419689677381626
12805,37.93858549277782
12806,42.53024156191746
12807,60.895877233363336
12808,45.721427829873335
12809,61.40281348304238
12826,23.639008011416898
12827,17.892075923625967
12828,19.325639430412966
12829,29.05394282702266
12853,16.01343937559966
12854,22.903702304925147
12855,34.73432118741186
12856,36.282406747884195
12857,37.29084673712492
12858,48.813453888204634
12859,49.318047313717834
12860,39.288127132873484
12861,40.35150546987575
12862,48.33669502533758
12863,45.275835014060576
12864,41.06621762391538
12865,66.10592358704041
12866,69.48255275876978
12867,53.48000438947339
12868,59.72230610495532
12875,22.36620550308319
12876,25.18966161619435
12877,20.443816896241913
12878,32.109996000327726
12879,43.88750611852377
12880,35.977615896039495
12881,44.23487316493889
12882,42.14310340256961
12883,39.99923063299582
12884,69.88061539947685
12916,19.02425901405648
12917,30.355644874272006
12918,30.328662797383423
12919,35.29276721581162
12920,40.95006321911394
12933,17.796926249259666
12934,17.541646736788746
12935,19.11303439911544
12936,27.680489296771675
12937,37.42044374430853
12938,34.537230399736124
12939,34.363520584916216
12940,39.57400486420093
12941,43.068526912423835
12942,40.35261540548042
12943,37.722262780010254
13020,28.228817464552005
13021,27.29017441081273
13022,31.41492118769542
13023,38.158610431866
13024,44.00378059106381
13025,69.26605006595693
13026,41.01810582599895
13027,42.41011836295616
13028,56.493460695310404
13029,62.54545547067383
13030,57.05786275552143
13031,45.21241128822219
13032,75.39086144104559
13033,58.61173079439453
13034,41.020204597640856
13039,15.498484705654844
13040,24.388192118099173
13041,31.31340820020618
13042,32.73532065606599
13043,30.802849175264335
13044,31.94911332004476
13065,19.048343358788948
13066,27.052850583359216
13067,33.39181689052591
13068,27.794360009201846
13069,35.98329559302049
13070,36.428787909175256
13071,35.985700909002006
13072,37.82073466223513
13073,34.91800381463299
13074,50.366000415527346
13075,47.00693522948319
13076,61.869063637497824
13077,19.434315320844018
13078,20.844576725776662
13079,25.35687585814575
13080,37.18749474063243
13081,33.13153774576284
13134,14.533972247115694
13135,20.447815036736117
13136,29.62482181118701
13137,26.428257015480963
13162,21.71037737722836
13163,24.694959747733574
13164,21.19981835228652
13165,26.011067897589353
13166,34.0621793258683
13167,57.903444888946936
13168,34.83299564506889
13169,44.59089519402721
13170,40.048069111758814
13171,49.57062198095828
13172,68.04152897300958
13173,54.41206035336087
13195,36.918688454364165
13196,29.23636092071283
13197,31.599486319062684
13198,30.384752997333806
13199,32.94839793291176
13200,37.27934372056267
13201,37.73384788133785
13202,41.222177814280656
13203,40.16750538994461
13204,47.16083771558981
13205,45.81292068943681
13206,57.42836052891068
13219,25.198120830890193
13220,19.58901289863896
13221,27.36447601583851
13222,26.32289993144082
13223,32.41067142981969
13224,33.82569313897928
13225,52.53080133635705
13226,41.780759525857285
13227,45.788260449653336
13252,30.94487710548453
13253,19.005520613747922
13254,19.025889412356403
13255,31.994054691942218
13256,35.334920137803906
13257,31.003472819031188
13258,53.66900936995969
13259,47.49342599320406
13260,49.58966937348919
13261,38.733189811617535
13262,60.948246757735504
13263,53.37630018583384
13294,34.63041271826098
13295,33.699710409353
13296,49.047120938113636
13297,41.59604387730748
13298,43.11473615749688
13299,54.16293779956112
13300,39.057447964029876
13301,43.488725582368495
13302,46.000993354520006
13303,57.05562883895324
13304,55.042086169369924
13305,67.28633603374023
13332,42.85268226335747
13333,32.2566908771182
13334,43.49954779074891
13335,57.40913909831336
13336,36.139437192732146
13337,39.443082142196275
13338,54.82630118401071
13339,54.183095206102905
13340,47.0151928389358
13341,48.20071370504843
13342,69.59500454347024
13343,48.80362760770851
13344,12.573376469823758
13345,14.569887649696728
13346,17.267170658195354
13347,22.216244359037884
13348,29.681106012376517
13349,32.94133669396112
13507,14.665199184577236
13508,20.441217818657957
13509,13.077604788203871
13510,31.11918712142042
13564,46.71326538986356
13565,35.624155933219484
13566,32.85413933808037
13567,47.78152140684542
13568,35.07045028620662
13569,51.63607591442317
13570,39.53620211130326
13571,50.77425322114798
13572,75.55913557119422
13573,45.41829382440635
13574,64.2090723930463
13575,55.92376530856693
13674,19.218086009879816
13675,17.41178763369069
13676,24.463176820410208
13677,25.47161680965094
13720,19.42588365547712
13721,15.505618742483803
13722,24.53315031046782
13723,20.900184759481082
13724,14.495789525683943
13725,25.499463474932448
13726,26.37007930863347
13727,34.799935340267986
13728,53.87342335871669
13729,28.951496043024044
13730,32.36120193107552
13731,38.91231205248699
13732,58.96898328542645
13750,22.13265813966892
13751,32.77742126905509
13752,25.719065487282705
13753,27.662592103605327
13754,44.18627351074829
13755,33.25259315220085
13756,34.769180279739395
13757,34.88147628458356
13758,55.461846905169935
13759,49.54744362304162
13760,41.335234481956654
13761,44.64204541958979
13867,28.937574442245065
13868,24.096437056165126
13869,32.22771576280287
13870,33.122106843196825
13871,35.07482944955634
13872,37.40083171215317
13873,40.060286632118874
13874,33.56480443552718
13875,60.688297196509325
13876,40.45740420215473
13877,66.74092839877234
13878,45.28500080013598
13896,34.74094075147416
13897,30.70177843840067
13898,39.84997839665493
13899,36.2447346608097
13918,21.829471579570853
13919,30.44353068093577
13920,48.84392571284468
13921,35.362866366383315
13922,50.344260091489346
13923,42.12333896408167
13924,41.3448586882489
13925,37.15311197299094
13926,45.92576079805414
13927,46.266426587681835
13928,52.70184548124516
13929,60.28045361448804
13946,18.210756962432917
13947,30.478150413393053
13948,23.892622341436756
13949,28.42822357566017
13950,31.975753619251353
13951,31.799182673369234
13952,35.13100703743585
14097,28.16789454692847
14098,25.02164319386727
14099,35.732824689788785
14100,36.3418422099009
14219,27.10999489620126
14220,26.705240177263473
14221,34.82557452024509
14222,30.969677325724085
14325,32.363093101095075
14326,51.367457351776366
14327,34.77568871257412
14328,40.23485407809624
14329,45.159471525803944
14330,41.73875679972444
14331,60.72108164079802
14332,45.915894054202624
14333,40.45270133698363
14384,16.348352529124245
14385,20.17153088379483
14386,24.23540439676329
14387,25.932965163702512
14388,33.98407659198146
14389,32.942305431958914
14390,35.842245132817226
14391,40.78546603054217
14392,38.65051296662527
14393,38.43643566079031
14394,48.34921199476747
14395,37.61715263488409
14396,21.625133196561798
14397,43.813512454416326
14398,59.70558095115981
14399,58.128093530739534
14400,15.908394611426138
14401,19.432622553162975
14402,23.39362506337325
14403,25.516309347858744
14404,30.75268241070784
14405,32.59971838411393
14406,29.655873610825694
14407,33.6407935723393
14408,52.05338033611182
14409,39.69443080669397
14410,42.538577493206766
14468,21.62883509200478
14469,33.89622854296493
14470,28.85680225691824
14471,34.84294682029395
14472,34.837750651084846
14473,32.12977498459527
14474,34.66700533860904
14475,46.09156109562111
14476,42.30283565115948
14477,48.99908790443048
14478,42.96251941078825
14479,42.51993339693344
14498,14.453270320764801
14499,15.886833827551794
14500,17.458221489878493
14501,20.419501758529357
14502,24.380504268739635
14503,23.975749549801836
14504,27.247631282313616
14505,29.94491429081226
14506,36.45665790630017
14507,28.883058643711625
14508,40.012905697572656
14509,36.1042918355065
14510,17.725958242659352
14511,19.58464526699262
14512,25.08501558999394
14513,23.14089305826511
14514,21.334594682075977
14515,32.06262032024509
14516,20.590233269315238
14517,37.12129980518614
14518,28.96317583853306
14519,33.81118002369655
14520,36.275344164497895
14521,37.79931877443585
14535,17.306842320754928
14536,18.866578932154457
14537,24.654248617162352
14538,32.54423378804725
14539,35.773358826841545
14540,32.11168520598804
14541,33.27330827001624
14542,44.947478107956194
14543,45.06149761544737
14544,37.033729047955546
14545,39.14284968668542
14546,43.53255842525064
14547,11.954085207602809
14548,36.744151621994014
14549,26.876098800444474
14550,37.44955794874687
14551,37.418699867626955
14552,37.351748078808086
14553,49.034095686794366
14554,47.54920957901497
14555,45.00140229703658
14556,58.38163205605598
14557,49.558576261834936
14558,60.080301714927145
14563,52.19356907013328
14564,43.63942382255359
14565,41.52107287271633
14566,43.617987348049674
14567,49.0627634751809
14568,52.34878574654637
14591,13.300423338715264
14592,23.878973770417502
14593,34.00999250045503
14594,54.173494832281214
14602,36.50749725927818
14603,47.87805118627935
14604,37.55326912335928
14605,36.21022193832121
14639,20.026695700937236
14640,20.472188017091995
14641,19.079362107521945
14642,29.48049275739895
14663,13.973571653265829
14664,24.97724560251433
14665,31.0522146495288
14666,21.80142341860952
14667,18.199462624475984
14668,30.802741227350992
14669,45.182717296223885
14670,39.55229668087784
14671,44.41734540150813
14672,44.17572390971645
14673,44.71675166362844
14674,50.05059294698577
14675,49.79907991771567
14676,33.64344140329787
14677,39.073867721544204
14678,60.836396582301006
14679,37.6552833270854
14680,36.953734767706834
14681,42.54386722471995
14682,43.7936520033505
14694,43.635384781349195
14695,31.866601930486365
14696,32.28628094245461
14697,49.64219105633146
14794,18.613274437291
14795,16.287009367877786
14796,35.074667214605995
14797,31.590582901472587
14831,11.756273394580584
14832,12.776364434748482
14833,18.150561653137277
14834,19.422998902530228
14835,23.06174889795242
14836,30.68773680868509
14837,36.48705754462016
14838,47.62855564940836
14839,37.709791025034555
14861,41.47408203327966
14862,34.463430443777085
14863,29.843613142316904
14864,34.81263262604493
14865,39.05371462943855
14866,34.59755565821065
14867,32.7403027422846
14868,42.54115964618531
14869,51.60651528394384
14870,42.21735058004324
14871,44.49030246987565
14872,50.89551968767658
14873,33.13981684201831
14874,36.150677134645385
14875,40.660230603165246
14876,48.73326162975513
14877,17.478230401517013
14878,19.336917425850267
14879,23.585219298067134
14880,23.904538509609345
14881,23.924907308217826
14882,32.802963669734964
14977,12.646091950537354
14978,17.032217978293904
14979,17.615534449988353
14980,19.32474626785475
14981,28.35227783583877
14982,24.305839818232922
14983,24.75133213438768
14984,31.814372372034384
14985,36.20049839979093
14986,40.023676754461505
14987,40.76832917140658
14988,37.57221828097147
15001,31.964129267102464
15002,31.74604680674092
15003,40.303375147034444
15004,39.811641665362
15005,40.4522525913775
15006,54.9971883864782
15007,41.53629616432494
15008,65.18339666988756
15009,39.88109854994151
15010,50.11503981570453
15011,33.7863318697489
15012,22.65061820939614
15013,33.69189217629954
15014,31.419301200411358
15015,37.790429041608284
15016,57.11194024423217
15017,69.72922782995289
15018,45.21292287701243
15019,61.81434946197754
15020,69.66904015107217
15021,50.41921052182996
15022,62.65547660941172
15039,22.238042814764317
15040,33.274846942903345
15041,32.59191105818709
15042,26.43507838829394
15043,33.82353631749349
15044,40.35728280941089
15045,43.41880013809083
15120,42.774813770669155
15121,40.716988393397145
15122,48.30080836397629
15123,37.471958668918425
15136,25.93723914420854
15137,39.054879630261226
15138,26.629565868667576
15139,18.584124869112042
15140,30.858969801339452
15141,33.776817217748636
15186,16.46735975829129
15187,17.487450798459186
15188,16.807047768441997
15189,28.373669390776474
15190,29.508282484629728
15191,27.701984108440588
15192,28.088792698865056
15193,28.348192069834997
15194,34.46085148154665
15216,28.03828998605441
15217,34.06720230466735
15218,38.96722934894072
15219,43.561932894581744
15220,23.767907819657974
15221,31.688635354056697
15222,50.873089036598174
15223,30.62387458342455
15224,30.950589503188798
15225,39.98301437909357
15226,36.39922648154807
15227,30.685084556458126
15228,35.528312275487956
15229,29.30949892700752
15230,43.87347214524057
15231,32.93510178642008
15232,18.452523427358987
15233,24.63367599067597
15234,33.36022453996574
15235,30.50407474394633
15236,37.083389739359994
15237,17.40032615486291
15238,39.713216894401214
15239,41.71499881315705
15240,47.037699825034395
15241,48.558408082939835
15242,46.62918298779026
15243,58.972616887184344
15260,28.029082395904354
15261,26.773477571881486
15262,39.23769180324897
15263,29.340361947799444
15264,39.72102363962021
15265,58.26672110652278
15266,45.47206139508566
15267,67.05246855517495
15268,42.324677113265416
15269,43.75218888112901
15270,53.328569021105494
15271,46.03058781005621
15281,16.42383096556283
15282,28.55340026098327
15283,26.33362941817504
15284,25.505156418033252
15285,27.037401542946792
15286,28.81143806532178
15287,32.362330147009416
15288,41.81282625953246
15289,26.871495755492383
15290,35.72812059478713
15291,39.93728227268147
15292,40.865473349287505
15574,27.20948806644156
15575,37.93751370461067
15576,23.746366520530163
15577,25.704798574639554
15578,36.22516697668007
15579,29.59684215833736
15580,34.436878588788
15581,38.5694835625941
15582,48.2063151952465
15583,41.02808974096284
15584,47.333779910197
15585,44.37004063446831
15606,24.56442277431014
15607,30.04923145542702
15608,31.46780505470803
15609,36.68594120968336
15654,19.288146473112857
15655,20.974056189124912
15656,26.198778201046835
15657,24.392479824857702
15711,37.22392852370818
15712,41.758729303047694
15713,38.3914308007165
15714,36.440716663376044
15715,56.589169863146566
15716,40.49912815610972
15717,41.911062100388925
15718,42.66510258119916
15719,43.27569649496899
15720,49.60993231221428
15721,21.767638264693904
15722,30.232222159591956
15723,30.82718968221357
15724,37.3272822467743
15725,44.20397772710992
15726,55.431063402188286
15727,52.49886967982722
15728,54.219732548620776
15729,45.62049427262328
15730,52.40312314412041
15731,52.16773538324671
15732,53.572395070123584
15733,54.92588040880127
15734,93.03880493878798
15735,84.20342528977417
15736,61.238413659498455
15737,60.23718404448037
15762,28.772161694053953
15763,40.70108504842785
15764,42.32543003951816
15765,37.40628378872586
15766,43.364913179627024
15767,63.949941114884496
15768,42.91341110255344
15769,48.32198068724078
15791,32.59722670146059
15792,39.54721763048406
15793,37.19531381158894
15794,36.84386455559177
15795,50.957505198898055
15796,40.977048226671556
15797,61.1516193491444
15798,51.61950991598165
15799,54.87758651549454
15800,60.47906009931824
15801,65.07606845446054
15802,70.42973270823268
15815,23.573791398346355
15816,24.157107870040804
15817,20.23684295704749
15818,24.395829702911726
15819,34.55011872434146
15820,37.745507748245466
15821,33.598328443290235
15822,35.600546404277424
15823,50.307469836981426
15824,36.45988764650653
15825,44.3504883151058
15826,43.64462365351993
15882,18.5097998142178
15883,21.896203600414943
15884,29.085416942674172
15885,32.471820728871315
15943,35.15716525412967
15944,34.687312708830994
15945,43.46938410401986
15946,39.3754084683309
15947,46.989378349611
15948,13.822410263377877
15949,14.980325459085476
15950,17.81543262312381
15951,21.50078682225469
15952,25.323965176925263
15953,27.021525943864482
15954,29.730460003290293
15955,31.02619935453759
15956,32.17246349931801
15957,33.04307933301903
15958,40.19733952249675
15959,42.193850702369716
15960,34.67338704185402
15961,33.01165171745169
15962,26.9783119020975
15963,38.46606416962288
15964,46.73573206392498
15965,38.583283928586816
15966,40.83837974058729
15967,41.98541469484222
15968,44.96851216890193
15969,71.4553841945824
15970,52.32293155571692
15971,13.843462241858058
15972,15.97779757727073
15973,17.5608362905246
15974,21.785836060887096
15975,26.034137933103942
15976,25.06643554108019
15977,31.991651623187195
15978,36.515601806483446
15979,40.60277742130626
15980,38.107358267418626
15981,29.2656955452726
15982,37.11415028119188
16004,32.40767346287377
16005,22.172618069031383
16006,29.6020286467582
16007,37.22519126206596
16008,37.31228209067557
16009,29.275147838725477
16010,33.45666881879041
16011,46.064985529898635
16012,40.107123483929215
16013,43.11740497470187
16018,16.65979981753356
16019,23.412238591319348
16020,27.499414206142152
16021,32.40934464250704
16061,42.139803160694186
16062,47.00870480551603
16063,48.69216116620113
16064,48.57392644041954
16065,79.9501538703619
16066,79.8327539123901
16067,55.527039115486176
16068,85.68239009696559
16069,54.83939194769441
16070,56.019144380302976
16071,65.65207031116773
16072,90.18903117897565
16073,17.782891454230644
16074,15.700944766962118
16075,17.984755308841656
16076,18.430247624996404
16133,17.61877129335612
16134,18.05261255858369
16135,18.049679255337825
16136,21.872857610008413
16137,31.164386438144653
16150,33.13428342332553
16151,43.875518966389635
16152,48.14176466595395
16153,36.2482335349847
16154,40.25209131085475
16155,46.84808213812247
16156,48.74674413340992
16157,42.150335835164924
16158,70.34645384700463
16159,48.180331419062114
16222,29.69239331691425
16223,34.00340583800503
16224,31.233842573911154
16225,36.565592911446124
16234,34.80478300847121
16235,37.42710236216699
16236,34.19301606186124
16237,37.88376517148302
16238,58.262282814561374
16239,46.83245837840708
16240,54.55422330117531
16246,25.0109240502411
16247,32.90090922112601
16248,27.399438256127134
16249,33.86889902047797
16250,36.90273173250077
16271,49.00591526405559
16272,36.4052905573863
16273,43.42366569629533
16274,40.966148618740206
16275,41.752063998750465
16276,43.23974522995415
16277,47.36629035069559
16278,71.43287943323027
16279,55.97386962447928
16280,56.87205325011091
16281,58.728020566869894
16282,90.51241235907717
16354,32.99370670495237
16355,34.0511500986744
16356,34.927710202188386
16357,38.56059302111774
16358,43.74498706774649
16359,41.50962256783498
16360,23.381459277348526
16361,24.66554757766865
16362,28.06360241479296
16363,30.611410216824726
16364,25.140061168549202
16365,30.08198391676906
16366,29.09688475753775
16383,19.620978732199934
16384,28.073911576170808
16385,33.87323231210586
16386,25.90145936441372
16387,31.53856644831786
16388,40.313819142578396
16389,39.57881933577434
16390,37.51749980496505
16391,28.96337804170671
16392,35.32564645072775
16393,31.40339336882656
16394,44.41512328453392
16395,57.25022746365022
16396,37.37332445001171
16397,47.30458729924382
16398,60.858087714966985
16399,52.374292489472545
16484,20.81769339297788
16485,21.412660915599506
16486,24.247768079637837
16487,21.87852203036273
16488,25.000928556407647
16489,29.105341449335384
16490,33.855464471256234
16503,14.427313201429918
16504,16.54999748591541
16505,18.534857614861203
16506,20.519717743806993
16521,23.891138344153074
16522,21.521892294877976
16523,28.435457326057804
16524,25.365439448157026
16525,26.523354643864632
16526,29.232288703290436
16527,32.37144450216344
16528,41.811711339983276
16529,39.20017167649183
16530,37.5426339323506
16531,41.52232858072474
16532,44.898844166367674
16538,24.67050595033555
16539,23.56497940277209
16540,27.015146905194566
16541,34.61731789738358
16542,33.05201035783718
16543,49.51595062830924
16584,13.253772915581001
16585,14.136039800209193
16586,16.40819929116156
16587,17.41663928040228
16588,20.113922288900927
16589,26.452888596067616
16590,27.46132858530833
16591,33.24899827031623
16592,39.45014042194321
16630,33.147531586150244
16631,28.25084653345185
16632,33.349395440761256
16633,34.35783543000196
16634,41.588879271209066
16635,35.00368046335581
16636,36.21117059942111
16637,41.97769312387749
16638,64.83404810463571
16639,49.4414653047109
16640,44.001167873197204
16641,51.291713486098544
16676,38.93523963895919
16677,20.95635708264259
16678,48.06015531778347
16679,61.475147286355856
16680,64.25907726606033
16681,44.736107399234584
16682,60.16917079084437
16683,53.96015876551594
16684,44.885929931635644
16685,56.51699084990363
16686,58.803386213845386
16687,69.22803444250124
16712,42.923603622405544
16713,34.466316700334474
16714,39.69109767676437
16715,43.74198282227691
16716,44.2928776871475
16717,46.31869840810149
16718,45.35825030638601
16719,44.236290197981795
16720,64.95598083835564
16721,49.731039220174196
16722,56.90166130128157
16723,68.13056790111126
16743,56.244794771970106
16744,43.26349214052446
16745,42.931681882424456
16746,37.966705098746694
16839,17.94144966731959
16840,19.650661485185978
16841,22.33629344275745
16842,21.10459379058146
16843,25.077247351718903
16844,31.787574930017612
16845,30.282369728813872
16846,33.20274271733096
16847,38.73894806663361
16848,38.876728516620105
16849,52.15995097244553
16850,41.76200073229336
16855,38.361408736527764
16856,32.338828337657425
16857,38.98839610868503
16858,31.89300238163265
16859,50.923069280702315
16860,35.076776275770925
16861,57.789824576006666
16862,46.648040261014025
16863,66.60553458734402
16864,45.47567432694487
16865,64.35626596933446
16880,42.09661939783953
16881,28.675603295985283
16882,35.65853715692792
16883,34.41881158372198
16884,33.6003287328568
16885,33.63227909769123
17000,20.926186885952394
17001,29.0703626695874
17002,18.489597583753724
17003,22.758856876095823
17004,15.241648842763418
17005,38.22775838980925
17006,51.100552175802164
17007,55.892660962522996
17008,38.043546722776014
17009,51.603159502437634
17010,53.691856463278576
17011,46.04084179727543
17072,29.566065710389637
17073,36.38165122792665
17074,64.42943003295282
17075,40.171510641315884
17076,35.69418222696262
17077,37.55286925129588
17078,38.56130924053661
17079,37.03772015035764
17162,14.167421905136237
17163,26.83663677178831
17164,22.916371858794992
17165,24.349935365581985
17166,25.47893964429759
17167,42.23733265423581
17168,40.07849391579429
17169,49.64729886223222
17236,18.437222842408563
17237,16.205800948673158
17238,19.178732268251196
17239,28.631387353781488
17240,23.01062837060308
17241,30.77444043687546
17242,36.01081349972455
17243,34.57483005028968
17244,26.096089595745187
17245,26.104807343426494
17246,28.800096140476782
17247,31.30760440735228
17248,24.28377396101315
17249,34.916939245436815
17250,35.95852755054524
17251,35.0727920297861
17252,40.17259180543564
17253,48.21053267243195
17258,34.48483764748046
17259,37.61687449039588
17260,41.81026068498353
17261,44.65313429935891
17262,48.611251217395534
17300,23.97605417260695
17301,19.35501743098796
17302,34.138198834444225
17303,24.3128088795118
17304,26.8093126585473
17305,31.988898568614797
17306,32.48728090330437
17307,40.17880748225058
17308,38.75612322204658
17309,43.60938141661344
17310,46.94175782543616
17311,40.86202183420491
17324,22.17517992575663
17325,26.08679900685625
17326,27.168011206618694
17327,33.566507403001175
17328,35.58647016732523
17329,35.94908309281056
17330,38.27224278163966
17331,42.270045803227546
17332,47.966259824462945
17333,44.97200094445937
17334,45.82501849778305
17355,17.397318492479602
17356,22.161963834073745
17357,30.213075262352696
17358,26.58010971136595
17359,33.78097410455234
17360,19.375298035692538
17361,41.523119742764536
17362,38.991801686272616
17363,34.771363459593346
17364,38.54789028159294
17365,40.47636422500325
17366,39.85708771836805
17371,15.080758011309557
17372,28.013970138113862
17373,27.022965644235754
17374,34.62565145311409
17541,20.043088557584845
17542,17.53601835277005
17543,33.031622635779144
17544,34.47735331196216
17545,32.44980260216183
17546,32.818386871237784
17547,52.20803922031674
17548,27.04530168669942
17549,31.397545563673994
17550,43.09183333964437
17551,38.673800319064306
17552,37.620087814952456
17557,23.200901066169497
17558,25.587862370320014
17559,27.320397947040245
17560,30.846734125243547
17561,34.71634407281208
17562,34.17255057463261
17563,50.860410517427624
17564,48.096702768836785
17565,37.05580588910598
17566,35.537622023471684
17567,36.85040412929105
17568,35.17350267992049
17653,13.363445653428144
17654,17.324448163638422
17655,22.13569770894124
17656,25.54540359699272
17657,26.11706901776
17658,31.479615185221622
17659,29.165435457204467
17660,29.208427822838587
17661,33.605582608046916
17662,35.723947951538065
17663,40.72674430797369
17664,54.84320989218669
17681,32.05679937544632
17682,38.82999194925963
17683,32.92808633418876
17684,34.237628104138935
17685,36.41074651912689
17722,17.525198745582216
17723,28.08044707543011
17724,27.675692356492313
17725,26.43234165338916
17726,39.38124333867148
17727,39.64146968713364
17728,41.276507209243526
17729,45.84944310861956
17730,36.71184979294324
17731,43.09879608814498
17732,29.77725395620601
17733,37.888968059928985
17765,17.62368585885001
17766,22.705390623911814
17767,20.99397601440336
17768,25.982998360250928
17769,31.813015636827185
17770,29.545506512033292
17771,37.97400317587284
17772,31.969931414293384
17773,19.76651576412195
17774,38.280945432524575
17775,32.54700999614957
17776,37.958264288107486
17797,24.561679010280926
17798,36.56005469093948
17799,23.431836477053402
17800,38.22515935910061
17847,28.380644608188632
17848,23.621783711029945
17849,28.40105151946739
17850,29.416011614004788
17851,29.048197219161693
17852,34.36865360464667
17853,36.03742473559484
17854,66.36152714668482
17855,63.05633073186392
17882,26.228054847637345
17883,24.410105420521038
17884,32.437914746945644
17885,29.475392906077396
17886,40.42137820121333
17936,15.32311409867195
17937,21.92607766599087
17938,32.49297704676594
17939,28.986184600391717
17940,37.01399392681632
17951,33.70837565522886
17952,38.57274453066263
17953,37.89929076661903
17954,42.2125804771006
17955,44.26227491845236
17956,57.952352319845815
17957,46.03264208980016
17958,50.414061462361744
17959,54.672390734690694
17960,53.31193238245665
17961,53.08205945222279
17987,30.46127940260344
17988,34.086515906565154
17989,35.14135506303085
17990,38.618886772878845
17991,52.88775521034903
17997,32.64680437089906
17998,36.09996000140286
17999,35.53356181264511
18000,52.93086273498096
18001,35.360280567150085
18002,40.70085349037828
18003,45.38241862394699
18004,51.70865700962483
18005,62.88846570123337
18006,43.088894796833586
18007,54.225767026183156
18008,56.684219566767354
18096,22.980165765274045
18097,23.98860575451478
18098,26.956009607195227
18099,29.261367365747773
18100,30.13030429008485
18101,35.83951306395754
18102,11.506520912143877
18103,12.940084418930878
18104,17.03891108468086
18105,16.220683899123962
18106,20.04386225379454
18107,21.74142302073376
18108,27.540743756668824
18109,28.549183745909552
18110,34.75032589753654
18111,31.68030801963577
18112,42.440140984585426
18113,44.01654913568309
18124,20.721281099393504
18125,28.898565632284985
18126,23.8640564240469
18127,25.16664048974638
18128,28.015282537625808
18129,37.32682367129571
18130,31.850412426861425
18131,33.45338109981419
18132,47.83840093950469
18133,62.50762325546076
18134,45.13179007195575
18135,46.665994008005896
18184,13.539303838405292
18185,18.350553383708114
18186,17.670150353690918
18187,17.552694996759698
18188,24.879732494558638
18189,22.21153603234979
18190,30.67611992724784
18191,35.356536826178
18192,39.18355333327305
18193,35.721193587766706
18194,32.93664545742885
18195,44.7207842615201
18221,31.66827444035279
18222,32.799564348886626
18223,30.9036572304515
18224,51.409416992691135
18321,16.59704920432605
18322,18.01896166018588
18323,34.21533777182065
18324,28.468405684029715
18325,29.673880850090033
18326,31.711507586856175
18327,32.75153260686256
18328,34.56319991950508
18329,39.450163421274134
18330,32.773463240136515
18331,44.064199064860134
18332,26.932393050548974
18391,33.659333723655294
18392,32.82060165327275
18393,28.347377019684508
18394,16.922093455239978
18395,31.151369549009647
18396,36.47386183195239
18397,28.349186831760353
18398,24.50612122994755
18399,20.242468646451787
18400,28.576421148401856
18401,32.67511270278001
18402,42.38567872061161
18403,37.160580673644596
18404,45.05943954863316
18405,53.83597758672583
18406,45.204666148487576
18407,68.79865062523069
18408,53.59719946565576
18479,13.08126730876516
18480,15.215602644177823
18481,20.290849449632873
18482,20.185045143628823
18483,23.307451669673735
18484,25.11953449029831
18485,26.840397359091877
18486,36.43087660016187
18487,37.163668278323186
18488,39.43582776927555
18489,44.200473110869694
18490,46.047509084275774
18566,18.29179188098137
18567,23.50486284197612
18568,29.430356682523705
18569,20.493265450416857
18570,39.66583018842248
18571,34.393633991775346
18572,32.80641278396061
18573,34.295776792874236
18574,37.15728294450792
18575,34.513328691023304
18576,52.18420548970161
18577,40.70110474387125
18578,62.765260072489156
18579,48.64812623276855
18580,48.571843268167754
18581,50.208538444711905
18653,28.096651604917785
18654,34.1483185500779
18655,32.479844329428474
18656,51.098782471485215
18657,40.60496394533541
18658,66.03273017966657
18659,46.187002675792854
18660,51.11349238383018
18661,48.31448956599948
18662,51.40812542483907
18663,74.64548146737978
18664,53.975251483128304
18665,27.824504135867322
18666,33.486000716262694
18667,26.432597303284012
18668,31.18991222645707
18669,14.593872931422778
18670,15.476139816050972
18671,22.114056536151402
18672,20.433931264574806
18673,26.50890031158927
18674,27.655164456369693
18757,24.55802832662541
18758,30.219524907020787
18759,39.852860691984425
18760,31.3274735607788
18761,25.633022535800254
18780,22.568446666570612
18781,26.79344643693312
18782,27.501515296335192
18783,35.861052372099934
18816,21.3121954618421
18817,38.64611797057599
18818,30.22227167289491
18819,33.28848983987244
18841,40.667549378974975
18842,48.626889654027735
18843,42.78751256490657
18844,36.408946086379316
18845,50.54089832692526
18846,52.887809510866745
18873,25.407849992433928
18874,49.58465938492339
18875,35.96569321299801
18876,51.07172193551183
18947,30.627273529439066
18948,28.395851635703664
18949,31.966133575435016
18950,21.409183309146123
18951,30.097803210950065
18952,33.854785252624986
18953,28.54664505456814
18954,40.692221555791996
18955,38.07833935806905
18956,42.35461876338165
18957,43.697115102947
18958,49.32318176339247
18979,34.88700208908753
18980,37.59593614851334
18981,32.274127578268676
18982,26.220681250415673
18983,45.403678126013105
18984,34.501352100552694
18985,41.55379291420262
18986,51.710321610319404
18987,42.85127823343876
18988,56.540582460128626
18989,45.06710799488126
18990,51.76024113941027
18991,16.08755915513901
18992,25.402390085129596
18993,28.524796611174512
18994,32.35962601677226
18995,20.96994774989003
18996,26.087616567608304
18997,22.77333738186288
18998,31.643487879913476
18999,40.17771194142094
19000,32.226212681808995
19001,32.487950104533724
19002,35.00879464907176
19003,41.908466364308566
19004,53.28258325725071
19005,53.125131889721935
19006,47.326415140049924
19007,45.387450466998146
19008,62.837243272900466
19105,14.289612055401278
19106,18.112790410071856
19107,17.43238738005466
19108,20.83044221717897
19109,26.066815280028067
19110,23.11131945581264
19111,34.81576523368681
19112,34.60239491074203
19113,34.521173399553405
19114,36.95621643117957
19115,42.15347626850365
19116,36.84096358567861
19259,53.93734721106683
19260,38.52205140915358
19261,42.253378194443684
19262,50.999508039302356
19263,59.27686598132112
19264,46.36637883477819
19265,41.586705778364504
19266,67.85051196124411
19278,34.40905678950422
19279,29.95604617284013
19280,32.17797779248058
19281,37.56512985425453
19312,30.515849167022566
19313,29.091554532387065
19314,33.90127212570893
19315,24.096853798881853
19350,44.33210317241586
19351,37.99253960530665
19352,37.64360043413891
19353,52.134745047166085
19368,24.44909567136488
19369,24.772360408822593
19370,32.62514577675488
19371,40.497259930099226
19372,35.36065875347745
19373,37.69603352427568
19374,38.03557271574476
19375,40.39519606528461
19376,48.45926654192092
19377,44.665330873998805
19378,45.19045894601416
19379,48.77831274176127
19397,22.152251997976393
19398,17.669039411897103
19399,20.37797347132291
19400,25.90164589617858
19430,37.78813767062727
19431,35.418891621352174
19432,39.80501764910871
19433,49.34173978670336
19434,45.24807606744763
19435,44.5456667441409
19436,28.228273821049978
19437,55.39914910484626
19438,32.369264485277434
19439,52.33949711677788
19440,43.482098611722066
19441,57.97414621026411
19454,21.960867745969026
19455,20.28074247439243
19456,17.406760137550656
19457,26.57134206046342
19458,36.99133054576388
19459,30.29185041010284
19460,47.4500539577371
19461,32.871442719755315
19462,38.286633017466094
19463,49.098455972499636
19501,30.99798068204333
19502,32.74644922124193
19503,30.228231303074026
19504,49.209245125343955
19505,37.52133104954924
19506,36.444555202810655
19507,44.39831861972658
19508,42.214644962525014
19509,42.06376324068569
19510,50.76606321123383
19511,59.07942496789384
19512,52.58742760205317
19566,12.70439342459879
19567,14.976552915551157
19568,17.6738359240498
19569,19.945995415002166
19570,25.584189893543183
19571,28.281472902041816
19572,30.140159926375087
19573,31.58537448408925
19574,31.467919127158034
19575,34.191327450230325
19576,37.25672954218214
19577,37.2508426243554
19590,15.150182632680718
19591,16.572095088540543
19592,18.832603528565734
19593,22.104485261077514
19687,18.167202915347858
19688,18.049747558416648
19689,25.11278779606335
19690,22.99648546332862
19691,30.637593173420203
19692,16.251250704974428
19693,34.10944960380005
19694,38.64034374625351
19695,42.54638682406349
19696,40.01975522119491
19697,44.717204058762434
19698,61.14112153918873
19759,37.713940374131006
19760,26.740902205739168
19761,25.118351290256253
19762,32.46437024708808
19775,41.05346752254259
19776,55.12600661928575
19777,49.7129940885621
19778,45.31216860602247
19914,17.840690279031207
19915,16.310040213921482
19916,24.07385228019385
19917,31.53871393353248
19926,24.97781937430659
19927,25.65218813065978
19928,36.29863939170558
19929,36.509363256896606
19930,44.19526765112713
19931,34.824234550795474
19932,46.05236684278239
19933,46.51758799832035
19934,66.4418278680649
19935,47.03602594893216
19936,45.25681100189996
19937,45.62113159651339
20000,16.113393264962845
20001,33.44731577369673
20002,28.72286894780855
20003,39.99339391129863
20004,36.329464871178935
20005,38.17005251013351
20006,35.909116941726495
20007,45.8470203089253
20008,34.35712028309009
20009,58.6828037077596
20010,53.89297932146796
20011,43.818732674614196
20012,16.429940605646735
20013,16.7376087662618
20014,26.45426111194432
20015,25.773858081927116
20016,29.183563969978607
20017,36.821202931638446
20018,33.3260615361914
20019,27.580432976313546
20020,37.40283519517431
20021,41.10562705534596
20068,21.574238976983086
20069,38.4027984717641
20070,27.690594365307152
20071,33.7716582192727
20072,37.0147576447328
20073,30.68952949296641
20095,23.008722077073003
20096,23.029090875681483
20097,35.43430848218133
20098,30.112499911936666
20147,32.61676140248893
20148,40.3529116200232
20149,34.48702591633701
20150,35.10455438006428
20151,41.825093194335736
20164,29.369453685124835
20165,23.898169908413294
20166,27.859172418623572
20167,31.922071263424332
20168,28.785283137544436
20169,36.3925078773291
20170,32.02493518381965
20171,43.69692776067031
20172,40.15605458112978
20173,46.23583214865144
20174,44.95932563066173
20175,47.96460621893789
20245,24.27550695604728
20246,27.823036999638468
20247,32.05968782092815
20248,36.170165537605286
20249,34.08821885033675
20250,34.68318637295839
20251,38.368540572089266
20252,38.67620873270431
20253,43.62528243354684
20254,46.59821375312487
20255,47.75612894883246
20256,41.883023756429004
20285,33.67123097997187
20286,34.43471919877439
20287,26.036573949510963
20288,46.16642283574817
20289,35.41831286969904
20310,19.419860560441986
20311,24.506758416824205
20312,25.664673612531793
20313,24.708622271435203
20343,15.898701445425425
20344,16.78096833005363
20345,17.78940831929434
20346,20.911814845339244
20437,12.206554426338924
20438,14.05359039974502
20439,15.48715390653201
20440,16.507244946699906
20441,21.834837961380018
20442,27.34685933530851
20447,15.6698577151503
20448,17.654717844096098
20449,20.053050439660993
20450,25.128297245116038
20507,20.09593559397847
20508,19.565007770428146
20509,22.27394182985395
20510,23.00673350801528
20557,33.45838378644754
20558,19.69236011991331
20559,23.653362630123585
20560,33.54687492671301
20561,32.40664922085382
20562,41.192321512385966
20563,39.27905193052452
20611,38.90083843127051
20612,33.882962680751326
20613,27.685928272516858
20614,35.32246235156303
20615,34.841499125397455
20616,33.59793074139522
20738,22.70295899769888
20739,29.47869987333901
20740,30.983666332739645
20741,21.345220617701774
20762,24.102857225279
20763,31.165897462925706
20764,30.209846121829116
20765,24.187265722958784
20766,23.95332561150125
20767,29.202787668034993
20768,34.77091578226059
20769,52.88304655427194
20770,25.73794022875191
20771,29.526446330008323
20772,42.29018888741376
20773,56.75177943530816
20790,47.81866271781866
20791,41.22469667805862
20792,62.51797353447605
20793,57.80855137883845
20888,12.579865749657484
20889,23.29624033689942
20890,28.245314037741934
20891,22.636206105490707
20892,39.39932551817437
20893,45.20295408246625
20894,40.359917819136896
20895,49.93287005170328
20900,18.67839968489832
20901,18.27364496596053
20902,29.96643969290753
20903,30.539959134699018
20904,29.247244576011518
20905,32.206792115219976
20906,43.97170211548946
20907,33.756579861802344
20908,38.40424872952741
20909,44.556330853105415
20953,20.24728717787205
20954,19.830881408007087
20955,30.661778048934387
20956,35.73702485438944
20957,31.956705036275245
20982,31.642404294193344
20983,35.22074588228167
20984,34.88901875085909
20985,45.9817636030312
20990,21.479610621974285
20991,31.345738174123678
20992,26.78860026010187
20993,29.66019878455289
20999,42.18829903449802
21000,32.04419312923832
21001,31.534932694024224
21002,37.992044160994745
21007,24.756876158201678
21008,27.879282684246583
21009,26.617302194728346
21010,30.63963137509373
21047,34.51969836141082
21048,22.943922153470016
21049,30.47683944045144
21050,35.483543258818806
21051,35.52353924654808
21052,35.13988200309522
21053,54.18408822727312
21054,17.983614486845497
21055,20.40524918426474
21056,23.102532192763363
21057,25.94929040772888
21058,31.874784248276477
21059,31.895153046884957
21060,36.70640259218777
21061,37.8526667369682
21089,37.488659204703694
21090,36.180935488782055
21091,53.1766431157605
21092,45.78547398751634
21093,54.83740548035158
21094,47.39923780874818
21095,47.386480902777855
21122,16.684367709309317
21123,29.9398323509017
21124,26.582515110994358
21125,20.13481119457775
21126,21.56837470136474
21127,24.38800784896884
21128,32.830618703150705
21129,33.15188938774084
21130,32.210334244238965
21131,33.24463644378236
21132,40.43037530021331
21133,41.05779540423629
21189,25.09853522179873
21190,23.430061001149298
21191,24.438500990390033
21192,38.540897302219356
21193,36.89999060683462
21194,45.15548613902383
21195,44.96728652570995
21196,47.944719631729335
21197,46.80505227504981
21198,63.217555620923974
21199,52.703127109147104
21200,49.871873645275954
21234,23.173343710820273
21235,30.152196289837132
21236,26.927760207704782
21237,40.21931013907344
21238,38.23825836042822
21239,41.185434159863604
21240,41.40504790053595
21241,42.51726291625586
21242,65.44543619186793
21243,59.248913651500004
21244,56.64477939882476
21245,48.972849114355085
21246,29.672115350900675
21247,27.176696197013055
21248,23.130258179407207
21249,24.7016458417339
21250,23.45561085083291
21251,27.22015839357567
21252,28.037179416376233
21253,33.29568610637166
21254,30.44798193457226
21321,35.038143690294625
21322,31.830301656854143
21323,19.155626965221344
21324,37.91802672239467
21325,41.639532076642126
21326,48.16479194863555
21327,43.152793614163315
21328,50.147431346366524
21329,49.581988425729385
21330,58.11864050022797
21331,48.93836280894692
21332,48.49042872888124
21421,33.71234992677503
21422,33.78931391353925
21423,32.96960240094318
21424,26.015625796839473
21469,30.23239250711282
21470,28.989041804009663
21471,34.58958065504643
21472,33.498486987137596
21473,43.704417148696606
21474,44.59249961507213
21475,45.779085918767926
21476,46.27775970834524
21477,39.797335419314976
21478,49.59161077769359
21491,21.343851109726973
21492,28.942457512920523
21493,29.787683215367814
21494,30.738377217178144
21495,31.228009863671733
21496,38.85736196314971
21497,36.787036512502794
21498,52.276641243326495
21499,48.232804440619226
21500,61.99141109864436
21501,46.377913139847834
21502,70.92141451855284
21553,31.841728344285762
21554,37.64104908022083
21555,45.35670770821764
21556,34.90259106649199
21557,66.40035991877785
21558,42.013222262450114
21559,59.51889962680056
21560,49.79684378031995
21605,66.3154694474137
21606,45.513758162881345
21607,49.26688737908906
21608,40.774015035259865
21609,43.9079129390692
21610,61.52664428432169
21611,76.91875525834908
21686,22.930249737153922
21687,31.682132994058556
21688,26.741408382637452
21689,36.11962663419571
21690,29.061151001197384
21691,28.84160601517511
21692,30.827818704234822
21693,38.679704661551
21694,36.75512201755363
21695,48.859973876772685
21696,44.16328998766046
21697,49.242423150355876
21698,48.63508187894607
21699,51.835700945400454
21700,40.841877230472974
21701,48.120826419967955
21735,16.910772298592768
21736,13.139982592066316
21737,26.108147871652132
21738,22.338846708375065
21739,20.392807766113307
21740,27.001425202898822
21741,30.626479856139948
21742,30.248251074230687
21743,38.07807186324366
21744,35.29210863061356
21745,33.21603811813811
21746,38.03005125910674
21840,28.017703046482552
21841,26.98334593711474
21842,30.468574612598555
21843,37.56553195395908
21844,37.47320927320242
21845,42.39553868384917
21875,18.29895775642685
21876,18.60662591704191
21877,19.189942388736362
21878,28.64259747426665
21879,25.1474560788196
21880,29.545233157503326
21891,18.567906804986027
21892,28.399081204353898
21893,25.882069605490454
21894,32.313964838753805
21934,31.155601470067754
21935,28.211756696779503
21936,18.66201505292647
21937,30.732895628154587
21938,38.51839449293111
21939,37.8011958744237
21940,32.052470311076505
21941,59.53434648077764
21942,49.30376258476999
21943,62.368260662063676
21944,41.2218661750466
21945,47.779716915903116
22029,48.59477941611924
22030,53.54385311696176
22031,76.93997756167663
22032,39.74161075912473
22033,44.87842374936723
22034,69.5289314688302
22208,38.920732129947055
22209,24.392380481283777
22210,26.423865724777862
22211,35.115852274950306
22212,42.89130255583646
22213,46.714946695149365
22214,45.07052914697313
22215,42.50122667647893
22216,49.41167649754192
22217,50.80208790222701
22218,19.089278852855735
22219,17.708103994212877
22220,26.987981771421943
22221,25.08199639867238
22222,41.019714011445046
22223,32.103813055008715
22224,37.24062604525122
22225,42.891632823081764
22226,43.648991460389254
22227,41.66225786650803
22244,26.43965029112555
22245,34.03720190930746
22246,33.021699754262436
22247,41.95523882763412
22248,30.014579485296274
22249,43.08814880903198
22250,33.01589339044369
22251,34.53797067488911
22252,35.31990489583032
22253,28.212189346672076
22254,61.13404834896072
22255,38.801250386738005
22256,44.4190401518751
22257,63.42624655739388
22258,61.898090638879964
22259,44.206622475822826
22296,11.72620484571144
22297,13.435416663577834
22298,14.731156014825133
22299,19.11728204258167
22300,18.724178374571057
22301,22.27170841816224
22302,25.807587410826237
22430,27.193095209793945
22431,43.53894652789559
22432,50.12241319889863
22433,45.805745747388336
22450,16.069459578127983
22451,18.91621779309349
22452,17.385567727983762
22453,22.48411663529316
22454,24.756276126245524
22455,30.781955785792835
22456,29.140770109059595
22457,37.46213469236709
22458,35.01246189773836
22459,38.543573478778185
22460,43.91001934511934
22484,39.82380094707664
22485,40.269293263231404
22486,38.44294955286872
22487,51.15491504959733
22488,41.294589824881555
22489,43.339725265403096
22494,21.93256806440883
22495,20.240791741905053
22496,16.895125552924878
22497,31.880221264554574
22498,36.010706257943234
22499,51.857861522113396
22500,52.744286216367726
22501,35.06897958865505
22502,37.74029913810228
22503,40.54126809656668
22504,46.24016799381663
22505,43.74811572472119
22518,15.903232840332693
22519,21.415254214261175
22520,28.707338559278604
22521,36.88462309217008
22522,26.17503918412573
22523,37.04942606874994
22524,44.61961347735598
22525,30.993970603140973
22526,39.888363071059345
22527,45.10531588180098
22528,47.75150616087072
22529,48.18406260242604
22681,18.26391763046989
22682,18.272635378151197
22683,21.38339085326894
22684,30.68657073233235
22685,35.623993382247704
22686,13.20387785252988
22687,15.62551254994911
22688,17.90932309182865
22689,19.630185960622207
22690,19.374906448151293
22691,26.98924330795679
22692,25.32076908730736
22693,31.8208616518681
22694,35.620737904684326
22695,39.86903977690119
22696,38.90564761129005
22723,34.40256907674947
22724,36.4918109960622
22725,39.63530571168768
22726,57.64434369453689
22727,52.85489024104335
22770,36.169840811366605
22771,39.78260886813879
22772,38.53497285239107
22773,37.72562134554138
22774,44.102174744117704
22775,49.23601979635179
22780,32.72198220942858
22781,27.110405153443214
22782,45.07625279779004
22783,34.95695523535941
22784,31.014301530867627
22785,41.21868644535392
22786,38.477475433824566
22787,48.2520857875693
22788,54.36152350349286
22789,51.489913634336276
22790,49.67814283261521
22791,46.58246058195529
22792,44.73876843827028
22793,37.91981364320001
22794,71.12478416853065
22795,33.2830532363643
22796,47.698150467994154
22797,67.7638242373241
22798,75.60873633425349
22799,46.01875364052631
22800,59.2044375516507
22801,57.720351921582775
22802,86.5517292238667
22803,74.89894664675785
22839,31.069613380719755
22840,28.211458337349395
22841,31.45436698679196
22842,28.091137263547946
22843,45.318029867086665
22844,35.41819613103392
22845,37.119784769723395
22846,44.498282095335355
22847,45.13860468710935
22848,45.135597373712116
22849,49.833371139747044
22857,23.001386972690874
22858,30.064427210337577
22859,36.15104730827921
22860,29.706466472735006
22874,16.412932872206234
22875,36.699417901909676
22876,31.57128764051368
22877,33.6661117067886
22878,39.994808681805495
22879,21.823295472780607
22888,36.446155662310694
22889,42.80283920238561
22890,64.56059095663167
22891,71.06056089566778
22892,65.32517625389663
22893,47.265504147892074
22894,49.1506715140754
22895,81.78350647247888
22896,51.74981389214288
22912,30.161020034532793
22913,32.61238826288326
22914,35.07150936037169
22915,40.91707434651058
22916,41.98174353385556
22917,43.28201482149167
22918,70.73160629461148
22919,47.81466563040109
22920,76.42183706232828
22921,76.35853740077312
22922,81.48876891369774
22923,92.60067878055989
22964,32.82835815131309
22965,40.47854059822463
22966,38.82882892000026
22967,35.324768901761054
22968,42.94639623476104
22985,38.293560095036646
22986,43.58548625609763
22987,39.17306656390064
22988,46.18676900509714
23022,16.036167354410978
23023,25.350998284401566
23024,21.43073337140825
23025,33.64270185086618
23026,32.579142310539225
23027,45.48687678705133
23028,31.77719771063422
23029,29.24570896917847
23030,34.251043477751836
23031,60.90616821510159
23032,47.866084890038394
23033,43.882014713198764
23034,39.27937935267472
23035,51.09057014042722
23036,47.588414534919494
23037,63.741473897512364
23038,53.97612466312882
23112,20.816662840099553
23113,17.034222082645936
23114,23.396490491666967
23115,29.034684970207994
23144,20.48964326523445
23145,30.070687721593046
23146,23.299655138704008
23147,30.33953727272098
23148,28.97606134374772
23149,36.31511778303414
23150,41.932206730086364
23151,43.81317977358671
23152,38.10120286235605
23153,84.32673565245528
23154,40.235800473304906
23155,52.833022729653734
23178,31.01971287830663
23179,37.22038990046124
23180,67.75684024610676
23181,42.54515394788943
23182,61.6274123950828
23183,19.033611431205852
23184,17.928084883642388
23185,20.9126672541476
23186,25.586092643910725
23187,25.893760804525776
23188,23.788512015402898
23189,15.38428057290044
23190,28.639745214492827
23191,18.952179415100094
23192,26.015219652746808
23193,28.161206039086643
23194,28.744522510781096
23195,44.73651388631739
23196,35.200835600646485
23197,43.82940617786711
23198,36.89185041330292
23199,42.443267703808885
23200,54.94144996662234
23224,24.265085509333513
23225,33.71774059486381
23226,30.360423354956467
23227,30.817566722038393
23261,25.302057674600853
23262,26.884376881623293
23263,45.10047922617339
23264,35.40180928510519
23265,50.710845020355166
23266,58.345727501953434
23267,42.6149760456642
23268,62.71237015848162
23269,46.17549623967124
23270,48.41342588945814
23271,49.93490154889069
23272,50.053239277987345
23301,13.297117408106208
23302,15.844925210137967
23303,18.82950758064318
23304,19.2866509477251
23305,26.062391823365235
23306,21.866478599292517
23307,27.527975179687893
23308,30.087434032646826
23309,33.46218676791678
23310,40.236382325369526
23311,34.73353612334864
23312,28.490183368003382
23313,29.922568160197287
23314,40.61290017945396
23315,34.11155764887969
23316,35.084882972457535
23317,38.30744252049588
23318,41.37714980187316
23319,58.962959165927
23320,47.39257843199093
23321,44.46438657245919
23322,47.28540420699069
23323,51.2024787839959
23336,42.88727674145818
23337,48.39929811538666
23338,52.32242033329151
23339,47.70286168343194
23340,42.084838649099325
23341,45.505300573014544
23342,74.68670861350188
23343,69.97281836801838
23344,79.14889902331853
23345,75.51865092260437
23346,56.9679083046165
23347,65.93295572151811
23360,15.905739593945595
23361,20.28021457077497
23362,18.76121555659241
23363,24.836184603606874
23364,26.407572265933567
23365,28.266259290266834
23366,34.76635185482757
23367,37.463634863326206
23368,42.28630696533015
23369,40.37454180634921
23370,50.168991059164945
23381,19.29145240372192
23382,23.677578431478477
23383,31.146495429932624
23384,33.549860724512264
23385,32.440748556716144
23386,35.826536940818315
23387,43.78449537839833
23388,42.240085830965675
23389,35.377556371159066
23390,43.32192388158306
23391,47.160835927616155
23392,42.931222332122076
23442,43.070213828705356
23443,41.39621457769338
23444,39.79126876693006
23445,60.306617294729094
23506,27.579493031024395
23507,19.017822577803607
23508,27.49405752362883
23509,17.788597949574022
23510,31.903342034578365
23511,27.83369816749856
23512,20.877130513826355
23513,38.73389952996239
23514,39.66505807242614
23515,39.61570006303472
23516,49.76679925941869
23517,49.50703167677753
23552,20.190795324869438
23553,20.61298553916985
23554,32.74255483459029
23555,27.92172114244513
23556,30.357970415806264
23557,33.877198262802466
23558,28.40407099584084
23559,43.15527137003151
23560,34.948910037850624
23561,42.57909276568872
23562,37.57437763843294
23563,47.05715467816856
23564,61.19967986435179
23565,41.07635094251122
23566,26.563685920456216
23567,38.4065188380632
23568,40.11300957116114
23569,41.59492236886077
23570,59.50814595047889
23571,45.8402031006259
23572,45.12314362041707
23573,47.39266591852605
23574,64.96866684040052
23575,75.20664084409114
23604,23.99695703096617
23605,24.442449347120927
23606,26.57678468253358
23607,29.974839519657888
23608,35.25585518771348
23609,33.0170325578565
23614,24.4126112651965
23615,30.823476498683554
23616,17.817038897429185
23617,29.7620658497743
23618,55.03293312271478
23619,37.103771896199135
23620,35.14055450096075
23621,49.35972044464067
23622,57.31726853036524
23623,41.320680986125325
23624,51.47555547953405
23625,52.253148268057835
23655,43.74161466914264
23656,35.46724357792843
23657,30.145435007683766
23658,29.327207822126873
23659,35.14233794556229
23660,33.87917996641021
23661,41.62253802465035
23662,40.404708431311235
23663,42.58090008692853
23664,44.38122993245782
23665,54.8190949722876
23666,48.76206333538555
23667,32.78819933276803
23668,24.35915994376653
23669,25.59291341644078
23670,31.127138316115357
23671,31.939364856587023
23672,39.271404838387376
23673,38.79677294351572
23686,30.530368395710482
23687,27.04531359126973
23688,33.076727398353285
23689,36.174715222260886
23690,33.965874910430074
23691,37.23348328128534
23692,35.28175816820509
23693,41.84339967604214
23694,42.49000931929317
23695,47.756560950537576
23696,48.43721418154272
23697,44.84947541387453
23711,39.89843783028493
23712,37.82329634780402
23713,39.54604394547213
23714,40.68314223058628
23715,39.48462266940093
23716,51.4725572106779
23717,66.48249753621519
23718,72.18807705286684
23719,47.273636513830866
23720,85.39518499980348
23721,74.18619274210123
23722,53.98554807240573
23809,26.663440188551647
23810,41.33209953832256
23811,25.644591713073865
23812,29.778676315646845
23813,45.92738914329317
23814,27.00907732010183
23815,31.451574219116978
23816,29.892473137735326
23817,42.91461170627849
23818,51.12197830837002
23845,29.745840419423608
23846,33.006071101008224
23847,23.754539324915292
23848,37.18695387257431
23849,35.63387394865363
23850,57.36831056544858
23851,44.987280700637974
23852,40.385383470339846
23853,51.56346557090668
23854,50.56476981248308
23855,53.89273509083988
23856,52.65885216002896
23890,23.45598395099427
23891,21.93698493681171
23892,25.34669082486318
23893,44.25999696769578
23894,30.4686174267798
23895,48.38243661658327
23896,49.33721624033912
23897,42.753977268863785
23898,46.52255476336863
23899,42.186600566371055
23900,45.62656408848342
23901,78.82408528102835
23946,35.35820780052742
23947,29.46180050626961
23948,29.06869683825899
23949,40.761491565206
23950,48.63433091602176
23951,46.156748038658705
23952,34.99410979482084
23953,46.212883037819566
23954,40.401375716959464
23955,57.559054317438886
23956,42.759438265550784
23957,56.20966947507769
23958,21.473757184002448
23959,21.620299087223454
23960,31.635901845839715
23961,30.63779150630939
23962,29.77342574988822
23963,38.88154122144258
23964,38.68208145041425
23965,47.963096958204105
23978,16.050621686686334
23979,24.090082064038107
23980,25.769663832294732
23981,28.314615882432342
23982,34.921559320271044
23983,44.21888441037568
23988,24.73287692379324
23989,32.7322998116298
23990,32.579896897072594
23991,36.69857256570397
23992,50.19779196827757
23993,40.52322793472429
23994,47.99520721363972
23995,46.01931460792132
23996,46.495585624935615
23997,43.68751182908039
23998,56.583538921594204
23999,35.44813617101208
24034,16.777668555577844
24035,27.50569419374694
24036,34.14361091384738
24037,18.065953651286716
24047,30.195870714745567
24048,28.67687170056301
24049,29.671525628457356
24050,39.2833742801196
24051,25.005339814898353
24052,39.72775603267551
24053,34.55767110883971
24054,35.77226633682521
24055,43.370674781637454
24056,44.48654535013623
24057,46.19892219724963
24058,52.375390140011774
24147,23.20714447760053
24148,24.006943227381996
24149,30.047323934037202
24150,34.025682150634886
24151,44.01253363683309
24152,36.0967415289585
24153,39.03522112727866
24154,31.881483422793323
24155,38.0498473651757
24172,29.609410957118758
24173,31.505842628776605
24174,33.969291962541426
24175,35.002214319772676
24176,31.675115618028933
24177,39.70333165027197
24178,36.126812670052104
24179,41.88353486710959
24180,40.57141917625404
24181,46.693606527509296
24182,44.809738618759916
24183,41.23342326461567
24184,24.533460434849662
24185,28.494462945059944
24186,33.095958496562766
24187,26.733720039627418
24188,32.82803262555208
24189,41.42183761361258
24190,34.754062166954
24191,38.15290347817557
24192,40.60851961742999
24193,41.69466683039955
24194,51.045356481061745
24195,54.94556741102835
24201,15.243632170943556
24202,18.767860112680392
24203,18.638753704822005
24204,27.367334859872283
24224,34.193793054145175
24225,38.54243412896253
24226,35.606166563891804
24227,47.88250124481512
24228,44.570287257579466
24229,42.25715606175842
24230,45.800979354531755
24231,49.25671382750171
24232,51.26370322703984
24233,52.08722002618798
24248,12.36979272632944
24249,26.475504403014373
24250,18.32730641641269
24251,24.40227546342714
24252,29.49200625406587
24253,29.11581830113198
24254,40.91341747554094
24255,26.919236726005785
24256,33.762902828383986
24257,40.5281009751911
24258,36.4461524337741
24259,35.32385519987209
24260,72.80553493369963
24261,44.686191991496095
24262,47.03500710327023
24263,55.57275324749569
24264,41.91879179952772
24265,42.47039030465702
24266,55.08339291121286
24303,20.696917296501883
24304,19.166267231392148
24305,28.618922316922443
24306,26.65149768333926
24307,36.241976924409244
24308,30.219396525538926
24309,38.653442284445944
24310,36.23035602256889
24311,46.83207279021551
24312,42.45551011180976
24313,42.891726878367194
24314,44.42570783104382
24315,35.90173608322442
24316,49.294084337629734
24317,44.865607648627964
24318,45.365248141181354
24319,77.95023556623599
24320,40.33775243460785
24321,49.175452147520325
24322,17.966356445095283
24323,27.80918189539033
24324,10.666507703843134
24325,38.53899560154163
24326,34.24357684983798
24327,18.25348474251409
24328,40.93749094462309
24329,41.933017205854
24330,31.544166730784482
24331,37.04453705378582
24332,32.099973092161804
24333,37.60349283243335
24334,37.08234134775691
24370,21.554832856300784
24371,23.53969298524657
24372,25.248904803112968
24373,29.6959615494118
24392,26.686608184155588
24393,32.82174020339398
24394,37.06009902128867
24395,38.33035329667911
24436,31.559396760316766
24437,47.368001453750104
24438,28.97350893415133
24439,38.250657364751824
24456,27.057141235946546
24457,35.863202885052125
24458,45.4900790585295
24459,37.313085243915296
24492,23.4980622254714
24493,35.89162878104407
24494,27.60962545490403
24495,32.87532622851118
24496,34.86374216338409
24657,45.77258250866952
24658,63.72049589559978
24659,36.023048958427374
24660,49.32750364799104
24750,18.627597506606598
24751,23.013723534363148
24752,16.56601961794655
24753,33.336994453594464
24754,19.433146631520533
24755,27.884633698272193
24756,26.47052696201947
24829,20.834951434728094
24830,26.909920481742564
24831,29.88285180132059
24832,32.80830338944824
24833,20.160537330256115
24834,28.487297069614463
24835,28.519316919150114
24836,26.978884937325322
24837,29.520901364936876
24838,31.85662400296829
24839,34.07051671237217
24840,40.18242537613945
24841,41.5682592675262
24939,31.616359748008158
24940,33.475480456318124
24941,31.70439548904615
24942,49.07964845562873
24943,30.80455578544814
24944,35.44393378544295
24945,39.997520442668126
24946,30.675755588708256
24947,56.471119104464435
24948,47.1735319409116
24949,52.51210499961766
24950,46.06621270100674
24989,20.867885411890956
24990,34.54847357102962
24991,33.18175792437517
24992,41.77626155632603
24993,39.64850843784227
24994,34.76232908633931
24995,47.705213446183464
24996,53.17739525200756
24997,44.29691546899264
24998,41.47304252953817
24999,45.73281686214268
25000,67.55974024002373
25076,53.64515662287097
25077,44.87185958658242
25078,48.25181996121541
25079,50.155721230416
25080,46.459850227611035
25081,48.182725325881734
25082,59.408637943705465
25083,58.113096436591924
25084,66.91685320982985
25085,73.53074989702272
25086,53.0614041786377
25087,103.76935529929817
25144,41.904685242850334
25145,36.0199289995197
25146,41.75017822937995
25147,40.958466176154865
25148,44.531671566098055
25149,42.024251092775735
25150,54.77190885807195
25151,48.47134823958291
25152,45.37800337151906
25153,70.10034548581356
25154,48.562468014274984
25155,69.27726640629305
25182,29.477548177795324
25183,35.127393707263515
25184,31.29371985864487
25185,31.813948158507426
25186,32.425266648896894
25187,34.669200452511014
25200,24.467243546851897
25201,41.18499344195655
25202,52.87409082728545
25203,61.19632551397668
25204,40.50346070553281
25205,64.72006711975683
25206,19.85861397891088
25207,16.6507719454704
25208,23.989460494196504
25209,21.631865495848572
25210,21.652234294457056
25211,31.093911859990246
25212,26.210617692908343
25213,29.636392384356746
25214,38.286776453368404
25215,32.131928311830585
25216,43.6545826892919
25217,43.829554162090005
25218,17.222450534757584
25219,22.15987318467293
25220,17.963959960600207
25221,19.53534762292691
25222,30.11389805462914
25223,26.205284192563
25224,28.179218605976423
25225,33.960179750610365
25226,35.89155925257479
25279,16.63507338723144
25280,17.213196767605478
25281,19.10258033257994
25282,19.98964511033478
25283,20.09323982274805
25284,18.26363934470458
25285,28.830538725479638
25286,27.862836333455867
25403,31.952836100990954
25404,30.83565850250033
25405,21.476302150115018
25406,36.20672054886775
25407,33.01581729227039
25565,27.407197406895047
25566,43.706018382026684
25567,37.00712510205663
25568,29.30581856035294
25569,34.83166337605649
25570,37.91653499742973
25571,54.674266063143676
25707,19.831138728703415
25708,25.343160102631916
25709,28.16661621574307
25710,23.97070299167035
25827,22.66880545004019
25828,22.68917424864867
25829,27.649899000418362
25830,22.052442119094295
25831,29.115482356740998
25832,33.21430902249099
25892,25.350773141767654
25893,26.37875320998778
25894,30.19669628303392
25895,31.829681968232364
25896,28.811985704063257
25897,17.097966040284245
25898,35.20406824888158
25899,19.9012103348888
25900,34.74906723320799
25901,39.764272737878315
25902,35.3799969265727
25903,39.33111284576259
25904,38.47910293742879
25905,71.99974543008517
25906,48.175166119443645
25907,55.21998115251242
25949,35.56675198402432
25950,37.153675297868325
25951,34.46583816912406
25952,32.97043967081994
25974,21.849110126623643
25975,24.586341780127324
25976,21.25472558863764
25977,30.8709058781253
26011,27.708321581244135
26012,32.220620713613215
26013,28.94442160917658
26014,59.7389554865314
26113,12.505171847075106
26114,14.501683026948067
26115,16.498194206821037
26116,18.20740602468743
26117,21.86945812196397
26118,28.93249835961067
26119,24.73658513553795
26120,30.81155418255242
26121,36.17410035001404
26122,35.895518735688775
26123,31.853975705288658
26124,39.203399798983796
26140,34.63142131465893
26141,41.228886133972
26142,41.841673932375855
26143,58.214694499499856
26144,42.7882766845906
26145,53.81776263431238
26146,44.024490503853485
26147,79.57015584172433
26148,62.22537404819619
26149,55.04131270164085
26150,73.14561608934264
26241,33.04546176130578
26242,58.58579875238426
26243,32.51121576126558
26244,35.93486940502133
26245,50.019725039467545
26246,42.28546750216185
26247,66.8768314254839
26248,39.29676287927275
26249,41.08393016070657
26250,42.93872103888023
26251,43.20777276718994
26252,41.095909901259795
26289,20.029925269587473
26290,27.092965507234183
26291,23.873472422866538
26292,37.404585375538325
26293,24.448348040144573
26294,32.86866309806287
26295,34.87663353264726
26296,37.50920412648196
26297,41.66468428077171
26298,38.19198683834536
26299,46.563917205558155
26300,42.60547761332721
26315,29.95176846823123
26316,24.77337917787217
26317,29.106401860598485
26318,30.630721261599835
26319,38.88157816341713
26320,41.756308988591016
26321,44.34461409895833
26322,52.382146680827674
26323,49.76938429436851
26324,38.49649167157946
26325,59.74159549554731
26326,54.87414413309327
26455,28.60643860996677
26456,24.961822008052852
26457,33.30023279833837
26458,44.06484705648513
26459,25.156672932599232
26460,27.684023001489827
26461,23.921907081071517
26462,27.9419566150502
26463,35.2968952775389
26508,25.18640259546844
26509,28.17098496597365
26510,28.4786531265887
26511,32.301831481259285
26512,24.03911144097224
26513,28.93575807855783
26514,24.500456740444626
26515,14.308190834698717
26516,39.201494032599584
26517,35.82540825841684
26518,41.82633229188327
26519,38.3020661587261
26520,22.47419205750924
26521,35.31618423248253
26522,33.73844004803166
26523,25.946541633648415
26524,29.622865324778054
26525,42.55708034157512
26526,39.24553190569384
26527,33.01645072543367
26528,42.68806207244566
26529,41.4269775395985
26530,58.569666049859286
26531,66.71743124373545
26564,23.012192199069652
26565,7.065456211279394
26566,28.48166494645047
26567,19.37727329935176
26568,30.210621165892462
26569,20.056148168899504
26570,36.19520671086321
26571,49.47999675741338
26572,34.18712023342814
26573,37.088635570362854
26574,44.07915400012387
26575,39.26656930617833
26576,14.752856575560443
26577,33.5403917621674
26578,35.00339531906427
26579,38.78886875160228
26580,38.59626051942743
26581,45.56368429253907
26582,50.723918884030965
26583,42.39599808888674
26584,22.72870613434726
26585,22.61125077741604
26586,25.73365730346095
26587,29.832483969210934
26629,23.621200672853575
26630,18.437216258148617
26631,22.26039461281919
26632,26.233048173956643
26633,32.58366553205051
26634,32.12031967373093
26635,38.052169538719994
26636,38.199825636171965
26641,29.460465538280214
26642,45.80522442198285
26643,34.070986564881935
26644,33.001632484356904
26645,49.9434424459575
26704,22.278656050344427
26705,15.807650032073479
26706,27.21314539701391
26707,36.28409123287747
26708,52.64849434499155
26739,60.37055831072341
26740,48.10985710422096
26741,42.944451983344585
26742,74.8889695857811
26779,17.50084083649297
26780,27.378619439569537
26781,32.189868984872355
26782,33.56143026464058
26783,28.62205170975993
26784,47.39974606390033
26785,49.070219472325896
26786,33.70572376111898
26787,37.330557551356456
26788,46.6844602036782
26789,44.38214170095509
26790,43.68286372209346
26819,31.40487236955873
26820,39.02069288505788
26821,65.05061528861879
26822,42.78057148568835
26839,37.71813288303833
26840,38.31310040565994
26841,38.174997740657666
26842,28.402092113127132
26851,26.20873527200382
26852,29.882438420207528
26853,26.57008743358984
26854,29.869727228527402
26855,33.28405651966308
26856,36.56980136434561
26857,36.665335634815705
26858,35.58308137480104
26859,68.41184544554342
26860,41.192664123273666
26861,47.571007705709015
26862,62.87813114598085
26863,26.52584560634857
26864,16.109027725161525
26865,24.48336011943435
26866,30.443586041381526
26909,12.690656013558392
26910,18.064853231947193
26911,22.02585574215747
26912,19.093662019796394
26913,22.480065805993526
26914,30.094402665799038
26915,25.48501697510722
26916,31.34530619245164
26917,34.383557054381406
26918,36.59398239089199
26919,37.141560032213384
26920,47.152417912369
27006,33.4700341146578
27007,30.416292820481935
27008,42.58653725018662
27009,36.33660856249517
27028,18.600025677632782
27029,28.902927798255618
27030,30.992708927152407
27031,33.51699491185447
27047,29.935528766947673
27048,33.50941908666049
27049,33.087875480951034
27050,36.16187465404521
27051,35.33095629161897
27052,40.240939314309415
27053,62.979941271065044
27054,46.02426207409806
27125,41.60185434813783
27126,53.0306518149326
27127,34.3778688528552
27128,32.25143761266817
27129,22.15634246244165
27130,22.038887105510444
27131,34.42521477231877
27132,25.686269152969178
27133,34.34648902873467
27134,29.583525127588484
27135,18.128976210220685
27136,36.91421812669674
27137,34.94051081956893
27138,43.04363525903267
27139,58.276916850291585
27140,51.80129713802031
27177,30.102610622226912
27178,31.55146871014032
27179,36.528475350795546
27180,40.233191504302624
27181,33.870466041835506
27182,34.62375680952014
27183,43.262411116107984
27184,41.35800042051285
27185,45.69340065864384
27186,51.645545215485946
27187,46.66660749789898
27188,51.55997804511962
27189,25.386593435178266
27190,35.82057846504623
27191,28.08620313039261
27192,26.256785059070793
27193,31.20327158176378
27253,23.505249065985883
27254,16.207298114476743
27255,24.821357215841655
27256,25.214924743607135
27257,32.49236635419286
27258,36.581155165176945
27259,32.52040389677505
27260,33.615687482582246
27261,20.89209505711256
27262,25.760185798967907
27263,33.57791815362715
27264,28.24976833576816
27285,36.89209037764246
27286,42.473997240439935
27287,47.74300112917227
27288,43.21615704678442
27289,41.151873859529346
27290,39.82530037957615
27291,48.41233714194608
27292,43.27935678380823
27293,47.026853795386494
27294,75.80801047431615
27295,56.493834698911854
27296,57.25494925190712
27349,26.61428301180448
27350,25.772753724393247
27351,21.527974439107112
27352,30.090305437984586
27353,41.21735608908205
27378,27.646200916096138
27379,32.85927187709088
27380,40.566470117054166
27381,51.64269052193044
27382,47.09530633119292
27383,43.11457207854142
27384,42.18833209907604
27385,49.11572840434233
27386,44.57785397653887
27387,47.24577570238665
27388,68.77358364988976
27393,37.23348554737568
27394,38.872451304436765
27395,34.43381218150364
27396,60.8123128666337
27397,42.80437160016126
27398,39.61671352305584
27399,63.60378221553292
27400,49.96951611767319
27401,53.502877494736296
27402,47.676091341168885
27403,67.51803603522336
27404,50.5945964030545
27425,26.761069465087484
27426,27.634802089181086
27427,41.431051545267806
27428,36.57706156040234
27429,33.0572279876602
27430,41.459872719308905
27431,41.609326895892636
27432,42.452919505696535
27433,22.19995822834556
27434,39.86475096395853
27435,31.46032419132038
27436,18.068952312304376
27437,32.98924613226857
27438,33.24417521923956
27439,36.686224364699335
27440,54.23301956607224
27441,37.315179939384045
27442,31.27191175161626
27443,47.47993891417821
27444,33.57609109210427
27445,40.81546214054103
27446,39.06391160687973
27447,34.45120786159816
27448,46.97372533466399
27449,41.42450590581495
27450,48.117563067581656
27451,50.38817690565927
27452,44.31972402365643
27453,50.10644358712355
27454,11.649148164096212
27455,16.59822186493874
27456,15.354871161835574
27457,18.05215417033421
27458,21.599684213925393
27459,21.757877168073573
27470,29.529260741701847
27471,30.5405930859877
27472,24.225877557346656
27473,37.753811817598944
27474,53.328822535246246
27475,40.76143497726508
27482,23.5149873990001
27483,36.31658659129175
27484,49.07719505125849
27485,56.971038314994374
27486,68.85830422493022
27487,83.25391896487751
27488,45.88652810223413
27489,47.250098766649046
27490,51.422838898953046
27491,52.287143125600544
27492,54.5105208651011
27493,51.76677762000237
27500,30.900219033850423
27501,35.01948045100235
27502,66.33610798951726
27503,63.173241330227064
27504,46.80044059136857
27578,23.592193825021706
27579,25.993920945489844
27580,51.15975840963645
27581,36.31545627365211
27582,34.76923341378016
27583,33.177002224174345
27584,47.93989696266867
27589,44.850188808804596
27590,43.40783305983264
27591,77.97229370264455
27592,59.33450351191726
27593,50.45554553429007
27594,54.67950390047654
27595,71.1573342113843
27596,48.50226946954049
27597,77.35963946422743
27598,88.48582591405864
27599,75.93639019953095
27600,55.53230932857147
27719,19.71135285948255
27720,24.522602404785367
27721,33.97525749031565
27722,23.57700300310649
27723,29.24879995339473
27724,34.39714981064534
27725,42.85796328887231
27726,32.49128069142859
27727,52.3315728564199
27728,52.12591208756392
27729,50.70873773876075
27730,38.31932287977139
27795,39.18552352954641
27796,33.863714959301745
27797,55.307892698766715
27798,40.99731868639861
27799,62.09600174920553
27800,70.50274950976528
27801,46.21375995134755
27802,47.83398100069465
27803,66.84954339199508
27804,54.813674652801396
27805,72.41368693089007
27806,58.154119895605426
27807,23.7062438001061
27808,28.23019398340235
27809,30.605270722064258
27810,24.131027953129426
27811,32.931435306276796
27812,37.15557927642158
27813,38.06208892094339
27814,35.58349993158966
27815,67.58983640264108
27816,40.57483252696019
27817,42.83996661752839
27818,65.05529660717356
27848,20.233975626007044
27849,26.710766088713438
27850,28.68397516673206
27851,33.00291493914074
27852,39.24164418217737
27863,32.46405426373706
27864,37.26365275811272
27865,48.278977758288406
27866,36.840348127594254
27867,38.291149463655564
27868,35.69039639256188
27869,41.16206183145889
27870,65.109393466462
27871,76.06968967306805
27872,48.446754555758446
27873,66.72359212589592
27874,50.61171704618616
27898,27.542873483502653
27899,39.24731926137684
27900,22.947154413116778
27901,39.250287207901586
27902,22.422365540992583
27903,30.32905246921293
27904,35.081850499490216
27905,52.066183907852604
27906,43.937635820384955
27907,43.51265005015766
27908,43.58124375541725
27909,52.50303083944543
27933,15.111333926853826
27934,15.556826243008574
27935,24.43488260452572
27936,22.065636555250624
27937,27.43983377363941
27938,33.37697866511417
27939,26.504151231151305
27940,33.142256656859196
27941,45.99679107727448
27942,47.308599231918706
27943,38.84339760851641
27944,42.04868352523075
27945,30.32906143093595
27946,47.22620937119639
27947,32.926330045556746
27948,41.461469539292835
27949,36.90219578287986
27950,51.60103628705723
27951,37.43609188110921
27952,39.06029408952535
27977,56.3164173196057
27978,51.258444698945986
27979,42.84167282279982
27980,46.96680393112961
27981,41.56804805116309
27982,50.509191847132264
27983,80.80145492105663
27984,54.71362316238198
27985,58.29315358199702
28002,46.587325410810564
28003,35.52891249480769
28004,38.06679929754474
28005,34.665600975492865
28006,36.52508543642722
28007,50.57578463975847
28008,42.66222886880446
28009,44.09566831323047
28010,52.55286365821955
28011,76.12814089436313
28012,46.79931705893887
28013,48.45112833915332
28037,41.51021920491826
28038,29.875569255176085
28039,34.451180225869926
28040,38.6425524641709
28041,65.55824121951258
28076,22.53153016318693
28077,32.673306026415716
28078,58.42709577170359
28079,38.694640200874815
28080,42.41251078227844
28081,43.35840798560992
28082,46.82099485636893
28083,43.189425487412294
28084,42.19973564882632
28085,49.22008202658911
28086,51.279809975431746
28087,71.38893343484595
28124,46.001424948444274
28125,22.707949124860086
28126,34.392748193409794
28127,41.19775876390663
28128,39.47567367514537
28129,40.88932053891698
28130,47.74103936943691
28131,52.912720417933286
28132,52.63132432732572
28133,50.42894315464317
28134,67.08725809167339
28135,66.31622749337562
28169,30.80793061028267
28170,32.587274593374445
28171,35.162330971782644
28172,51.7422362603338
28173,37.50088432055687
28174,17.966715119776097
28175,25.71887613512131
28176,33.944140164494414
28177,28.732718818611445
28178,33.99699394211093
28179,34.693496109883974
28180,45.84202823253253
28329,24.255054633720988
28330,27.053199858787302
28331,29.574433199012834
28332,36.05129727928199
28371,35.11567694690775
28372,58.481560207593326
28373,59.33204634159582
28374,70.68455083736661
28375,66.51404391737447
28376,62.438989118750996
28377,50.383467648153626
28378,82.4694516086001
28379,72.59688204799016
28380,64.48219452769682
28381,71.64059674257228
28382,57.61543709089662
28399,48.251720545891104
28400,34.47716916855785
28401,37.377724208549765
28402,42.84930052384203
28403,48.39101123285592
28404,39.666363766012985
28405,64.15064451193666
28488,54.913875213118416
28489,43.393131912816266
28490,49.738307210853115
28491,69.69562830222404
28594,14.666659580165515
28595,33.0287802880842
28596,28.985252068559294
28597,28.875629313415473
28598,34.68743153836331
28599,38.14499580047624
28600,44.4586696502205
28601,42.37478969143711
28602,48.28543843787574
28603,45.0136573732934
28604,60.66180403394213
28605,64.701726212792
28618,28.11303261623537
28619,29.665085123132627
28620,26.39378959408306
28621,35.69023184553148
28622,28.560030595112313
28623,15.4339039344462
28624,17.29259095877947
28625,19.139626932185553
28626,22.549332820237026
28627,26.79763469245389
28628,27.24312700860863
28629,31.904901347444593
28630,33.47628900977128
28631,33.78395717038632
28632,35.780468350259305
28633,46.77249124858062
28682,22.38700085132463
28683,18.328911782791618
28684,25.632647178736192
28685,27.066210685523203
28686,26.960406379519153
28687,35.287166118877494
28688,25.005055960352433
28689,41.751628265656386
28690,43.20195631030666
28691,34.39440773746603
28692,42.59396698630445
28693,62.06736307385288
28711,15.64300812371478
28712,20.59208182455729
28713,20.76192582963265
28714,25.860474736942034
28737,20.926566525702196
28738,29.49772006703399
28739,24.541767385341117
28740,27.682514179230473
28741,12.528202247424078
28742,15.776781878081511
28743,20.151256854910883
28744,24.100608314193998
28745,39.22760445578743
28746,39.866162082597505
28747,36.749196281780364
28748,49.2733289534329
28749,39.94098122235169
28750,69.67884095558321
28751,50.482878944298534
28752,57.78569058057953
28753,53.584984487131095
28754,57.6463149596831
28755,76.3009614042217
28756,58.02611470135788
28761,27.37133671074628
28762,39.9700546254343
28763,35.76464130761355
28764,29.662252739685112
28765,32.78750339558673
28766,40.31770270492528
28767,43.41870478208529
28768,54.4945534571511
28769,48.430671802031036
28770,46.82594053905031
28771,48.11817700848832
28772,52.35709533197479
28825,20.219515399929318
28826,23.629221287980798
28827,23.385592826437048
28828,33.325948494421404
28829,32.93914641179447
28834,15.479548168905877
28835,33.47415358928651
28836,38.30215480720117
28837,36.575218568369365
28838,58.828039813704564
28839,42.60179707160869
28840,52.40975632622504
28841,46.84050337947525
28842,45.50917702461909
28843,50.94772419381145
28844,27.523297172093898
28845,34.26295081667554
28846,31.17106166971039
28847,31.956864354442946
28848,41.306075959697225
28849,30.468380242579546
28850,30.887486056647596
28851,32.704702590383654
28852,39.616224577124854
28853,52.841360052600876
28854,42.35977078543971
28855,44.957573790110196
28901,32.18625787372558
28902,25.462905646229572
28903,28.022364499188512
28904,26.77901379608535
28905,31.41292388978397
28906,29.77534715147399
28907,34.55856298534798
28908,38.60184369462651
28909,49.2928495876708
28910,47.759188545625264
28911,40.72230082594503
28912,45.43856263249022
28913,26.40412258717434
28914,29.67600431968612
28915,30.577297100199843
28916,29.043435965430046
28917,24.926426064741232
28918,37.0213294767649
28919,37.45501834997174
28961,30.1722467015979
28962,35.37005304156245
28963,37.48017537322027
28964,33.83434885976078
28965,39.204875754811816
28966,30.82915998810263
28967,37.792778300072925
29047,24.896571225492387
29048,32.52255913622507
29049,28.33829696307952
29050,26.795995847042615
29051,34.55980791331499
29052,28.75475983028556
29053,25.692403784868603
29054,54.05708066848397
29055,39.22694666512311
29068,26.368057802141426
29069,27.51432194692185
29070,26.546619554898086
29071,27.279411233059417
29072,40.5348758746518
29073,41.9421609477799
29074,36.808673731169904
29075,34.71527454650678
29076,25.35220516123
29077,39.60937646485174
29078,34.79714839756624
29079,45.0660028833499
29221,15.832265261859046
29222,22.481833032886655
29223,21.387957536250365
29224,19.70783226467376
29225,27.609468486485827
29226,25.803170110296698
29227,38.909159545422206
29228,33.0467174750571
29229,44.075802231448954
29230,39.638187536252104
29231,48.627344108628066
29232,44.627012064544886
29341,17.01119826655691
29342,18.86988529089018
29343,28.472015582887334
29344,21.461363993384758
29345,29.225176059657144
29346,26.292982337296067
29347,23.659739027868742
29348,29.014593993746203
29349,34.09908123535228
29350,36.14076084122163
29351,39.00491509633021
29352,33.352477265812944
29384,54.39914108797497
29385,40.039188114817556
29386,52.58368030645781
29387,63.19197044736803
29388,48.72545560407185
29389,52.58468799389534
29390,54.008218602689894
29391,55.274366294833456
29392,84.14947858778605
29393,53.12788912261159
29394,57.649777678018
29395,81.47192451959044
29417,56.18028791880947
29418,59.6733031864781
29419,35.503974116539695
29420,38.93571416383461
29463,29.254829586997413
29464,35.32979863401188
29465,37.841652740254005
29466,30.147466679527287
29467,32.319326399418365
29468,48.67162778357565
29469,48.17934048110107
29470,39.14999380672386
29471,37.71743984307763
29472,41.20223394077446
29473,39.76432900149337
29474,42.09268088875523
29475,27.54885582478793
29476,29.12024348711461
29477,28.485575168605934
29478,23.022663878377998
29479,37.48582124137229
29480,40.58204788907051
29518,49.12736837603773
29519,39.1886717705481
29520,43.07688255676644
29521,58.426648483291004
29522,66.19959507717404
29523,43.36474507888869
29524,68.25459654618894
29525,49.04629660078779
29526,73.7598939163851
29527,83.04840633624121
29528,59.379519406561045
29529,61.9290677703466
29557,27.701159601812122
29558,32.6172372728729
29559,37.83085598645093
29560,36.067786877703526
29561,49.074558178832845
29574,27.07238629781253
29575,37.78615429169386
29576,39.83076010076867
29577,47.10149365605399
29619,55.87566180098543
29620,39.32011754187391
29621,63.167915658129374
29622,46.37578400658131
29623,37.42472388094785
29624,38.14517397509183
29625,35.23731733593551
29626,44.19425343813044
29627,53.16406690021762
29628,66.47939847385655
29629,45.72005692761621
29630,48.061669962736126
29635,25.10801840511294
29636,27.52965310253218
29637,24.18398691355201
29638,26.388249128542064
29639,11.572053895746812
29640,34.83187833489383
29641,31.047340659037694
29642,50.46157524552378
29643,40.73834484094224
29644,51.22121970332347
29645,40.28068473170337
29646,41.88249322885555
29687,46.38047935020205
29688,38.30253474440753
29689,37.83791176644221
29690,44.25553203874056
29691,45.176303636282114
29704,16.639689213196966
29705,25.62605549409746
29706,28.63112732989335
29707,37.56199247683564
29708,34.62920150709924
29709,39.30423406852857
29710,33.515623446878706
29711,37.313719467545475
29724,14.15294617966521
29725,18.263423896342363
29726,17.73249607279204
29727,23.232866395793366
29728,30.272604531585728
29729,38.16258970247063
29730,31.228688811472214
29731,34.715105627235104
29732,37.54356065077471
29733,43.62571604470892
29734,43.74598808181192
29735,50.96814256648489
29736,20.135358850975056
29737,29.300714574498777
29738,33.12389292916935
29739,26.814013168292448
29740,29.61962266707318
29741,30.92640521207953
29742,31.2055791932577
29743,29.286197844062716
29744,36.73481792570029
29745,37.725633506959824
29746,59.769509203494096
29747,50.59986050743262
29796,28.074615292984856
29797,34.712023472944296
29798,50.77596035184132
29799,43.558972392938905
29800,49.60460157781192
29801,54.97131526900978
29802,44.92167378940387
29803,51.56071007185723
29804,50.5312565378765
29805,67.0935071065721
29806,52.23272669224329
29807,77.61126131283578
29817,11.285299059022867
29818,12.305390099190761
29819,15.002673107689397
29820,18.940373516045337
29826,47.526167904083934
29827,34.16402742026757
29828,35.058324812682194
29829,44.31267338473704
29868,12.169745861199692
29869,13.60330936798668
29870,15.737644703399344
29871,18.159279400818583
29913,26.26916385992835
29914,21.096830496150567
29915,26.47102771453936
29916,26.35357235760813
29917,34.13176670929458
29918,32.415622380764816
29919,46.4863564911427
29920,40.34579569741481
29921,46.109170540547076
29922,51.02941481874821
29923,46.01748205184213
29924,45.75146484901315
29998,22.404281856071314
29999,23.886483502924946
30000,31.115138031376915
30001,28.790004839075376
30028,20.118428485119075
30029,23.803782684249953
30030,30.84352082004233
30031,26.33700613210869
30056,10.947786713034228
30057,14.20801739461884
30058,14.377861399694188
30059,20.579003551321176
30060,22.27656431826041
30061,20.907040510544718
30062,26.844185402019473
30063,35.29711824599035
30064,24.621481255965378
30065,32.2047380448319
30066,38.92417160501398
30145,28.14079527443914
30146,29.562707730298968
30147,37.20115022516287
30148,30.98932567191626
30149,25.33940885104483
30150,23.854619063866966
30151,43.19042469675758
30152,35.037942665847886
30153,85.42303954122089
30154,49.89549374621196
30240,25.74233308510324
30241,38.00972653606339
30242,31.69984677518649
30243,30.04302360546422
30244,22.70180744389083
30245,39.86095689896956
30246,36.385442692643295
30247,39.94415283884126
30248,39.221764531737534
30249,64.13324867924464
30250,50.05086069249302
30251,40.495900849451345
30252,25.164976871040817
30253,34.31868154363736
30254,34.80714873489962
30255,34.76837477968937
30256,40.517737457153245
30292,17.130456232160327
30293,18.56401973894732
30294,26.75295532276597
30295,27.88756841661922
30415,21.6123347252394
30416,25.57333723544967
30417,30.097287418745925
30418,30.062539094082965
30435,15.814124931098153
30436,23.29063763536396
30437,24.011778262598106
30438,30.051794156831054
30439,35.28816721968015
30440,33.377689012453715
30441,33.22148077513637
30442,32.634894450090684
30443,44.45881328785788
30444,39.53749062456768
30445,49.180478939576815
30446,36.39744665913215
30452,41.22483791916587
30453,63.52711433822506
30454,46.45796270201126
30455,47.369202164186305
30456,77.61292614857564
30457,50.26613455164737
30458,54.45025026392095
30476,12.354328378118094
30477,14.213015402451354
30478,17.185946722029392
30479,18.056562555730412
30480,25.39525110445652
30481,21.486637242390373
30482,26.309537838620365
30483,30.833488021916615
30484,32.82999920178959
30485,26.24447112983328
30486,30.917896519596408
30487,42.0593946243846
30500,28.170632875552776
30501,47.242390427410946
30502,48.980789296847924
30503,30.695297810024353
30504,31.799152737882203
30505,34.6511031491301
30506,34.68228399303926
30507,43.06134167202685
30508,40.86355117869896
30509,58.30392201968129
30510,52.24421691573546
30511,49.21962565629011
30517,25.91262234604861
30518,22.22053751767701
30519,27.82514603149731
30520,36.5275326851554
30590,21.46913881591974
30591,38.814712375580804
30592,16.260904999977264
30593,37.12965376014661
30594,29.405434024876353
30595,32.037244397650966
30596,38.96070955854205
30597,42.10073456778536
30608,29.99481925787168
30609,31.650818577084614
30610,31.297843699704877
30611,37.00882995488381
30612,34.90092887462816
30613,59.91716495486325
30614,47.10418427567187
30615,71.85642917485
30616,48.12420331185864
30617,50.171602751492316
30618,50.12616377662941
30619,53.700394068302685
30655,24.1382975279281
30656,30.90238735264106
30657,21.777769226334303
30658,52.91559268161039
30769,21.65282243000093
30770,25.515949429676553
30771,25.091754022830973
30772,21.945502669769773
30773,30.998735286171456
30774,37.206335397405205
30775,33.27773442634867
30776,34.9865178681551
30777,35.79648305275488
30778,37.35296675114361
30779,35.21436064606624
30858,14.359651553565326
30859,16.356162733438296
30860,18.077025602231856
30861,19.349462851624804
30862,23.172641206295392
30863,25.31862759263523
30864,29.56692946485208
30865,29.311649952381153
30866,33.8356001356774
30867,40.335692700238134
30868,38.804725486326426
30881,28.20392552739646
30882,32.302752193146446
30883,31.417435871039295
30884,30.562204368057593
30885,36.66284780250211
30886,59.50283553986084
30887,42.88970876945045
30888,50.33159721121717
30889,45.48784873115405
30890,48.90517018761318
30891,50.04405948958561
30892,73.05126450896837
30893,26.662491891434527
30894,28.65900307130749
30895,35.180913351623374
30896,31.557615656681755
30897,38.6067556763948
30898,51.30176448587146
30899,45.81977053995207
30900,42.8901392732185
30901,49.8493927892833
30902,46.76366886013108
30903,60.02986012071888
30904,71.31758148550955
30993,32.19430561005508
30994,27.57326886843609
30995,29.099383545079974
30996,27.38772268243857
30997,10.711105254211638
30998,38.303106576393986
30999,31.49616200607463
31000,50.53695304745072
31001,38.328030379772194
31002,46.550717076770525
31003,46.22591901308359
31004,51.04058623758291
31005,28.09419107073046
31006,38.740332799750796
31007,30.01354358236582
31008,33.160554115647614
31009,16.41038579297013
31010,15.993980023105166
31011,21.08087787948739
31012,25.892127424790207
31013,21.743289961195554
31014,25.26751790293239
31015,14.291567805969096
31016,26.99812299589068
31042,27.382563693897858
31043,32.14710520071969
31044,34.81216852110527
31045,34.911686133003926
31046,31.105320444891852
31047,45.23389544837694
31048,41.42797058841478
31049,45.934222008787216
31050,48.42039350988523
31051,61.01752350883616
31068,18.34390692487341
31069,27.946037216870575
31070,32.99568548961418
31071,17.609942169157932
31072,34.297013137653
31073,39.51396594839466
31098,17.06465589045585
31099,22.128251644983724
31100,28.065396536458486
31101,25.282678020564283
31102,32.48354241375068
31103,31.527616336100817
31104,32.58409943288005
31113,30.782269181680196
31114,43.17583573725288
31115,42.63325686277539
31116,37.106663555584745
31117,19.334858615065993
31118,14.851646028986705
31119,24.005350701583254
31120,31.493514456776232
31181,13.816192685049524
31182,16.22617633154159
31183,22.02549706747665
31184,24.15983240288932
31185,23.628904579338993
31186,29.428225315274062
31215,19.734972882267837
31216,39.279736856286405
31217,34.91843128730614
31218,41.933645147556454
31219,47.55221372337558
31220,45.807360978037444
31419,27.220846450794358
31420,21.89452268395578
31421,28.333423100614297
31422,48.16785517296437
31443,30.355864374819234
31444,46.08158634574588
31445,30.372535944412117
31446,30.678914746755446
31447,30.022279277692245
31448,44.32382530471709
31449,57.401382234173944
31450,67.10393548046069
31451,60.8504755233727
31452,43.187999358333265
31453,48.85775957214982
31454,47.74338313927261
31483,46.32150128052887
31484,35.199169943100316
31485,47.84153605700003
31486,39.02777692139967
31487,40.49650180653078
31488,25.367366298395883
31489,36.09539193656498
31490,23.32903669075165
31491,38.27067099390969
31492,41.29576087938622
31493,54.71945297381804
31494,69.34277622107194
31495,50.93972913604229
31496,41.42500773151954
31497,57.71707752088063
31498,48.29364092047979
31499,38.00447945194677
31536,30.02751729121385
31537,36.23416538212818
31538,37.783993294125224
31539,59.2732113073592
31540,29.107086718916463
31541,64.0824459339878
31542,36.30836342840415
31543,59.191357246832936
31544,52.55850602233237
31545,61.30254567600584
31546,50.14035147948876
31547,67.01340686181182
31548,21.727594665228708
31549,23.319039336129972
31550,44.77475347168486
31551,30.78596804959682
31552,45.17415350598058
31565,28.05520578226993
31566,33.10387501297749
31567,36.3415651124255
31568,33.73389964226468
31569,40.19612437462919
31570,50.414671535375824
31599,21.354555043415523
31600,26.30362874425805
31601,33.64231729298416
31602,27.534172152940137
31603,35.274347725389276
31604,30.97991362120952
31605,36.04157826165854
31606,38.613350314664025
31607,42.61978163797737
31608,41.71737882501744
31609,41.94683977223777
31610,45.9676578908108
31627,23.751628005192288
31628,30.133868786986124
31629,30.284286169936646
31630,31.328768332941788
31631,38.81743240433538
31632,59.486851749502925
31633,64.03763696262585
31716,26.638523377058384
31717,32.81788849004526
31718,33.310764044283204
31719,18.510420133933586
31720,37.99906549595118
31733,15.02995540489118
31734,18.14071088000891
31735,25.83461664071826
31736,35.27562067532138
31786,16.184632544941856
31787,20.26015710883749
31788,22.11884413317076
31789,28.745109802344018
31832,41.17310697905155
31833,45.007936384649305
31834,44.99761809251041
31835,43.48085352931818
31836,61.203095232343806
31837,48.93289547989831
31838,72.9031012141761
31839,51.90084714853978
31840,53.5777785218639
31841,75.31283644270906
31888,29.276517407339494
31889,46.82074710862578
31890,37.465758558414514
31891,36.90125847817616
31892,36.76833302847193
31893,42.478636148617085
31894,53.653750937796644
31895,57.69903816514662
31993,44.332970979602685
31994,39.4144542737561
31995,47.40086591201249
31996,43.66415081216368
32014,26.45046098318003
32015,19.01468587613119
32016,27.628744977496105
32017,27.619017103755674
32018,27.55448555394558
32019,23.61415183299597
32020,35.08140240668412
32021,31.989905228764876
32022,30.873046139482547
32057,28.482669786398404
32058,23.310336422620622
32059,26.50381073659877
32060,26.197543622869087
32061,32.68323560430745
32062,29.593018528597813
32063,28.108486844279454
32064,24.576193831170375
32065,31.280660932620897
32066,43.56109794281835
32067,34.39844612519536
32068,34.74655424566416
32119,14.039439179464894
32120,15.473002686251885
32121,19.42235414553499
32122,23.0960572937387
32123,27.447230168713727
32124,32.534128025095946
32125,36.357306379766534
32126,37.09009805792786
32127,28.550362080520124
32213,31.012825526121105
32214,21.750383244274644
32215,27.86520729479851
32216,28.618033995717163
32217,28.45955226845889
32218,39.99550679190577
32231,19.67549216333377
32232,43.43478106582514
32233,35.179428734970415
32234,38.010687163429665
32235,49.38095260241574
32236,25.314723779013065
32237,22.58524578413968
32238,24.3866793979187
32239,37.07055233860612
32240,28.33680751648084
32241,42.44503893755946
32242,40.84306896007729
32243,28.947663142298154
32244,43.18360247870222
32245,47.399447068172464
32246,53.157731510731054
32247,51.02312878705861
32353,20.475316231757734
32354,20.49568503036621
32355,26.098926356125716
32356,26.119295154734196
32383,17.47029606910766
32384,19.59298035359315
32385,21.30219217145954
32386,23.562700611484743
32449,15.79174544387769
32450,18.33955324590946
32451,19.48581739068988
32452,21.60850167517537
32453,20.80192554054565
32454,25.75099924138817
32455,34.778530809372185
32456,29.8818457566738
32457,29.477091037736006
32470,28.646287298012076
32471,33.066169309189696
32472,31.84876881141577
32473,39.098158901278964
32474,38.896350939604304
32475,56.69848463297613
32476,48.537630195182366
32477,58.07875563738713
32478,51.84267613538151
32479,64.42974701282638
32480,62.304866041818435
32527,38.55635512125626
32528,26.50151925342722
32529,32.09797562260941
32530,33.24647527292157
32608,14.688819207362524
32609,15.433261936451027
32610,22.33517591670369
32611,21.493646629292446
32627,19.428444368859154
32628,23.94720146083499
32629,36.62891063320959
32630,27.48684509519258
32713,24.386112342245895
32714,35.95273396458037
32715,20.548231053648177
32716,28.80630274283748
32717,32.32346410156518
32718,35.11516336774137
32719,39.65041292934698
32720,43.59478728914931
32721,41.70204678001288
32722,42.94475703738813
32723,46.70948605939269
32724,69.42426059407723
32725,24.649791681467175
32726,37.905256323059554
32727,31.170253044636386
32728,31.909249294442855
32729,38.93984639392821
32730,38.21561685251069
32731,32.64688175366659
32732,46.538853168384634
32733,71.39048107390612
32734,69.97618136122641
32735,61.941847482689255
32736,67.8477306142195
32741,19.229363314859558
32742,26.292403552506254
32743,25.198528055869968
32744,25.494545165557852
32745,37.57776134233141
32746,33.61941382566678
32855,28.73372924063306
32856,25.51423615626541
32857,30.601134012647638
32858,27.956239652293124
32859,32.479480847400865
32860,29.133014203536774
32871,15.25436385495377
32872,15.894275514803969
32873,17.035346568263975
32874,18.423570739628627
32875,26.35090800985837
32876,21.95518475167291
32877,31.540470901422484
32878,24.237326858592926
32879,28.941448788997246
32880,30.85347887932708
32881,28.476036950355656
32882,28.702161414060395
32901,19.633157686744557
32902,23.019561472941696
32903,20.925963734745984
32904,24.04837026079089
32905,22.75892337521071
32906,30.640499904389404
32907,22.440959971376053
32908,35.39134837480214
32909,59.8919171463345
32929,36.5002646274648
32930,47.21663921470674
32931,33.49315774890373
32932,36.39489182944394
32933,39.65476086557137
32934,37.818762201833785
32935,47.19837441534899
32936,70.7957665945673
32937,41.414787237230044
32938,49.935395683020836
32977,11.083483754710832
32978,13.631291556742601
32979,14.226259079364219
32980,17.061366243402553
32981,18.069806232643284
33029,37.229925760086985
33030,20.185900628251034
33031,38.25393552407053
33032,44.594182813255536
33033,39.29951192810317
33034,43.45407968074579
33035,43.98837288536293
33036,49.0327655153627
33037,54.75762888965505
33038,45.47307456239216
33039,49.48303571490455
33040,57.097719324440504
33107,42.483174510722584
33108,40.32029391808837
33109,46.46336822397271
33110,56.15372664511831
33111,47.23132279892251
33112,54.99106805827846
33113,49.7240582309007
33114,55.8799839005045
33115,44.13365653510027
33116,54.21945403611478
33117,55.218696002278385
33118,56.606007975569185
33119,25.26386992922361
33120,32.56211695201756
33121,27.13946326996659
33122,35.895065625135224
33123,35.53228611166638
33124,34.25807827103796
33125,51.79064983200777
33126,42.37195864878368
33127,40.89236253480278
33128,50.95989255253632
33129,42.502431149008046
33130,45.14429531119953
33135,29.485405720119186
33136,25.623700687222456
33137,28.988455830176626
33138,29.096999434228145
33139,32.95637154163146
33140,26.59755506469569
33141,45.680762303049065
33142,42.158420409880186
33143,44.35335508627042
33144,43.601899552819866
33157,36.32803443073932
33158,41.54437481177135
33159,35.85106591237179
33160,41.353529124698525
33161,46.026992224039915
33192,18.21294579511487
33193,19.22138578435559
33194,21.08007280868886
33195,28.418761357414965
33196,28.864253673569717
33197,25.920408900281462
33198,31.99537794729592
33199,46.57362427775704
33200,33.19286781483298
33201,37.052087280561594
33202,40.486630732776135
33203,47.682245855386434
33204,26.73339817921597
33205,23.89227527088041
33206,31.841427205662164
33207,25.002008116170174
33208,42.049034083092536
33209,35.01830672019953
33210,33.94717017684499
33211,40.20507401967899
33212,35.01898988308228
33213,45.93162267403005
33214,43.838156830982484
33215,38.40634698048652
33228,21.55945122438349
33229,24.681857750428396
33230,24.851701755503754
33231,28.11193243708837
33232,26.16780990535953
33233,27.31407405013995
33254,23.69512654659876
33255,23.97949260535946
33256,30.11315898478263
33257,32.666021530784676
33258,14.20992561066208
33259,16.883906517306375
33260,18.868766646252173
33261,21.404923397356757
33262,18.382586401763664
33263,20.091798219630057
33264,21.80101003749645
33265,27.025732049418373
33266,23.68006586043819
33267,22.011591639788758
33268,29.649230601448615
33269,25.60279258384277
33270,32.86578849657178
33271,33.63487477690491
33272,31.551440056981868
33273,38.22761963967038
33274,20.319474754968198
33275,17.674580394613695
33276,30.355446312192935
33277,27.285428434292168
33278,30.731840236059732
33279,30.76029935678088
33280,27.88952436038926
33281,36.83762514870863
33336,34.784766928191246
33337,27.900288443301196
33338,29.996460283336766
33339,38.17857637976333
33483,15.81789747463247
33484,18.66465568959797
33485,20.098219196384964
33486,21.669606858711663
33487,26.31973014662044
33488,28.040593015414
33489,38.619143447116244
33490,31.470667702073968
33491,33.167040179401276
33492,38.54123739779007
33493,28.60657891251798
33494,59.12542554362722
33495,29.83155712310915
33496,35.85639888636771
33497,48.55154486029951
33498,42.11631082067901
33499,66.22535750605581
33512,32.92771874926923
33513,18.77308089798319
33514,30.03923761338041
33515,29.921400769525825
33516,48.76227491025466
33517,44.70768442412265
33518,41.92126475879293
33519,42.30494540025397
33520,49.23933499844354
33521,53.635715442186914
33522,65.20258500928564
33523,51.17851039392093
33528,29.368700727554245
33529,33.31554523512442
33530,40.94384500463084
33531,39.744763028429716
33639,13.069360055725904
33640,16.60523904838991
33641,17.18855552008436
33642,24.940716535429566
33659,31.609319332774504
33660,29.372856684020487
33661,37.10473079937036
33662,38.79120511275771
33716,29.3846060062076
33717,38.9750852472776
33718,33.60734398047558
33719,33.29758483260679
33720,45.571479149547656
33721,36.36041889029359
33722,62.97336498854057
33723,51.37639864568416
33724,41.327657041067695
33725,61.04475591115875
33726,48.941644297869146
33727,63.83610832517413
33958,19.680715653246086
33959,19.976732762933967
33960,28.728616019838583
33961,29.047935231380805
33962,20.486264778160024
33984,14.404236581655367
33985,21.731274079454295
33986,23.302661741780987
33987,26.425068267825903
34035,13.768511709036934
34036,15.339899371363625
34037,17.462583655849127
34038,18.62049885155671
34039,23.00662487931327
34040,25.42825957673251
34041,29.23978688047591
34042,29.133982574471865
34043,30.142422563712575
34044,34.24124922946257
34045,41.56828672726149
34046,47.918904085355365
34047,42.01724394593352
34048,37.122168196799095
34049,58.00151246267944
34050,59.48364273345569
34051,68.98076481156362
34052,42.99831005328673
34053,45.80161074828485
34054,47.83977745767403
34055,49.12370665116478
34056,74.47106724062171
34057,84.32472176174112
34058,88.0149278237726
34063,35.006101757105725
34064,31.385085671070257
34065,40.093154075122456
34066,41.46600365647065
34067,39.779690256364944
34084,19.944922896084822
34085,18.563748037441954
34086,25.60348617323431
34087,27.312697991100702
34088,33.100367676108604
34089,31.018420988840077
34090,34.93166225195152
34091,29.173625861476083
34092,45.36159253321378
34093,36.62226838901081
34094,46.76613373576796
34095,58.88535012976632
34108,29.6919011113328
34109,29.850094065480974
34110,32.020523108592585
34111,35.910258784280416
34112,43.99148433445333
34176,21.73894876029394
34177,20.782897419197344
34178,18.55147552546194
34179,30.920413469498612
34180,28.035596615203332
34181,34.39780974185192
34182,38.31437278063477
34183,36.05566707480659
34184,39.43650735104963
34282,22.21868818154277
34283,16.33393193821214
34284,24.93633998864989
34285,30.712358622730605
34334,15.289841235509146
34335,28.522003775247185
34336,30.644688059732673
34337,31.07852932496027
34427,38.24852621871125
34428,46.07456738752098
34429,36.904321051246995
34430,48.82134626246404
34431,43.83198973874817
34432,40.11881754137648
34433,45.4458017606851
34434,22.539977327947106
34435,34.79959257677441
34436,33.48837443097703
34437,36.12809472322834
34486,32.24243948381909
34487,37.35503838861897
34488,42.93790254729059
34489,36.79154799037106
34490,34.355414787838
34491,40.851303872950226
34492,40.515804496087
34493,36.15107116881592
34494,36.970558090004545
34495,36.78560490236087
34496,40.6972554735067
34497,38.22922697189898
34538,13.137000738521492
34539,15.39750917854668
34540,18.209314240730677
34541,24.134808081278265
34594,36.97507279724902
34595,32.555208643720384
34596,45.15125605534382
34597,39.781536011024755
34598,14.938464179681459
34599,11.592797990701285
34600,16.691346898010682
34601,22.329541376551695
34602,23.7631048833387
34603,27.861931549088666
34604,30.559214557587318
34605,27.20189731767997
34606,29.452334659776056
34607,31.723908794796483
34608,39.857748890396266
34609,47.94835027474586
34610,29.51231660224691
34611,29.119212934236298
34612,32.368429558544605
34613,35.00369830973984
34614,35.95689901293244
34615,36.674267354428025
34616,37.55364960580455
34617,22.605388424310874
34618,29.357827198096658
34619,33.73230217492603
34620,34.028319284613914
34621,38.1637765583804
34660,19.47091390329675
34661,21.030650514696273
34662,18.511929258954297
34663,24.02395063288278
34664,35.7626504162761
34665,37.62727578563953
34690,15.00536654804643
34691,19.65548983595521
34692,24.041615863711744
34693,22.94774036707547
34694,27.758989912378286
34695,27.204759986973613
34696,31.291935601796418
34697,38.34332478851596
34698,45.28644074063667
34699,44.760258690806445
34753,12.118564043158157
34754,14.25289937857082
34755,28.473133108941106
34756,32.434135619151384
34757,20.506430178341944
34758,29.291941926230066
34759,43.92124266584472
34760,36.30353732160739
34761,52.44408920955125
34762,40.26290848131117
34763,45.21959807706672
34764,42.99172433381369
34806,20.825853356839403
34807,27.440467975085497
34808,33.07866245362651
34809,29.884412937655238
34810,36.32159483751547
34864,18.12512421274407
34865,22.214643736613827
34866,30.549914192045584
34867,31.0077841727562
34874,25.355135658749976
34875,27.75346825431487
34876,29.799406180498032
34877,43.118236188331466
34906,29.301162089200727
34907,23.554230001409802
34908,28.064965304294617
34909,32.67256211304162
34910,36.20367369408144
34911,40.58505249473206
34912,29.690707962145474
34913,38.93443582326762
34938,37.37226077359162
34939,30.321681682669997
34940,34.02487433419267
34941,45.110113177399235
34942,34.84034457286597
34949,22.164958856138465
34950,21.77185518812785
34951,27.727210485758338
34952,29.021518686879713
34953,28.426282501924295
34998,38.0715354364137
34999,30.896258513092434
35000,34.704722374889926
35001,31.188064873789667
35002,58.64272898301517
35078,36.810594389820345
35079,25.13523515823596
35080,28.243389811043738
35081,36.631591758141695
35111,18.057617150676165
35112,19.76682896854256
35113,26.66874294879522
35114,36.742868048333456
35115,23.60091777405644
35116,23.33894479761109
35117,41.963747930243585
35118,37.1878537450873
35119,44.6789046981647
35120,38.346027555342324
35121,41.73645778249495
35122,49.524788464042146
35177,24.176884034835048
35178,38.935016301363504
35179,34.05104901110411
35180,34.09365592493684
35181,53.80337006658117
35207,25.81941073178746
35208,27.11515008303475
35209,34.88307259273498
35210,25.74541616309292
35211,26.34043026891532
35212,32.31893721988245
35213,37.521649563436945
35214,42.9720843762946
35215,40.847895749036525
35216,47.648439441331455
35217,43.280025193449696
35218,57.6249761500523
35277,31.02599469091759
35278,35.13189699542562
35279,38.142262199384305
35280,58.93750383580218
35281,42.844665053965215
35282,43.28349014429665
35283,49.15441029263886
35284,62.10220622624606
35285,76.33915678825534
35286,42.31059712300751
35287,33.322691973368286
35288,35.5580590089469
35289,38.4675279357477
35389,38.64819541555589
35390,40.64470659542885
35391,26.406993507582033
35392,38.97991608010039
35393,40.868098489561966
35394,27.112579691689128
35395,41.70049902477522
35396,43.50469169769447
35397,45.217340939595665
35398,51.0421123964679
35399,52.18066172647988
35400,50.96785190806061
35401,29.70525099515482
35402,30.337604659916895
35403,38.008651402321746
35404,31.59997219285635
35405,47.08611795592379
35406,47.11877228226249
35407,42.88438334245273
35408,58.63546730000382
35409,51.17190251681405
35410,44.36206217891903
35411,50.84127124944409
35412,55.177960738977234
35438,21.363807278974228
35439,32.516956434689604
35440,54.69616854965037
35441,33.077474726645534
35442,42.70530753821487
35443,35.26772015000034
35444,43.80874091996432
35445,50.16848575372769
35446,44.48837890026112
35447,72.4577409280495
35448,64.64883560533026
35545,67.981150997459
35546,58.09094198167206
35547,45.96513423903663
35548,57.353917586567555
35549,65.09609326576566
35550,57.48483841623045
35551,67.13207411228609
35552,55.094528024306626
35553,75.28171527668607
35554,81.47792432867425
35555,57.50019810210813
35556,61.74680046713552
35557,24.76911683156516
35558,45.061496529151576
35559,30.490272027101994
35560,35.326128448906864
35614,31.78822996663696
35615,48.54755375135771
35616,32.06778256727999
35617,38.26836271308055
35618,39.12807625971362
35619,37.68637013268428
35620,33.79057618884194
35621,21.899593333496103
35622,18.967399611135026
35623,36.025673808789506
35624,32.10540889579619
35625,32.41307705641125
35626,35.42445473614667
35627,35.404382067188784
35628,35.12242356156545
35629,39.67503911715109
35630,20.325120993826275
35631,39.752203125899065
35632,42.94130605529742
35676,40.5097620301333
35677,40.53566144607018
35678,44.056134014628995
35679,43.66863475040568
35680,48.974796707612036
35681,57.87476850239023
35682,49.19534203270524
35683,52.117430141837744
35684,66.53026117088308
35685,54.41073175770849
35686,67.14223414886673
35687,61.35315596573099
35706,24.54643899451711
35707,25.41705482821814
35708,30.791252046606928
35709,13.448120489185591
35710,18.122089983640382
35711,20.96884819860589
35712,25.630895669609515
35713,30.67728218358073
35714,25.564542033434208
35715,18.992813260730298
35716,37.245345025254615
35717,46.247289867119356
35718,24.502084914182586
35719,34.24203936171945
35720,30.041803722368698
35721,33.63058671435418
35727,20.137025245715268
35728,29.290729918311815
35729,10.637751878919222
35730,27.84601726791108
35731,34.52941162456372
35732,38.786373102449815
35733,33.98088127044564
35734,38.719674140829596
35735,47.24725209911902
35736,45.92176826653822
35737,43.041639483075784
35738,42.32148080596268
35745,19.610886137768542
35746,19.91855429838359
35747,22.052889633796255
35748,20.671714775153397
35749,22.380926593019794
35824,21.90106953423069
35825,23.334633041017682
35826,18.288472781852416
35827,21.410879307897332
35902,16.27829753156691
35903,25.35044484767325
35904,29.736570875429805
35905,37.46542978892066
35922,26.270706817030838
35923,28.830165669989768
35924,18.147169184618026
35925,35.65328621037397
35926,30.585405649070022
35927,37.78606236786323
35928,38.5171751366606
35929,36.598422769805055
35930,42.47762312031686
35931,41.068071223626106
35932,42.662913379827884
35933,43.739009845672385
35974,21.18832830562023
35975,27.550596714641255
35976,30.810827396225868
35977,27.304034949851648
35978,43.94883668088704
35979,29.46161345933332
35980,43.25913129100246
35981,35.53916585907143
35982,61.781180577315155
35983,43.80517427402857
35984,38.5116159233895
35985,43.86958676178922
35986,16.477877783771408
35987,28.985966393029436
35988,18.486408268554396
35989,34.85695163004984
35990,39.2422630380757
36068,21.219913808973818
36069,27.97085007818828
36070,36.58665334629626
36071,36.10590692956939
36120,33.46168679999218
36121,31.237825705979347
36122,41.495501367390105
36123,32.333672721874706
36124,67.14609729000006
36137,29.909022466270976
36138,37.10988685945737
36139,29.260639285789434
36140,34.89598851482062
36141,39.68320755486953
36142,39.232046793167015
36143,39.410340227847016
36144,38.21949568848648
36145,50.27528302060601
36146,49.12019016677419
36147,42.87943377123318
36148,72.64182675119926
36192,29.387575364789377
36193,34.71630501609318
36194,37.37447457441973
36195,37.182120321566714
36196,47.98283843736695
36197,62.36084077625916
36198,43.68673593503051
36199,55.860155540561834
36200,52.933827361353096
36201,58.4460834731371
36202,77.54572522043877
36220,28.764427737561732
36221,26.646869099912088
36222,19.660600160166467
36223,36.060508076964084
36224,32.9672512479087
36225,28.554518164248393
36226,44.53493370976477
36227,37.977676677204926
36228,50.47878046736311
36229,48.82113688165323
36230,49.661243772539095
36231,47.91225994727487
36245,36.18881733905549
36246,37.59907874398813
36247,31.912007205315955
36248,37.38627850663667
36249,31.80643613272271
36250,48.60767440853138
36251,39.98462703188313
36252,37.89453621058847
36253,38.08958416846086
36254,35.474538619018254
36255,29.314134064608215
36256,26.732838494801673
36257,30.643675513154378
36258,34.44169774736224
36259,35.25871877016281
36260,31.893771981061164
36261,32.34229316054969
36262,38.43524465818054
36263,41.96600255313916
36264,41.73061479226547
36289,11.85617145892728
36290,12.738438343555472
36291,15.136770939120364
36292,17.822402896691827
36293,19.818914076564788
36294,22.516197085063432
36295,28.7289902876176
36296,25.796796565256518
36297,30.745870266099036
36298,32.17943377288603
36318,27.628947163633516
36319,29.625458343506477
36320,25.615342242856922
36321,35.08754562195125
36322,32.76574666732681
36323,29.142186543280175
36324,49.64141748293524
36325,38.59984786136731
36326,48.55996849826146
36327,42.27525470577241
36328,42.92266491179275
36329,48.54567266059104
36330,64.65527841094885
36331,48.56391583718322
36332,56.8988908091447
36333,60.98163520439849
36343,22.982082896450635
36344,8.601947296367415
36345,28.128018416382908
36346,28.132906836468827
36347,34.030271524611415
36348,17.62615726191335
36349,14.459412929006067
36350,40.014365502240665
36351,50.092896983484046
36352,40.99352591983355
36353,40.04325190940917
36354,39.804483677683166
36367,20.864089022812458
36368,34.29732646494959
36369,29.74713250807373
36370,28.104359335841963
36371,32.09106289446991
36372,36.14083201125618
36373,27.703824055435447
36374,40.57315149718311
36375,34.197897619050835
36441,23.011392593946834
36442,30.18357174408283
36443,44.50313930105251
36444,30.643597520437517
36445,38.385674047162674
36446,37.59359247989215
36447,37.166819435229826
36448,42.27408870463768
36449,59.72229300881338
36450,81.69959584560586
36451,57.11640313829406
36452,47.79732159571596
36453,18.557583262799128
36454,23.136158607123566
36455,34.86173718029017
36456,36.55247520180658
36457,31.5222191651521
36458,55.1792260233782
36459,42.15128329058431
36460,50.4938668946027
36461,45.86060209212336
36462,66.33585488985874
36463,55.115531245405464
36464,55.36990664563265
36523,12.880928205187693
36524,16.40515614692453
36525,18.551142533264365
36526,30.20898410742985
36601,22.553755492737373
36602,31.86858642272796
36603,18.79168353389224
36604,37.400976595264936
36605,37.23448007098531
36606,32.90121121873831
36607,42.52526145741664
36608,30.868312836433294
36609,38.91589781297
36610,38.730360797622005
36611,38.27944838815843
36612,39.17203185291699
36618,33.0517185205931
36619,27.929235466496554
36620,32.80837079999927
36621,43.821590553063494
36637,35.4345723871376
36638,33.76609816648816
36639,50.12360053551697
36640,39.86362994939112
36641,34.75726397960148
36642,68.17733113048922
36643,38.64266537666045
36644,55.95411158779545
36645,54.126876261245954
36646,70.78598941486234
36647,25.669868506351918
36648,28.122199744412352
36649,28.137375451700418
36650,31.530237197504313
36651,33.76630945739818
36652,36.033275857030134
36653,38.86318992974806
36658,40.279605777351144
36659,40.1153989078144
36660,41.70783314363117
36661,51.57073069368297
36662,44.25679766992918
36680,35.09606580390007
36681,35.15505689171319
36682,34.919171277637545
36683,44.17833630318596
36714,23.83597946556644
36715,22.84497497168832
36716,34.951242165254435
36717,31.665572726578986
36734,35.97204462508056
36735,41.095482947649074
36736,40.259744810965564
36737,53.29385857055014
36738,63.448405047059026
36739,59.48990513837368
36740,49.474134160583766
36741,53.93857507747214
36742,49.74686831230182
36743,47.27330911253885
36744,75.3760595623344
36808,28.372827819614635
36809,29.92155110080235
36810,16.494860995147096
36811,32.74357424804344
36852,25.18258929818427
36853,25.918071661790528
36854,9.465916234380328
36855,41.483291332187044
36856,32.75977064102907
36878,15.483691487379547
36879,14.378164939816083
36880,18.06351913894696
36881,27.37835006893755
36882,25.422576486281546
36883,37.264846419695424
36884,39.66317901526031
36885,37.581232327991785
36886,38.88878189780662
36887,32.81309956570442
36888,35.792841332999906
36889,34.303266198848554
36890,32.944157976938484
36891,61.979769761416776
36892,36.82536789205209
36893,39.81101572852267
36894,42.678051707458906
36951,28.771086674458754
36952,24.503111820080868
36953,29.327967022475242
36954,38.4784578745685
36955,31.762461523245115
36956,56.1213530634399
36957,39.93784157561276
36958,37.74699726993832
36959,42.17682758580237
36960,40.90186605776759
36961,49.15284917378857
36962,47.33730399143103
36975,26.967320219083426
36976,42.154028684552486
36977,45.712151165311
36978,63.41685601501331
37010,11.95823739088693
37011,15.218468072471548
37012,16.652031579258537
37013,16.258927911247923
37014,22.03494654532864
37015,27.55861897018431
37016,28.01576233726623
37017,26.910235789702767
37018,40.23956506576981
37019,35.83551836697355
37020,25.44044083246842
37021,40.67508256433688
37022,36.29743561688832
37023,52.14615432273178
37024,32.28373898097866
37025,40.490267896591256
37026,40.162418839810094
37027,47.85815326903778
37028,41.69831712050956
37029,51.11743266276599
37030,50.289461872380144
37031,45.63531431109463
37032,59.21430985481061
37033,67.7062912392266
37034,29.77042927626836
37035,25.011568379109665
37036,28.834746733780253
37037,23.08781464598931
37038,29.02445822366876
37039,29.18152886462077
37040,29.990721784694458
37041,26.285136323076276
37042,16.459746368143854
37043,24.774855056575035
37044,24.78357280425633
37045,34.93605816656276
37046,33.218204543729414
37047,31.477248313675624
37048,33.55966998254036
37049,37.877288719324156
37050,53.711202724127325
37051,44.764897055412646
37052,40.990247320402354
37053,37.059547267134235
37054,31.312615179343304
37055,35.68477100809192
37056,41.6012170018226
37057,50.21712453299191
37058,45.745562997839784
37059,43.85483832918961
37060,40.559986328525625
37061,69.59977017398383
37074,28.001730583334606
37075,35.91501785607386
37076,26.7903997297671
37077,29.48768273826574
37078,29.104761795635543
37079,29.704431272106888
37080,32.440861740906044
37153,22.9931443249415
37154,30.343483924594782
37155,27.974237875319673
37156,39.934332749103326
37157,35.08183204815573
37158,34.69193017036378
37159,38.000405867678076
37160,47.65584250966834
37161,44.68673308627522
37249,22.280891102451964
37250,29.481755495638367
37251,27.25033360190296
37252,28.03228663089879
37253,34.1719710584288
37254,41.15453400528731
37255,35.238658022772384
37256,35.604765891820804
37257,63.158118264564585
37258,40.90173107430422
37259,40.17647337396483
37260,49.796069302278795
37261,13.971024574029723
37262,21.597012484762406
37263,22.582150372148778
37264,24.854309863101143
37265,22.347239658286345
37266,26.58389047957602
37267,23.044350769891473
37268,34.67023664060032
37269,33.6962735570261
37270,39.61561937960237
37271,44.08250430632245
37272,43.054865012469264
37308,30.386245378943613
37309,38.012233289676296
37310,42.41001036836002
37311,29.66243569818213
37398,29.34549602089488
37399,33.2944498849048
37400,38.874552849722534
37401,43.81967158421156
37430,20.22334966228249
37431,27.1485657443895
37432,27.444582854077375
37433,30.074010281270283
37434,30.456807321671423
37435,36.06595694414769
37436,36.9077293428921
37437,32.80239336028774
37438,30.152600292637207
37439,45.82038856431007
37440,50.46302302972714
37489,27.387832039962614
37490,56.839427490282716
37491,44.0138880221193
37492,45.307032073159334
37493,35.04928440314071
37494,38.404247540447884
37495,41.28172884642359
37555,27.51307236502882
37556,27.466459792840723
37557,24.852261973127415
37558,32.15486329079503
37559,23.162876228707557
37560,34.43700539771504
37561,33.34279042613399
37562,36.96230021072986
37563,33.42863379936279
37564,44.58515278677637
37577,27.81036021063058
37578,25.194910272103954
37579,33.39206399794975
37580,33.6520757986293
37581,38.022215761412305
37653,19.050470472652048
37654,30.20361962836742
37655,33.22798052804124
37656,31.727153568193515
37657,31.049996131652208
37658,33.24081298764171
37659,47.33925861666033
37660,56.3153474539466
37699,33.780937376365344
37700,37.1872010760754
37701,34.87466307064802
37702,35.02508045359855
37703,60.39207820718292
37704,42.46922925284614
37705,46.08925597137912
37706,55.905465638825
37707,50.888063177566494
37708,46.30980971523465
37709,52.39140930302693
37710,65.21368483564741
37756,37.27720655940743
37757,44.47807095259384
37758,36.904471690005295
37759,50.125303013349686
37760,37.787078720502016
37761,53.37320829058114
37762,48.61072299875474
37767,24.808519123492754
37768,30.745664014967513
37769,35.41293444731605
37770,39.274569450708164
37771,34.77020618868764
37772,47.52336960344145
37773,59.36645229402777
37774,45.642048738889066
37775,48.04573629134405
37776,50.1353181396438
37777,55.374263949129755
37778,77.57007374996739
37816,22.974460591169862
37817,27.762408034618332
37818,37.06558791368175
37819,16.84029467059388
37862,23.110065193995315
37863,28.196963050377533
37864,20.20989132116989
37865,24.596017348926438
37960,24.22222312912686
37961,26.919506137625493
37962,22.298469396006503
37963,30.80788264305147
37964,31.529313290513592
37965,27.572134248556992
37966,32.945391360075895
37967,35.70695030922673
37968,45.066666742067596
37969,44.97425332168003
37970,46.9538399608997
37971,40.91374224088537
37994,31.015319019642327
37995,31.68593390528275
37996,37.366375769047664
37997,50.175629727768055
37998,57.766635403521306
38021,35.394339788232415
38022,39.3192550673842
38023,33.142006370726584
38024,33.222289760465664
38025,36.16205817419895
38026,44.904233943748
38027,35.43549543472125
38028,44.11447502884438
38029,47.682458996443
38030,50.86409552349494
38109,26.446960141151088
38110,22.802343539237167
38111,31.27857848506239
38112,29.13465010563924
38170,23.67870338053811
38171,24.032143411764167
38172,29.1152178040745
38173,26.442559731342357
38174,40.55323586839877
38175,38.50592991528986
38176,44.57035835501983
38177,28.48413400053314
38178,41.97470786158478
38179,46.09463188580946
38180,46.899366723975376
38181,51.16615607036917
38197,28.75353596613418
38198,32.013766647718775
38199,33.44733015450577
38200,48.19116430025518
38201,48.41963899087042
38202,45.69852367134392
38203,30.998877704267528
38204,53.68662863278173
38205,72.40760133111925
38206,36.86771401363019
38207,39.81325188141456
38208,41.60082206419309
38209,49.093660291705504
38210,46.93659670013916
38211,50.40665521677901
38212,51.03900967156693
38213,83.03859360773163
38214,56.31338919472785
38215,45.708441294428006
38216,43.290284482276455
38217,43.11437671989679
38218,52.1412158451117
38239,13.413720356229081
38240,18.5006182126113
38241,32.205074455438606
38242,28.027731651294083
38243,25.303525448408227
38244,29.22270564854231
38295,15.284685358218075
38296,34.43362399082239
38297,15.699426680090085
38298,24.559156015454896
38299,32.61877472034371
38300,28.895445120463425
38301,36.234133669189525
38302,25.942067560376202
38303,33.742100150199285
38304,38.36153928011369
38305,34.741256628450316
38306,35.14264918062254
38307,68.34148363896989
38308,81.06167816957674
38309,54.98048597502451
38310,50.977293280859094
38311,75.41982872086284
38312,22.06348254661514
38313,25.323713228199747
38314,20.840500642120457
38315,27.202769051141484
38316,31.03759845673924
38317,28.254879940845036
38318,32.253730316871106
38319,30.821166338553976
38320,24.514201257091777
38321,36.43497103680702
38322,34.95228425023642
38323,46.06709769343995
38324,28.893466270467965
38325,30.61432913926154
38326,35.6035969744096
38327,31.746051119250335
38328,35.62800646643286
38329,43.09900662404501
38330,43.521740508251014
38435,31.190749106142484
38436,14.657295976783672
38437,24.8717229315014
38438,29.373747971515044
38439,32.39674536984408
38440,35.72011585882919
38441,34.98898066916904
38442,37.71771629173054
38443,38.584462240857576
38444,42.044694469041424
38445,50.19670181384636
38446,43.15981409416611
38447,33.5756225764323
38448,29.230234145892712
38449,29.952806473728565
38450,31.153499786024867
38451,34.24032558663069
38615,19.520389000974866
38616,36.29136383662278
38617,35.383393536335454
38618,30.016834839127895
38619,27.045245992365526
38620,36.83723687182967
38621,40.98601058571587
38622,36.29222184378943
38623,42.513773623542704
38624,52.22958130839155
38625,49.81123568153444
38626,52.66365569896534
38627,21.516317142671458
38628,22.265014386689156
38629,30.303947255114206
38630,37.14300399815621
38631,23.068514823135644
38632,18.171829770437242
38633,34.94280460608516
38634,34.370216551673394
38786,33.34386719843789
38787,38.20093166652184
38788,43.148538710489746
38789,67.26444771991821
38790,49.772732169972585
38853,27.025628364560493
38854,40.22330433511838
38855,29.496568245647108
38856,37.348125510260296
38857,43.83147574049402
38858,38.010516841243934
38859,57.07433855386836
38860,49.25733829541089
38861,46.31678259137883
38862,59.00479671073751
38863,51.37997056842053
38864,54.8895903667416
38869,32.83325991459139
38870,34.54630255210722
38871,50.69717828858772
38872,44.69681668271748
38916,33.59717677604669
38917,21.603735966206457
38918,29.343986451766554
38919,26.20809869172387
38920,31.576641613436333
38921,41.248847831049574
38922,32.84237296871784
38923,45.50606788818533
38924,33.50389180846534
38925,45.49168478691856
38926,41.963645448516544
38927,37.341834983398996
38936,36.67255982346747
38937,33.40933374602451
38938,35.178864180200456
38939,41.83455875699459
38969,26.975461600003992
38970,23.76761956656353
38971,26.051430108443064
38972,29.610206447644998
38973,29.06373861602336
38974,27.90065372393056
38975,33.646865129241604
38976,32.70647207002348
38977,40.14653403909329
38990,14.44817026849022
38991,19.787414334097495
38992,24.874312190479714
38993,27.284295836971772
38994,36.57582466510802
39004,46.56023336169313
39005,36.955050002011106
39006,37.40925774469699
39007,44.05733705939925
39008,57.48626405319804
39009,46.23308267229643
39010,68.9496657612243
39011,55.293691149337924
39012,53.09760477009776
39013,60.13728249346675
39014,38.7372415700831
39015,62.627141923775596
39040,18.9034558003725
39041,24.978424847386965
39042,33.167360431205616
39043,29.851690392130045
39089,32.44077741623929
39090,35.06496374295976
39091,45.4029641820392
39092,51.95502720344441
39222,21.829517370869766
39223,31.431647662866915
39224,34.85232297408857
39225,35.02147214065819
39226,43.58599959338558
39227,35.52043133263733
39228,56.93295569834358
39229,39.61118412984452
39230,43.89996942738005
39231,54.49529954300297
39232,47.10003959679274
39233,57.94478810146698
39252,20.076022534747707
39253,34.59520667805174
39254,36.87901721993128
39255,21.69979884521853
39256,37.35652938562168
39257,37.88130997267709
39281,15.93962144009892
39282,24.955501957155768
39283,29.605625245064545
39284,33.842276066354216
39285,35.53983683329345
39313,19.562738976957363
39314,19.858756086645236
39315,19.717998627859675
39316,29.54258410734743
39338,32.52935195618068
39339,31.297652304004696
39340,18.094576310556434
39341,34.24407532732167
39342,31.864106303704645
39343,40.5469129079546
39344,39.513957325163844
39345,35.13066286249138
39346,45.73859084041703
39347,52.14794529910197
39348,57.88612153302506
39349,75.04583847162291
39408,23.33655632832755
39409,26.000529636150166
39410,23.264448700945785
39411,25.408265994627286
39412,35.11846480881666
39413,33.885949985740616
39414,41.54038474669932
39415,50.71356061978832
39416,51.481982371617626
39417,66.3303286541225
39418,46.044568849152704
39423,24.017901071201923
39424,28.691326460965033
39425,28.59216727671986
39426,32.06594832965051
39427,28.82514143221509
39428,42.330649696489765
39429,42.49747766599322
39430,36.067071564719015
39431,34.06328748004806
39436,29.040727389896304
39437,24.00621818165822
39438,28.54181941588164
39439,36.83240913608174
39440,40.70102762291621
39441,36.23564132703085
39442,40.06882784900681
39443,66.17420108703296
39444,39.99401658327976
39445,50.892464564475645
39474,14.291529186577863
39475,20.642146544671718
39476,29.93367537280798
39477,31.3758002093241
39478,19.19113437400222
39479,24.289683281311607
39480,25.435947426092024
39481,31.158821166355498
39482,32.38170311429426
39483,28.203935039674842
39484,39.549180863103985
39485,24.66730311579675
39486,45.52137418776862
39487,51.81189183173919
39488,45.98718090315522
39489,48.61942131551852
39522,39.08537472876334
39523,36.51530244519862
39524,33.718383072656536
39525,41.5829390538724
39537,18.841002143026945
39538,18.298423268549453
39539,29.933950900622957
39540,24.249579263398097
39541,36.95537400999235
39542,34.27541304000176
39543,41.05533470634301
39544,45.51392347579819
39557,26.136519472043638
39558,24.95805425894473
39559,29.763990140753744
39560,27.50351271985521
39561,41.328398476407656
39562,33.679091351471996
39563,36.42272966097704
39564,51.560353917691266
39565,42.57084439575713
39598,16.74211398242367
39599,24.305269316432856
39600,24.985432240370365
39601,34.69143268871825
39634,19.266863546877172
39635,22.10197071091551
39636,22.547463027070272
39637,23.84320237831755
39638,30.630594304884866
39639,28.973771135162597
39640,24.92733311755675
39641,46.83957108596691
39642,46.74598282085395
39643,30.217204842097377
39644,53.40914919772625
39645,43.563411611848636
39708,38.97291807012221
39709,34.12715628056121
39710,37.8379721112608
39711,59.64730086881108
39724,31.79699462420142
39725,25.305032405456636
39726,37.643303797191976
39727,38.33204292500816
39728,36.73022527658538
39729,33.862976324461314
39730,52.56396793760712
39731,49.04816262952371
39732,49.561364346400055
39773,35.44097469379588
39774,29.843517812471816
39775,19.759890282896606
39776,30.392131782716206
39777,37.693951828647165
39778,36.44647054683957
39779,28.75186957139396
39780,16.950337235197047
39781,20.325089970467005
39782,28.100553087666555
39783,28.320065299881282
39784,34.52883896395274
39785,38.3314991437817
39786,38.170485679327086
39787,36.07529631080495
39788,63.22732726757705
39789,58.18510220110457
39790,51.85916656618544
39803,26.438742747758283
39804,37.16676838592738
39805,67.71840066557625
39806,42.23953548735526
39807,39.701338659651384
39808,44.8329306084805
39809,47.66803777251884
39810,56.30092164707972
39811,41.664160729992304
39812,47.53460758692348
39813,46.09359507496234
39814,52.105228997944636
39815,56.223466842738816
39816,60.4180808061697
39817,91.93367230213111
39818,63.55348326065539
39819,62.21564691895788
39860,30.122986005095342
39861,36.209606103036975
39862,27.93523501182276
39863,30.62982086322501
39864,28.26316126503495
39865,37.21788342062554
39894,31.14590787594037
39895,31.166276674548847
39896,26.693822155111015
39897,27.653684198947154
39936,18.8952593720487
39937,19.340751688203447
39938,24.852773062131938
39939,20.231736320512955
39940,26.86965304061338
39941,30.267707877737685
39942,27.04821479337005
39943,33.697782564397656
39944,18.37350150964907
39945,34.00812054732026
39946,38.144788522658175
39947,46.66606159036331
39960,15.00532579429655
39961,29.155687932999626
39962,35.65588452937452
39963,53.15312982162063
39964,29.566760857905393
40034,33.328950542524865
40035,35.84256833451796
40036,37.79533633891461
40037,39.37466886283539
40038,43.63019754239351
40095,30.327835966637736
40096,39.217543379082066
40097,29.489156132912232
40098,41.123705113205844
40099,33.697021075961445
40100,38.158006887623934
40101,48.10982153955285
40131,16.05881811501014
40132,17.35455746625744
40133,21.039911665388313
40134,25.82785910883679
40135,22.194893557850044
40136,25.45512423943465
40137,30.54202209581687
40138,41.92351532052857
40206,13.66330360972915
40207,16.785710135774064
40208,18.78222131564703
40209,15.712203437746254
40210,19.535381792416832
40228,16.94449038148517
40229,20.90549289169545
40230,24.165723573280054
40231,25.03633940698107
40232,27.85979552009224
40233,27.103168184160914
40234,33.51202594897819
40235,36.60094232675769
40236,36.582675234538684
40237,41.23260639417619
40238,39.48862488588058
40239,44.3747897117935
40252,24.499009931329024
40253,18.315303275064654
40254,29.31897722431315
40255,45.3441066242478
40256,44.91371720799826
40257,53.64285834605081
40327,20.898794319632785
40328,31.752993062414422
40329,37.98439301050613
40330,47.72935420944241
40331,39.11030000723238
40332,41.274732352786245
40333,38.62851674342975
40334,46.77378316892243
40335,46.37894620513604
40336,49.62142027679161
40337,54.572173607063604
40338,82.09888401528858
40394,30.629789110767533
40395,34.08443913604759
40396,22.153146248106456
40397,30.014810432743555
40414,45.67193103501506
40415,39.07984044468817
40416,46.839888464306874
40417,54.00651664631044
40418,45.66069232542355
40419,49.283124157046196
40420,19.169308472882456
40421,20.752347186136323
40422,27.240788699769887
40423,26.560385669752694
40466,27.071392209396492
40467,22.29796229019868
40468,27.50446133928166
40469,13.873842627467571
40470,48.00533328047806
40471,31.40517231454612
40472,35.95692543201067
40473,42.06533251330299
40474,42.217245927023015
40475,35.773880671456645
40476,45.8545221686767
40481,37.66297400445169
40482,24.841502105844903
40483,27.711427964544505
40484,35.2112711174164
40485,39.50700177486591
40486,40.051169996234
40487,46.23663671990346
40488,42.494310911912294
40489,61.57859019937503
40490,70.02444540574955
40491,66.78221601058033
40492,49.730856198882044
40493,28.343456403299587
40494,35.92721680006397
40495,30.661039948237956
40496,44.36822647601237
40497,44.28555475292517
40556,34.96573377390291
40557,35.78543210854757
40558,35.06726804314707
40559,40.60494826678986
40560,40.362528205716025
40561,51.07339064780108
40562,38.071146537851156
40563,50.82563675094582
40564,44.53790577959026
40565,54.95462749430807
40566,61.720371572236914
40567,50.86383192936732
40613,26.081552579581963
40614,31.517779890943412
40615,28.50057655913209
40616,35.26376997429759
40629,13.97586842419223
40630,18.924942125034747
40631,25.287210534055788
40632,28.685265371180094
40633,29.84318056688769
40634,27.06046205099348
40635,32.83820597964247
40636,35.46289105552549
40637,42.6978180083612
40638,33.491682425426234
40639,42.928445316579996
40740,18.12586252717469
40741,18.433530687789734
40742,26.047867547595246
40743,28.170551832080733
40744,25.100533954179973
40745,29.337184775469638
40746,32.65665540699444
40747,39.498022787032916
40748,37.96119108069963
40749,36.145976140135105
40766,42.46554655582308
40767,40.797072335173645
40768,41.10474049578869
40769,56.99092959376553
40770,41.8412200652789
40771,28.13085142089558
40772,36.272386362733
40773,35.55536167130817
40774,45.36036218808595
40775,36.89287997766085
40776,49.1683604883534
40777,58.71470068929406
40778,66.3620846231761
40779,45.47956839261255
40780,47.921362865139024
40781,55.49954984106286
40837,18.949516601070453
40838,25.587433321170884
40839,31.949701730191915
40840,30.84417518262845
40841,29.26844106113585
40863,17.810494003236762
40864,17.417390335226138
40865,21.36674179450924
40866,25.764518873192962
40891,24.55017078430156
40892,18.102466867884964
40893,23.626139292740625
40894,26.88636997432523
40903,29.539452966454434
40904,36.15406758470053
40905,31.32692703949307
40906,18.607717727618873
40925,11.07511809745039
40926,16.874438833385458
40927,18.87095001325842
40928,18.902969862794063
40963,26.82939479671491
40964,40.136732656239694
40965,30.29234864350603
40966,34.07168580892636
40967,27.466899854072267
40968,37.95722925370793
40969,40.679584013055766
40970,39.87895142117452
40971,46.523261193354
40972,55.4806250824021
40973,45.783224042588884
40974,54.076088539128804
41003,24.38259600082366
41004,34.83497332791336
41005,30.73895825270201
41006,31.07659016696902
41079,32.671979636259685
41080,37.90835269910878
41081,33.562964268569196
41082,36.39807143260753
41083,34.63212937372312
41084,41.76018435451607
41101,27.60524016767278
41102,27.35301995943763
41103,34.45365834905911
41104,32.53978725891709
41105,34.4362632302052
41106,32.62112369912471
41107,43.24654680284004
41108,38.9117336641319
41109,56.67094283496571
41110,44.00489574397234
41111,52.22802452978958
41112,50.04854868779172
41129,34.997392924557765
41130,24.195582829920266
41131,34.01657507024108
41132,42.27428193086018
41133,36.9741767555147
41134,37.00217464700744
41135,40.558842289318996
41136,35.742708207932914
41137,38.657202728501574
41138,50.33607232496692
41139,32.45223355574659
41140,34.983916838597274
41141,39.6687925623411
41142,33.02384517526713
41143,39.82149500966531
41144,42.367081308330384
41145,44.66263089374783
41146,56.35256049274834
41147,47.923028332045035
41207,20.88406785772539
41208,20.62878834525447
41209,25.003263322083853
41210,30.790933007091738
41211,31.781195470091227
41212,36.69471846303952
41236,23.93188910988993
41237,18.74790469518498
41238,27.775436263169002
41239,28.35875273486345
41268,36.81814381431951
41269,35.010311242335945
41270,35.46108136238955
41271,30.084884332011768
41272,56.42618311063225
41339,29.99737138942799
41340,41.38172252989604
41341,41.71345225564636
41342,31.17343588007223
41377,27.221436073230677
41378,23.726294677783642
41379,40.75942260290053
41380,32.0766994157081
41381,43.101534320084255
41382,34.56764175440327
41383,35.03923666790801
41384,41.603901563366286
41385,65.82060300001635
41386,49.28959936365316
41387,61.30259330618282
41388,44.74749145932
41401,24.28297510365804
41402,24.3317878377918
41403,41.56646868245244
41404,34.47573981526345
41405,45.124364741787
41406,36.47208579813252
41407,37.6725093511887
41446,38.874840639949724
41447,57.874402681280806
41448,39.19297779693891
41449,42.33107639344863
41450,59.6352873359142
41451,60.89652374119708
41452,67.07107859559724
41453,51.49343112731252
41454,63.84934730019056
41455,70.22335861942278
41456,79.76003615896914
41457,64.5685716493678
41484,26.827539384357188
41485,24.4210790674355
41486,52.313747081783205
41487,38.066186673662294
41488,41.520818801966875
41493,19.939884562629093
41494,19.1216573770722
41495,15.75268908623769
41496,23.642674257122582
41497,33.39427975558662
41498,27.863322194542437
41499,29.58373385985394
41500,26.620177711891507
41501,38.49359349934539
41506,28.405259171466177
41507,35.674904919085286
41508,41.38102340525188
41509,42.2703920631869
41510,11.665566275100407
41511,18.13070568687963
41512,19.989392711212886
41513,21.710255580006454
41514,26.52150512530928
41515,23.589311402948205
41516,25.160699065274898
41517,32.9128600806201
41518,35.92552617724799
41519,37.3351273201367
41520,37.43617055341794
41521,38.08761679312718
41530,12.966155632643485
41531,18.17922659363823
41532,17.510474614548215
41533,18.381090448249243
41534,22.767216476005792
41535,36.38954938050858
41536,30.768790397330186
41537,33.466073405828816
41538,41.11726744956769
41539,38.2120101857536
41540,42.56773227464447
41541,44.08535858748907
41559,39.1034932482875
41560,18.67415837061601
41561,39.1897483535244
41562,37.2235892540843
41563,33.298879852635814
41564,56.62726752945959
41565,60.12154752197996
41566,58.13379955588579
41567,55.806204432551404
41568,57.84393119870521
41569,58.85125978053266
41570,64.76034715134844
41579,34.69492200086247
41580,31.974402305831525
41581,33.5166716004655
41582,41.822105761016346
41595,21.774158115187536
41596,33.340779737522006
41597,33.18632140651156
41598,30.892263546321757
41599,32.45899596747994
41600,38.30396647682627
41601,27.1059530317589
41602,28.23349954260302
41603,62.41561489715502
41604,45.293117810430935
41605,56.98284473887799
41606,48.053940026701454
41652,44.09762559244633
41653,39.87615001998512
41654,42.13255981500959
41655,49.058296308961445
41807,18.602501283086724
41808,23.551574983929246
41809,28.512299735698942
41810,23.477790527460854
41811,28.746058589966417
41812,24.884590913842793
41813,24.451248809202607
41814,38.369143511898116
41815,28.08712870088465
41816,38.38084088543129
41817,39.4197574354025
41818,44.3628499995256
41856,11.915149528600477
41857,13.348713035387469
41858,15.345224215260428
41859,19.317877776397882
41860,21.877336629356826
41861,12.681132076494315
41862,14.252519738821007
41863,17.512750420405613
41864,21.473752930615888
41865,24.74563466312767
41866,20.837020801061527
41867,27.624412727628837
41868,28.62120166594238
41869,32.16873170953356
41870,31.77562804152295
41871,39.12596764117622
41872,43.333509719005825
41901,22.419135223364663
41902,19.050166932530153
41903,23.5741171158264
41904,28.38536666112922
41905,24.4651017481359
41906,35.04562530525295
41907,29.796664690933884
41908,43.277758164390654
41909,36.2754093676155
41910,36.60197228487464
41911,43.27959820802324
41912,52.44543001153178
41929,38.45433581037577
41930,41.61784295575558
41931,31.431162668544886
41932,44.380811353557704
41933,35.52843526229734
41934,43.58105961155647
41935,38.18658128090434
41936,33.65936526562894
41937,38.32919534796541
41938,37.609825616843985
41939,42.901448228604835
41940,45.0920555656339
41941,49.01115325103707
41942,51.96877728693593
41943,49.46841562249506
41944,50.00463814926981
41972,27.892924578085683
41973,23.60217616058014
41974,27.32951207188823
41975,31.138883306510678
41976,35.1006414116559
41977,40.02368031386318
41978,44.553824550471326
42010,51.14813550186243
42011,36.47442442314948
42012,38.492828843121465
42013,61.450793498131226
42014,42.12002345848778
42015,45.083681280392966
42016,76.43858905105081
42017,46.94310678109744
42018,58.132875281241525
42019,18.149164629029034
42020,22.09851608831214
42021,22.96913192201317
42022,22.82837446322761
42023,34.963165373242376
42024,31.15053132199958
42025,40.272651232609256
42026,49.204150171146686
42027,45.018033052634095
42028,36.90079250015464
42029,36.53501200611811
42036,14.959305747348473
42037,20.73532438142919
42038,20.330569662491406
42039,27.08300843627719
42040,28.64274504767672
42121,22.143199711386615
42122,24.492111327121226
42123,28.163252203479637
42124,29.409555752667796
42125,29.004754097356326
42126,31.099091158099473
42127,40.71283237990211
42128,37.82658571283615
42129,53.45815310467593
42130,60.40526495759478
42131,43.334233940876445
42132,51.16030259048593
42133,24.26535721083889
42134,26.12404423517216
42135,29.664291926684434
42136,33.24058485996589
42137,39.36230020620901
42138,38.1885000980613
42139,43.36470174296731
42140,42.27625280034604
42141,41.33943625081536
42142,44.35137589239532
42143,50.01024753177407
42144,48.346309221794215
42181,17.971015566927868
42182,20.530474419886808
42183,22.52698559975977
42184,24.22454636669899
42404,43.910609154469626
42405,34.79577327954833
42406,39.605292438499376
42407,40.42388199212947
42408,37.494122391794065
42409,36.82354744215412
42410,38.72374291945885
42411,38.604701963467214
42412,68.83186656082208
42413,53.22085439256823
42438,22.297519196142655
42439,27.671716414531453
42440,27.12913754005396
42441,29.40129703100633
42442,31.217175502361034
42443,38.234664920811994
42444,31.493414328781164
42445,37.279408455961814
42446,45.90209980738841
42447,53.710620040426186
42448,45.68388805800745
42615,33.42700826578044
42616,24.876988863486822
42617,27.72374707845234
42618,32.71472454139555
42619,38.526662995217976
42620,42.03625259987067
42621,40.121692913432554
42622,36.288874747273944
42623,41.976439401203464
42624,46.70355235496132
42625,47.06032227045785
42626,52.59475766752801
42639,27.910874771860115
42640,26.667524068756965
42641,33.454915995324264
42642,32.02851105829518
42643,37.00978185396983
42711,16.66032772115102
42712,18.369539539017413
42713,23.86990986201873
42714,20.099120155492287
42715,30.114722914108548
42716,31.410462265355836
42717,29.19069142254761
42718,35.70243503803551
42719,25.727569876636203
42720,39.41887139619952
42721,47.02803568131183
42722,45.62163055968904
42749,23.733595612675835
42750,29.833109470096502
42751,34.35329958101985
42752,47.63040555061117
42778,25.704996616346545
42779,30.66572136811624
42780,20.42769432271411
42781,28.789155467826966
42782,26.802392651632648
42870,18.09910580271698
42871,18.11947460132546
42872,20.82840866075127
42873,26.891726656838564
42874,28.60093847470496
42875,30.735273810117622
42876,34.007155542629405
42877,36.70542715803419
42878,39.30240602616938
42879,36.39047324967906
42880,43.20127361239406
42881,44.91453825639023
42977,14.795944437846895
42978,19.446067725755675
42979,25.072611153369518
42980,28.206668730341594
42981,22.8615580582426
42982,32.31421314377288
42983,42.13387523792355
42984,20.89571279484563
42985,43.449133638267114
42986,45.42349551605561
42987,46.41318273464597
42988,38.08441516114236
42994,45.49084491443784
42995,40.06175922182957
42996,36.9700481155678
42997,39.68126388983455
42998,64.82626096479346
42999,42.76539877832747
43000,57.807857895540096
43001,63.9634670389208
43002,53.96433361521779
43003,49.717347247973706
43004,52.95033919895664
43005,56.55266004716856
43018,21.02454703074563
43019,27.7886368554586
43020,32.87599223269431
43021,36.112065075168196
43038,22.072308922998452
43039,28.147277970012926
43040,27.19122662891632
43041,27.797689966132076
43042,27.5197880290618
43043,33.28440126070238
43044,33.28008287370516
43045,48.1676589020237
43046,27.227952986042773
43047,49.45304435684526
43048,58.72242794583969
43049,44.437431892181074
43050,30.72073486399601
43051,31.6300651318133
43052,24.143956747481848
43053,30.239838145475193
43058,22.09039342874285
43059,27.60241480267135
43060,26.646363461574758
43061,28.564182797841646
43062,28.714733500242744
43063,36.2739628436951
43064,42.05560735905599
43065,39.52438788380066
43066,40.73717237193314
43067,51.29651780932167
43068,43.0213426437884
43069,43.49326580363072
43120,20.21744957675841
43121,30.93382416400034
43122,20.683310691521648
43123,24.97123057639587
43124,33.90054610863596
43125,32.678476612599354
43126,39.73805115465514
43127,37.687781485322205
43128,42.610946601733175
43129,45.54688740593399
43130,41.21025757876647
43131,44.805635254683715
43132,26.949426640813698
43133,33.9053392635619
43134,41.45509369913415
43135,34.05493870784945
43145,31.921670991137034
43146,26.875510731971772
43147,33.90811755619537
43148,47.547955760743626
43149,38.127825610437824
43150,49.03770601333312
43173,25.98056085205532
43174,28.723361379371415
43175,29.804627165693862
43176,35.52740606633439
43203,31.26271718589533
43204,36.98716884021413
43205,39.59639882880873
43206,37.38954737212721
43223,24.024769990785448
43224,26.296929481737813
43225,31.423019330892608
43226,21.94345444720379
43227,31.94129023427852
43228,38.13932055324547
43229,33.52464577021153
43230,35.936443764916284
43231,31.053160608186282
43232,39.49876494747906
43233,49.334117228111616
43234,45.245273595965
43279,27.90565128194782
43280,29.85337255058068
43281,33.38304181499466
43282,32.42638403193261
43283,41.50522946868763
43335,13.72718361077952
43336,31.941918458134058
43337,23.68797133021318
43338,32.36065297151459
43339,37.56331552502232
43340,31.222894509658506
43341,66.91872433862211
43342,36.60463349887988
43343,42.0546675203865
43344,43.29485185941344
43397,39.44123738819938
43398,24.698793581960086
43399,25.581060466588273
43400,32.61980111105448
43401,31.68880303540527
43402,32.66303072027574
43403,52.34447242343952
43404,52.21790071483051
43405,47.50646163944599
43406,37.6212937957541
43419,32.1360448897435
43420,39.89985695601589
43421,28.247799826285842
43422,35.84834232339232
43423,27.442145901759336
43424,50.6308395254975
43425,40.59334476766118
43426,44.786730962248825
43427,39.12219966855569
43428,44.1942617407485
43429,55.271637023969745
43430,50.54988880930692
43457,23.960246295149595
43458,27.946949853777536
43459,31.30891745984335
43460,32.03856448628052
43461,37.11201064750915
43462,24.36126868970015
43463,33.37290114934705
43464,36.52576600873097
43465,26.54622024378816
43466,52.1132881717976
43467,37.00777406631484
43468,42.95495088913549
43506,51.39972214297965
43507,27.739121051900266
43508,37.31762631887404
43509,46.2248402047922
43510,48.28559352347138
43511,51.173723975793415
43512,52.50389825197574
43513,67.38714371821709
43514,54.58084967330229
43515,48.01498091877957
43516,47.5386916767254
43521,14.33322782130518
43522,16.75486251872442
43523,20.85368918447439
43524,21.437005656168843
43532,27.429699903626567
43533,25.485577371897733
43534,33.09918331631688
43535,30.595131123325707
43536,18.486460689658223
43537,36.52130776356877
43538,36.61737061337701
43539,39.25718002923306
43540,44.33088634283912
43541,38.808154243806996
43542,40.53556709731451
43543,41.67075060739107
43616,30.064325856353094
43617,24.88034144164813
43618,28.253418745461865
43619,27.34448406650866
43620,28.87543104191713
43621,28.17513626030272
43622,33.16346668247745
43623,44.251428877911806
43624,50.284431447729325
43625,44.37091740649193
43626,41.800456085522356
43627,43.59421635549704
43776,21.46509457088006
43777,22.461883509193616
43778,28.22625109234715
43779,33.726621415348475
43857,32.481164041619635
43858,29.8865826935028
43859,28.070120917224873
43860,33.46939804840151
43879,13.838423480275674
43880,14.709039313976705
43881,16.843374649389368
43882,20.666553004059942
43883,22.24959171731381
43884,27.324838522768857
43885,28.735099927701512
43886,27.916872742144612
43958,40.5220202307905
43959,36.18828285117809
43960,38.60991754859733
43961,28.891150771372907
43962,27.72387308185246
43963,49.283910102844786
43964,42.948210667763995
43965,43.58530140584196
43966,61.10108681530366
43967,50.27019922949232
43968,65.52672763495639
43969,47.16079977591926
43970,18.177146817784955
43971,29.169169716106282
43972,19.044829348240118
43973,26.251813129861603
43974,35.86852463370095
43987,20.427989213011706
43988,29.849399910041715
43989,31.22962433634826
43990,42.06675888649062
43991,34.65215076317057
43992,34.13435972481614
43993,30.987853112588372
43994,36.46918192987774
43995,36.44288845407985
43996,60.669540308334646
43997,45.745204481933634
43998,41.73079482040533
43999,45.25620543917893
44000,49.245399695791704
44001,51.1449827433868
44002,57.47884361747088
44074,39.05832648372774
44075,43.20377502642393
44076,40.97115020261749
44077,45.13500639049123
44078,45.28651240398639
44079,37.865916720863325
44080,54.037549719625
44081,52.41506295292661
44082,67.7217928791168
44083,58.728743871051876
44096,36.280787674262996
44097,40.44918161737356
44098,37.795239494741615
44099,43.316200764399895
44125,30.720892296638542
44126,19.344483477987897
44127,34.851738811924164
44128,33.16437201699015
44129,35.00889006123784
44130,33.91853084022367
44131,42.14789255352516
44132,39.79991987900523
44133,45.7987920755602
44134,54.719852634164496
44135,53.472866280970855
44136,55.33774037929181
44188,17.734892557287118
44189,18.32986007990874
44190,24.243702869529162
44191,23.42547568397226
44192,31.327111905784335
44193,27.406846992791017
44194,43.040275431339836
44195,34.06513251149994
44196,37.558278421480395
44197,36.938419067778156
44198,46.81113635818633
44199,45.96926631120466
44200,18.683925596348292
44201,22.334326642697654
44202,30.78725948666853
44203,27.28046704029431
44262,17.631647808581494
44263,18.640087797822215
44264,23.16403798111846
44265,23.172755728799785
44266,28.546952947188572
44267,35.0470455117493
44268,31.83920347830883
44269,30.070805835106622
44270,31.197682069235906
44271,26.1410543386332
44272,20.834589459588546
44273,33.42852667359101
44274,18.382780885056885
44275,28.77690295751072
44276,25.70688507960996
44277,28.95546471026739
44278,31.514923563226326
44279,35.90104959098288
44280,43.501854803848204
44281,41.6320649596708
44282,50.23080322977445
44283,42.65949301645764
44284,42.396841633564065
44285,51.87098815002291
44286,36.80775387801613
44287,35.97620222353921
44288,60.875535800158765
44289,36.144846324928906
44306,25.720751728931813
44307,32.79364538360854
44308,30.76336402435173
44309,38.67696586394588
44310,34.688194173667185
44311,30.075924587103565
44312,57.85821462428373
44313,62.18333566676013
44314,41.15585879144923
44315,47.1879387760526
44316,12.219999598931624
44317,13.929211416798019
44318,15.776247390204114
44319,18.174579985769007
44332,22.550890064443653
44333,32.97996528967902
44334,29.634299100698836
44335,27.529294356502586
44336,28.33525597502871
44337,34.295709259091026
44338,42.68727702612443
44339,41.79683753590182
44340,55.81775340150472
44424,39.330744508287076
44425,33.59115654487296
44426,50.71846691891994
44427,37.73496551431301
44428,45.33108767700264
44429,46.79644674219831
44443,31.963150008263053
44444,39.184600646761155
44445,34.684338939165386
44446,43.38711220112455
44458,15.059941697999125
44459,20.020666449768818
44460,23.00524882027402
44461,23.450741136428768
44474,42.26714512036453
44475,33.85494987361062
44476,35.01286506931822
44477,35.41595834395241
44478,32.104225605892346
44479,43.18621444427269
44504,42.76212103427171
44505,52.01824223516576
44506,42.72918483384255
44507,50.30204362182992
44508,46.14027944348793
44509,46.679037903281866
44510,54.25936293029791
44511,52.95370947491871
44516,31.448313261172384
44517,35.05356796730396
44518,38.98660932910676
44519,43.846209176890184
44582,12.37729159397249
44583,17.613664656821584
44584,23.68863370383604
44585,29.35013028423142
44586,30.071270911465557
44640,36.105664575358176
44641,48.43105936189997
44642,52.348056935944655
44643,36.27617988057374
44644,38.27643764024101
44645,37.88618789521587
44646,53.19992268042928
44647,46.984601109362096
44648,49.36131230220751
44649,50.027185028025265
44650,67.00323471094126
44651,51.03245780701353
44669,30.12326317227642
44670,33.70868728282757
44671,43.177445713595475
44672,32.23061182958752
44692,39.373320884661034
44693,48.458866403832275
44694,41.68200138831035
44695,42.95102789485756
44696,50.67301618875973
44697,45.03060834681091
44698,63.69909967842462
44699,48.68884192375555
44700,48.11235707988823
44728,18.420092099456983
44729,21.668671730114426
44730,36.84547021912598
44731,27.007472519423477
44732,19.28626173476269
44733,33.76793496885259
44734,39.740126292112194
44837,22.69604975249215
44838,20.476278909683913
44839,35.24319222914618
44840,28.079258832182724
44841,34.95508370232513
44842,30.00802172292781
44843,34.079782548189534
44844,33.93645514625633
44845,37.90549650159146
44846,42.836366478910975
44847,49.34841761896822
44848,42.749245125800705
44849,63.62304930463674
44850,50.814966198625456
44851,53.66278126901268
44852,54.88201700102068
44853,26.557601713057682
44854,24.20000671470975
44855,33.51483764470035
44856,29.043276109548223
44857,32.86645446421881
44858,44.15742777547388
44859,33.22544086882728
44860,46.59918047477894
44861,45.89925541767664
44862,52.92496044186224
44863,44.917552518291934
44864,62.681798813176655
44885,29.725106790001036
44886,26.91908617225248
44887,18.79419028750514
44888,27.546073544409754
44897,42.6154397832069
44898,63.969946576866654
44899,51.86206484535249
44900,41.56961882479401
44901,81.36110271368365
44902,48.221162120477466
45041,24.451661947514
45042,27.574068473558917
45043,25.842641984625615
45044,28.338235660670126
45045,33.39565740535912
45046,34.41368788034356
45047,35.000860192863996
45048,42.385240997516505
45049,42.072340123136954
45070,20.71794359249882
45071,19.198944578316265
45072,20.345208723096682
45073,26.00670530349206
45074,20.82272088878709
45075,38.188383011604415
45076,33.34485397287482
45077,24.52936472491467
45078,33.36772588219517
45079,52.463658998317044
45080,55.15068607499552
45081,48.08121379013778
45082,53.01400228491817
45083,37.67444863004078
45084,62.93176479137357
45085,45.374561598052054
45086,55.80430328645259
45087,50.03184362111046
45093,42.438384937258974
45094,33.52464590627362
45095,38.441916374976856
45096,34.36386770133553
45097,45.039122802356935
45098,44.71895370274126
45099,64.70935051480767
45100,72.82788247060657
45101,50.32506378084116
45102,65.2724054785212
45103,54.17793596142688
45104,56.5277313994856
45105,29.319305221023036
45106,22.927401079668577
45107,50.50198754286817
45108,36.52925861877909
45140,23.575057188267763
45141,31.700113321027562
45142,21.650485943307068
45143,30.368233904061764
45144,25.904218535723295
45145,35.95365428797353
45146,36.94940471637105
45147,40.3574699848727
45148,36.80074424914608
45149,42.053382763858195
45150,40.859793853987966
45151,41.6812513914049
45176,18.94616991671153
45177,32.063810402764204
45178,29.13161668040314
45179,24.5880127542618
45180,36.67494204155522
45181,25.41317943769789
45182,40.791444097255216
45183,57.34484208674054
45184,43.82952320110462
45185,39.574240362610006
45186,40.03783133707896
45187,41.65127694329799
45253,20.328665699834715
45254,25.840687073763206
45255,29.25552318038069
45256,29.31600443757774
45283,34.33935304498733
45284,35.97351357491116
45285,46.425715065691946
45286,46.73108606838542
45287,38.051483211222155
45288,42.198721937777364
45289,49.03294050626008
45290,47.78864969628705
45291,48.10511515373993
45292,69.97148091053208
45293,44.86174358006852
45294,59.032768413923804
45354,17.13720171410613
45355,24.763189624838805
45356,24.37008595682819
45357,24.26428165082414
45399,18.862013367757275
45400,20.20416595764922
45401,25.53818065605751
45402,22.041097498978885
45432,18.498645946875797
45433,26.95157879084667
45434,30.073985316891587
45435,26.805702889767563
45476,30.56305143291123
45477,34.512402892194324
45478,28.482419914785538
45479,44.99887918305543
45480,12.762571889149164
45481,15.023080329174356
45482,17.570888131206125
45483,20.256520088777584
45484,25.49289315162668
45500,18.979795132626105
45501,28.432450218156394
45502,29.590365413863992
45503,25.950192759551218
45504,31.325749015265004
45505,22.276380730433377
45506,27.169520505914257
45507,27.465775104300892
45508,39.27684058197535
45509,37.45145365991614
45510,28.275407478768955
45511,38.35382204014852
45512,43.412112466865985
45513,51.386149122302484
45514,43.4204444272203
45515,61.21360335990363
45556,32.00224938298639
45557,43.808432085341764
45558,35.88055208995007
45559,34.193435989620035
45560,26.69235570072785
45561,34.73218049240491
45562,30.197844082684593
45563,36.399850131356224
45564,35.02919387627357
45565,32.02839799044729
45566,26.92293278460878
45567,30.64220296780037
45568,37.96528732891455
45592,22.136976667382548
45593,29.90078873365493
45594,24.854628474489672
45595,28.755210557396843
45662,28.184157433070702
45663,33.726269487020836
45664,31.410237328056194
45665,28.675357165046666
45666,41.65989340449372
45667,48.01400467660864
45668,47.25040930750912
45669,49.24106325153579
45670,43.68602618108643
45671,43.372074235789995
45672,60.40038400294125
45673,46.34885441005887
45690,21.620531153563203
45691,23.881039593588394
45692,28.933749294814564
45693,35.471286007101725
45694,33.18901477251536
45695,42.50384570250594
45696,28.74189232079587
45697,32.85054510610571
45698,21.821398160758115
45699,22.40471463245256
45700,26.22789298712314
45701,28.556565446298386
45702,29.952684564352136
45703,27.32056631896422
45704,42.88781515883289
45705,44.489463692121404
45706,40.77152926693685
45707,41.9143214090703
45736,16.444898015309636
45737,25.058957116674552
45738,21.98893923877379
45739,24.812395351884945
45740,30.048768414734035
45741,37.25619459922654
45742,32.05128048934169
45743,33.72134976979494
45744,24.090492014249943
45745,34.46432333352646
45746,37.29919300886604
45747,40.52210333356158
45820,13.59813321608418
45821,17.122361157821018
45822,19.68182001077995
45823,18.863592825223066
45824,26.489580735955737
45825,27.92314424274273
45826,32.2976192195721
45827,32.317988018180586
45828,36.841938201476836
45829,43.191752353843555
45830,31.863142283059116
45831,28.51847864308658
45832,31.661796472133673
45833,33.605865137504054
45834,63.186783921098694
45835,39.64005351882888
45836,44.0535208782065
45837,59.981567768483465
45838,49.09742338488535
45839,70.87372832692184
45840,57.355547991381506
45841,54.98758991620949
45842,72.84910073897834
45843,62.797294392525785
45873,36.03841908982806
45874,32.63722787182921
45875,34.60231261545637
45876,37.43859081883546
45877,34.989055635360614
45878,69.34385986735037
45879,62.75935144800929
45880,46.26983475880138
45881,57.20446975415905
45882,78.09071343007463
45883,80.48993977838109
45884,69.54484262548644
45920,38.72099772007255
45921,32.84789252766909
45922,29.292556714502425
45923,64.71902910227436
45924,34.964364462676436
45925,39.46954017659912
45926,37.00763325335121
45927,42.652206740223285
45928,51.0827033298865
45929,44.23372336400233
45930,39.827292228524904
45931,64.73134825135011
45944,28.301526820816758
45945,45.69973511812794
45946,27.385830247464494
45947,38.09755596355531
45948,29.272736890356793
45978,25.334217710972826
45979,43.858168040995224
45980,50.32145339500327
45981,54.662046049530126
45982,40.2767229475153
45983,57.32057659322179
45984,43.283937591899026
45985,48.55075155784173
45986,45.730313917486185
45987,49.85674820414322
45988,65.78041323244082
45989,59.53182563037343
46068,23.69022336059389
46069,35.83704904417144
46070,38.029316051248514
46071,38.616341287224195
46072,42.18933296238407
46073,43.86247031186746
46074,43.37288434693908
46075,41.98485767676216
46088,49.713261884797426
46089,43.035683034587066
46090,49.6618692570342
46091,65.83721877789459
46092,40.303680297846256
46093,46.40553125843202
46094,53.085909781780586
46150,33.22896593312939
46151,23.12792766711755
46152,32.718406908187546
46153,15.191990994794525
46154,16.909137416929077
46155,32.38339704856051
46156,44.20919765656595
46157,39.54805098350913
46158,38.5703742127663
46181,28.616002895558495
46182,41.72659938656193
46183,37.12589043877148
46184,38.90364355773908
46216,47.15600680022898
46217,32.27573883844999
46218,38.34486141151182
46219,39.72694767071775
46220,47.723287155753226
46249,37.72234678514132
46250,32.65288442412172
46251,38.2450602161605
46252,30.300628889823344
46253,42.82873719169182
46254,50.47426745627339
46255,37.68189348537143
46256,66.96993070836426
46257,36.6259564896011
46258,50.2786231077666
46259,61.37352130897252
46260,41.20127756753173
46272,14.128588270575964
46273,16.963695434614298
46274,19.098030770026966
46275,26.724018680759645
46276,28.474790823324298
46277,31.170508679197678
46278,32.63357414676861
46279,38.74094922108398
46280,30.764750383205772
46281,40.0654868320136
46282,39.26250829310483
46283,39.25915311247441
46288,18.15603354861257
46289,17.314504261201325
46290,30.69614200740625
46291,25.899857195102246
46312,14.689578058735478
46313,20.890720210362467
46314,23.13957759946049
46315,31.4430352369645
46316,57.20055356846153
46317,36.379743763746056
46318,60.15871547939246
46319,27.046645853342653
46320,48.880948176431986
46321,61.58295527759918
46322,51.54624166975389
46323,46.21565046604157
46324,44.3205073433365
46325,49.2228780345202
46326,69.1565405539525
46327,70.38588687337894
46340,31.132191429968973
46341,37.90793230560911
46342,47.56854905523134
46343,28.928761411588585
46425,15.40616095550876
46426,23.30260408600042
46427,27.412884203580685
46428,26.322504616498033
46429,35.06060077760425
46437,34.17671930117071
46438,35.29552447953891
46439,38.33277021399725
46440,34.64058996899956
46470,26.33452873686654
46471,28.606688227818907
46472,26.651110857755185
46473,23.37356988537816
46474,31.185970594791694
46475,19.527956127035843
46476,39.50180779756918
46477,42.777655973133854
46478,48.008697093037334
46479,41.7231025510235
46480,44.890383287013925
46481,48.995606480600344
46530,29.661494852851842
46531,29.231369906809924
46532,33.444274486456465
46533,30.721073238177638
46602,30.301560926371902
46603,30.29862762312603
46604,39.6929869247011
46605,37.158544739727894
46635,27.218896020850178
46636,30.97667454406591
46637,27.62005163063269
46638,35.51603076026213
46672,31.52920067170783
46673,29.82552282413276
46674,27.72564584522512
46675,30.78295013511508
46676,28.80096295066099
46677,32.452239700647155
46678,52.16504976600106
46679,42.32685663263973
46680,18.714767319595552
46681,24.651912211070314
46682,29.11930116254804
46683,41.05408515790553
46684,32.256494906572584
46685,49.45842099892168
46686,49.168108587353814
46687,46.41309606417458
46688,43.539367676894564
46736,45.36278054114269
46737,31.924052721513647
46738,38.25590096868338
46739,41.137521380081324
46780,23.88924217804548
46781,26.437049980077248
46782,23.355381051249296
46783,31.80081660277005
46784,36.70276110781255
46811,24.646926253173454
46812,38.43066871232462
46813,48.63178657845305
46814,42.667689172326135
46815,42.10595998183103
46816,43.35829652699969
46817,47.30391337166141
46818,46.36859867174823
46819,63.08510232707064
46820,70.29629354074336
46821,56.27201273560502
46822,73.93092505605908
46839,20.091974032826645
46840,21.100414022067365
46841,31.116016780683633
46842,25.93203236597867
46843,26.611788580250558
46844,27.210845627012283
46845,33.64804838921358
46846,37.90886269256687
46847,35.25437058049063
46848,45.504598899033375
46849,64.26646405261394
46850,46.42718798625712
46977,15.840189988677478
46978,16.42350646037193
46979,17.994894122698632
46980,20.979476493203833
46981,23.9407567618547
47007,19.432777829417226
47008,25.082623358885414
47009,25.677590881507044
47010,30.48884042680987
47011,31.799382997097787
47012,16.816082224765104
47013,19.501714182336567
47014,22.8881179685337
47015,30.101550075229007
47038,21.839964350694387
47039,21.57329747112644
47040,30.114699552118672
47041,30.94325744192735
47042,37.631501893831235
47043,35.998019034064995
47044,18.772454414828914
47045,48.19428405160943
47046,47.741673868034184
47047,41.07473329414056
47048,43.58445921956551
47049,47.84129818269776
47141,36.14003937393145
47142,36.704666963288744
47143,53.628702657363796
47144,54.20946379527387
47145,45.838490514631744
47146,41.242508475070544
47147,49.62959165293394
47148,49.633209099197046
47149,79.24482441129575
47150,55.752180904493514
47151,56.496968591391195
47152,87.93270104223664
47211,13.504832369815658
47212,16.17881327645994
47213,17.750200938786634
47214,19.59723691219273
47215,22.01887160961196
47216,24.1648579959518
47217,27.562912833076105
47218,29.421599857409376
47219,39.01207909847936
47220,36.78065720474396
47221,40.982354873252135
47222,40.451427049701806
47223,46.925722157293436
47224,46.084192869882195
47225,47.115398079639185
47226,38.126390954643
47227,19.78072122771055
47228,30.34762060848561
47229,30.850637827524988
47230,33.23124529225658
47231,44.380245453378265
47276,17.93262725623081
47277,18.66522133529525
47278,21.742288525917814
47279,30.10214375248068
47280,12.158135564022379
47281,14.142995692968174
47282,15.30091088867576
47283,16.321001928843657
47284,18.730985575335723
47285,22.967636396625405
47286,22.562881677687617
47287,33.14143210938985
47288,25.855132208807877
47289,34.31971610370592
47290,41.53223154781951
47291,26.725683435084047
47292,29.560790599122384
47293,21.69989197452727
47294,30.018794523917673
47295,46.355549404092905
47296,14.098688950643457
47297,19.32341096256538
47298,18.792483139015065
47299,16.855460974576474
47300,30.149828718686447
47301,32.76655147643138
47326,62.581522202476926
47327,45.149393956017285
47328,64.6854318262187
47329,43.584441223559224
47330,49.43579259611924
47331,78.04583672977928
47332,86.3985286056984
47333,53.5697522316064
47334,54.84266105259981
47335,62.44973611654893
47336,58.73057683194514
47337,65.69112849751502
47377,20.58167832158157
47378,18.878250948150626
47379,24.53974752854598
47380,25.548187517786715
47381,24.867784487769512
47382,25.600576165930836
47383,24.100913844185186
47384,35.495849054969895
47385,33.20996224185277
47386,34.3124087077419
47387,41.873388561548154
47388,36.67778068123074
47438,33.80084792084312
47439,33.2699200972928
47440,29.492375037297204
47441,29.068507326276418
47442,30.153148912786296
47443,32.235023780779315
47444,33.28985292257413
47445,38.84527031713563
47446,39.19182395819854
47452,38.27553957340771
47453,48.01549402094457
47454,43.118808968246185
47455,52.34436977070821
47456,38.94260175573762
47457,49.506654760869864
47458,51.823230234302926
47459,22.70892583959086
47460,24.418137657457255
47461,22.761314487734996
47462,32.46631578249034
47463,36.9225007944845
47464,51.742214749911604
47465,34.87092408198274
47466,33.801091513473615
47467,44.59386877944256
47468,50.10403770639126
47469,40.55400667035555
47470,45.28155711132436
47490,16.374423052379285
47491,28.05556672839912
47492,29.415071978231275
47493,39.495053117510075
47494,34.64226250808494
47511,35.5123417007002
47512,40.027693016470565
47513,42.44273408762128
47514,56.986250515642524
47530,25.070932244665947
47531,36.50980758715983
47532,28.41796721253992
47533,37.246261604929046
47534,38.57332031374998
47535,35.93443796927721
47536,56.11369990790533
47537,42.0776136218922
47538,47.329922031996745
47539,46.11671270862536
47540,49.240653080952846
47541,70.36654401292915
47551,18.28757840700505
47552,17.744999532527558
47553,16.51329988035157
47554,19.497882250856772
47555,23.447233710139887
47556,28.671955722061803
47586,35.62698843899198
47587,34.238430968191096
47588,45.3708850476337
47589,48.06837879853029
47590,56.691756677594526
47591,46.19338752059912
47592,42.03554980311583
47593,51.84251522086103
47594,48.72314680647527
47595,74.37072486773792
47596,55.03057506646286
47597,85.36485294438233
47598,30.530138420817355
47599,27.77149651785221
47600,37.606835229054745
47601,33.37523333923641
47628,20.236374441375514
47629,18.004952547640105
47630,22.954026248482627
47631,28.466047622411114
47638,26.45231092986204
47639,20.567554686531416
47640,19.324203983428255
47641,20.045344610662408
47642,30.348246731285233
47643,24.03836697040833
47644,13.11394216719754
47645,35.186423293163486
47646,30.595396466708305
47647,34.43299452971739
47648,36.11727786789472
47649,38.73462597944416
47697,18.6284836567782
47698,26.40394677397775
47699,17.704452165217262
47700,23.36594874561262
47701,30.69298624341156
47702,33.815392769456466
47703,41.590855886656016
47704,36.915162449892705
47719,16.540813553435513
47720,19.249747612861324
47721,18.85664394485071
47722,26.7466291157356
47723,28.455840933602005
47724,26.149935996103203
47725,31.967429958672195
47726,35.81507284157836
47727,18.757163515003622
47728,20.90314990134346
47729,24.43902889400748
47730,28.825154921764018
47731,35.75037100387103
47732,33.105476643516525
47733,33.90774592426431
47734,28.109452971784037
47735,40.20382786956885
47736,37.671562609125154
47737,40.63980982398609
47738,23.94820938998038
47739,35.40003167843631
47740,32.21409128512989
47741,48.7781413171259
47742,40.827748979026026
47743,42.20486464788772
47744,40.354419571342355
47745,65.89929228666517
47746,41.86334917313731
47747,42.39380326640801
47748,54.431344201703375
47749,46.74988526429159
47800,35.0010579579743
47801,24.762195536422773
47802,33.077304224853954
47803,42.285726622223685
47804,30.962047724163657
47879,16.770225935082884
47880,38.388234715211745
47881,37.86746932005505
47882,33.9589478309603
47895,18.596959872243467
47896,21.868841604755247
47897,15.984085361424613
47898,27.952528399451012
47899,28.398020715605774
47900,28.843513031760516
47901,34.042621412681605
47902,33.5328834902336
47903,44.14777513611386
47904,38.2113278780677
47905,36.721228297879925
47906,45.77800076617312
48043,13.756184490624673
48044,23.071015420615257
48045,23.378683581230316
48046,26.501090107275218
48047,33.71552339658151
48048,29.420679044759638
48049,33.04885890764902
48050,39.06381747347952
48051,47.76889603014179
48052,35.81839406289666
48053,43.42477766969069
48054,36.29653337431283
48055,46.97313143180066
48056,28.84135053611836
48057,39.2675432305427
48058,53.34584118476547
48059,58.127852767112536
48060,37.05162254031579
48061,33.55648114486875
48062,30.143417622500813
48063,27.859573643192196
48064,34.872537218933275
48065,41.20954146989744
48066,46.4252773164926
48067,53.96854169540886
48068,52.277865020776105
48069,55.475333363121855
48070,23.40602759725095
48071,25.40253877712391
48072,23.59624040093478
48073,17.3247324991621
48074,25.55287215193353
48075,35.30223362997093
48076,36.87865808644335
48077,47.985852150594795
48078,45.9256849613241
48079,43.358094355780906
48085,32.17056257775872
48086,39.934374644031095
48087,35.18285093274811
48088,35.46634889649092
48089,58.395576392254924
48090,59.89742425849033
48091,24.825547393875578
48092,26.070626125899697
48093,43.8494359704564
48094,38.29393968451993
48095,46.29742802776232
48096,44.99307775071038
48097,39.321479874008105
48098,51.075064860195724
48099,46.03880023289675
48100,68.38606227769989
48101,65.65079442573314
48102,74.20316807910763
48128,15.688438976353206
48129,16.984178327600503
48130,20.232757958257935
48131,27.284147144977474
48132,31.67027317273402
48133,29.438851278998616
48134,27.20742938526321
48135,40.63137806310226
48136,41.83973980524062
48137,43.45117227450626
48138,47.10319105257098
48139,45.8956856008898
48212,20.352618714817574
48213,32.48218801023802
48214,30.300021817465648
48215,24.854170332583806
48216,37.55363452812108
48217,31.41361237764391
48218,46.95669303098184
48219,35.00112581234636
48220,35.93049464310179
48221,41.1032293079686
48222,54.04523541159015
48228,20.283953525589464
48229,22.204231230302003
48230,24.718350747838596
48231,23.885678366597443
48244,31.897041380542426
48245,33.07901920022739
48246,38.2211283974197
48247,29.028362599169167
48248,38.125177788642574
48249,30.7010537325209
48250,42.417658028416774
48251,38.69800172361033
48252,43.55113449399934
48253,55.10625524935492
48254,48.86802819335684
48255,82.06758539650474
48256,69.99380674916465
48257,58.079427327965604
48258,67.60512327204759
48259,55.42711025299975
48272,19.39044335282802
48273,22.225550516866356
48274,29.98936258313873
48275,26.352866855022903
48276,32.167068274528944
48277,22.05280811799605
48278,33.66812055729379
48394,54.58067668085673
48395,35.45057099089726
48396,39.5505713836089
48397,40.80423232121142
48398,42.87413422301829
48399,48.31228060085964
48400,48.81035827141578
48401,46.21430848139374
48402,48.34998487360808
48403,54.60134252362148
48404,54.392000032588186
48405,54.97428229182357
48406,39.21782713052308
48407,32.37155779098493
48408,41.056526027318554
48409,24.066621706401374
48410,40.49190790700814
48411,42.78533604373624
48412,39.88440780622436
48413,42.70397099006097
48414,56.736340708898574
48415,43.47268926708803
48416,47.09072889646623
48417,28.575677503580046
48418,42.205943573868154
48419,42.822305921142046
48420,30.854924063975353
48421,35.01617265176915
48422,66.39742143353668
48423,41.40890255489834
48424,41.076069673013315
48425,44.27590626369263
48426,46.15110450367153
48427,47.43983892429954
48428,16.358845300247786
48429,22.02034188064315
48430,22.454183145870726
48431,29.792871694596833
48432,20.392605257210676
48433,35.388258403374174
48434,35.79846609936649
48435,42.609718394778405
48436,38.78663980652199
48437,41.481732978721084
48438,46.158160750763294
48439,43.517481117184616
48475,20.575009047704093
48476,22.217239494773914
48477,21.94751478661873
48478,27.592167224766506
48479,32.35807743464699
48480,29.62030305598136
48481,34.169954287695276
48482,42.09729155792502
48483,23.489719142559142
48484,35.57853694175994
48512,25.224118703974938
48513,22.992696810239533
48514,24.8513838345728
48515,20.23034709295382
48516,28.844406194318744
48517,32.081334774049
48518,38.04750989666251
48519,31.291368344058455
48520,46.01394379288564
48521,44.52117911861527
48522,47.651583852774806
48523,50.392459892893825
48528,23.816885372012706
48529,18.920200319314322
48530,23.92544679487715
48531,26.61572980090368
48532,32.566628140820455
48533,35.537841520731114
48534,31.955004691983103
48535,42.25930190286318
48536,37.61869012137937
48537,58.28393593204735
48538,60.97818855362957
48539,49.89532434233345
48610,22.476995766984093
48611,25.17427877548273
48612,41.5993105678977
48613,23.01228493569329
48614,25.952603671079984
48615,32.330794861494574
48653,19.32405338868722
48654,25.249547229234803
48655,23.293773646578803
48656,14.81735701448067
48662,20.092501936444094
48663,21.663889598770783
48664,19.29464354949569
48665,22.69269838662
48666,16.519851818718287
48667,36.91679043734991
48668,50.50327167738605
48669,48.300066159093674
48704,21.030718817775085
48705,29.918036913400222
48706,25.68611259055457
48707,25.629272977558134
48736,29.225068925341635
48737,30.382984121049223
48738,29.840405246571734
48739,32.13651084192626
48740,25.370489608468382
48741,27.825420027927336
48742,34.109480467206765
48743,35.224036698276116
48744,37.301597583459966
48745,45.56737430057299
48746,10.956949686930434
48747,29.56208844054608
48748,36.560894803672895
48749,37.4361551156772
48750,32.725674648579755
48751,46.94291803484718
48752,61.3958094463073
48753,71.7478044419333
48754,45.1414647526494
48755,41.9996271386843
48756,49.597605333445685
48768,70.56769677860213
48769,49.20954562425296
48770,45.031708040448976
48771,46.111662753171444
48772,54.21717347631187
48773,61.09577146739259
48774,54.81353157325963
48775,57.14951877376747
48776,55.58153616290328
48777,65.13793524579991
48778,65.32584389907797
48779,76.36499053447368
48828,26.730465994554343
48829,19.2946908875055
48830,20.11518412341523
48831,24.314560269501328
48832,19.989492424781556
48833,24.206976829868832
48834,27.337738240502844
48835,29.58364838503738
48836,36.730771945319965
48861,27.694558487720485
48862,14.770838407907242
48863,29.55656764999406
48864,27.635105887657154
48865,32.80337606478192
48871,35.97815426516447
48872,42.297732885372504
48873,38.30995476693553
48874,34.20683344648438
48875,41.81399590937908
48897,22.82801457625764
48898,20.883892044528803
48899,22.604754913322363
48900,24.46344193765563
48901,31.526482175302334
48902,25.917374243051107
48903,35.64224732302324
48904,35.418472546955066
48905,47.00912575022711
48906,38.06411744724751
48907,41.68786601273737
48908,58.93611305314885
48918,17.610805812787817
48919,20.73321233883272
48920,25.831761246142115
48921,28.080850480985987
49051,23.3408397359887
49052,28.827200197751434
49053,30.64751459818543
49054,43.254959224831005
49055,28.39760569407689
49056,56.494686041806006
49057,25.993443324306313
49058,30.089786022232936
49059,26.06463104135791
49060,41.35792643601818
49061,36.28646438734311
49062,51.62349413314808
49063,60.36419564518034
49064,54.79874181114885
49065,62.81184793404307
49072,21.096611598330714
49073,19.554310482293808
49074,26.617350719940514
49075,31.003476747697068
49102,29.285405074415014
49103,29.709037248780945
49104,42.498370917943085
49105,30.972061181233986
49106,46.96826092678839
49107,65.9246256773592
49108,45.65620984282165
49109,61.09459321531358
49110,57.08654823276492
49111,45.39409554465709
49112,44.31416842576569
49113,51.45128225051411
49126,26.22708558545122
49127,24.432438260189258
49128,31.54017482486179
49129,29.642671534809406
49130,33.24513945956609
49131,41.772609955254296
49132,52.86022178704388
49133,38.273078450952966
49134,48.65375948563312
49135,45.47915294570478
49136,48.13460290239185
49190,26.32591640752232
49191,31.872337431022203
49192,34.436039823167086
49193,44.90886732742505
49194,45.012972709254356
49195,44.927749176655624
49196,49.32538230976071
49197,45.55587777384811
49198,60.97492820789123
49199,57.411244422662634
49200,58.28874154772738
49201,63.39369732717136
49212,29.844555712942434
49213,37.29150439220088
49214,33.360713762850025
49215,41.68032254958572
49216,73.44558338189444
49217,40.83395788429344
49218,70.78202873958985
49219,61.70611471809502
49220,44.93363732944544
49221,50.355842404492435
49230,22.26232491251568
49231,20.54724648815756
49232,28.566688741127663
49233,31.883728381592924
49234,38.858080346467524
49270,55.16449007869524
49271,40.11522888939767
49272,51.59483542077328
49273,51.25643076968359
49291,19.003353864719188
49292,22.102458288909766
49293,44.229688318889856
49294,32.24835190952458
49342,21.366733997960143
49343,30.394265565944163
49344,28.58878642048829
49345,24.035167992338888
49346,34.2192256214242
49398,19.258144680611633
49399,22.081600793722785
49400,32.09720355233905
49401,36.05820606254933
49402,26.79576378070287
49403,35.4098228820678
49404,33.252452885585214
49405,42.07726545073645
49406,40.633646769490134
49407,43.70396648057702
49408,41.55074781920515
49417,22.591999504861324
49418,28.25349608525669
49419,26.022074191521284
49420,32.797815067161416
49421,31.36392837105599
49422,17.387155247516315
49423,49.78519177459834
49424,33.164769794333495
49425,43.63791137938867
49426,41.97387852224293
49427,42.847005334583635
49428,52.2627228934938
49429,68.33493545352182
49430,46.41273518123885
49431,82.98676099403956
49432,46.340125738391976
49433,16.458891628462116
49434,25.76207150752554
49435,29.215717000339136
49436,31.49031698333454
49457,25.575471485269958
49458,24.628448860253357
49459,37.29788713031949
49460,37.65669724503144
49485,50.535169039479385
49486,26.823686026480768
49487,32.633161110305345
49488,47.481731646749346
49489,44.20961367265669
49490,65.29010919309471
49491,59.74642223191552
49492,44.24726209669931
49493,42.28591863407183
49494,78.16689603802128
49495,56.11231988312896
49496,81.54258182891425
49497,43.06492904810085
49498,28.88427099646738
49499,28.23664144724181
49500,55.19956000497302
49501,64.87216542811137
49502,37.23984365492885
49503,53.81037543834162
49504,45.465851473998804
49505,42.435757133551675
49506,84.62565999174612
49507,62.780630035169395
49508,72.0438110328964
49585,22.902647188147824
49586,28.127369200069747
49587,20.703245143948074
49588,26.215266517876564
49589,33.18710706102725
49590,34.24779085050684
49591,38.39021645465206
49592,42.41533820473714
49593,46.42637305176326
49594,43.38250756125924
49595,48.67855525870506
49596,55.67900975796829
49647,18.563442166446663
49648,20.823950606471858
49649,25.761373256387206
49650,32.93893554771927
49651,37.600709886555215
49712,38.037125686642945
49713,34.11686077364963
49714,36.538495471068856
49715,33.76294009666269
49716,37.435767868706506
49717,42.55950623648927
49718,53.99249303216473
49719,50.82890691329875
49720,72.39906373093716
49721,52.48500275367642
49722,59.64881649903003
49723,54.6043985387435
49770,43.384614493548156
49771,34.16504283298772
49772,41.055540500168725
49773,55.44207355083428
49774,51.363975795941755
49775,41.819853679644766
49815,17.516326149773317
49816,29.059645670253452
49817,26.54092441451147
49818,27.825012714831605
49897,24.303622188031852
49898,26.24541339949589
49899,16.979161344152626
49900,27.754395925408684
49901,41.68775959571575
49902,45.6690927149959
49903,56.318733501660454
49904,59.698646950555
50004,16.083453191280466
50005,17.79266500914686
50006,21.19071984627117
50007,24.313126372316074
50032,25.534197729894117
50033,27.511994753738495
50034,37.892189310788524
50035,43.415838291356025
50036,15.486085316432161
50037,27.61694928344997
50038,32.730217040186474
50039,36.033267185381156
50040,38.490335655932306
50041,38.27225319557077
50042,55.21098482939054
50043,53.57202282928373
50044,44.12969844800524
50045,47.064248749887874
50046,49.32272023791391
50047,46.355854262138664
50096,42.42119247548853
50097,43.09275522291543
50098,37.83826396435185
50099,55.99308172890986
50100,67.81052185188148
50223,34.69323452110499
50224,42.882170104923645
50225,49.053106670170536
50226,50.85690641039779
50227,40.11228604557526
50288,26.912223836928902
50289,20.464519920512295
50290,26.539488967526754
50291,31.626386823908977
50292,22.13439177198596
50302,16.663531607318006
50303,18.93569109827037
50304,22.483221141861556
50305,30.511030468286158
50306,36.76627988924829
50307,34.898780654199264
50308,39.67931638793328
50309,39.29132707373602
50310,45.29541913791817
50311,55.114332842118095
50312,33.336993160316304
50359,25.989698215165937
50360,32.73930001698788
50361,43.53550925434263
50362,27.898651838966185
50363,21.883052212980854
50364,24.454162116866964
50365,28.557823833420528
50366,31.78372142963552
50407,20.279165347800017
50408,28.05462846499957
50409,22.7328198947549
50410,25.430102903253538
50411,35.307881506330105
50412,29.338389903219646
50413,37.72480286537893
50414,16.283339344697012
50415,40.10666450188381
50416,41.689660698279354
50417,45.20394317964204
50418,42.700704820195675
50457,31.78112512839045
50458,37.65144074229579
50459,41.160839677613204
50460,65.60927218098367
50507,18.69664795390365
50508,22.382002153034538
50509,34.08644793090871
50510,25.863728916134413
50511,43.91672307773461
50512,33.35946955534154
50513,42.05275973424571
50514,29.80581781663402
50515,35.72280596946845
50516,39.88283397202802
50517,39.86171739481016
50518,49.61399202554483
50519,42.13371240409775
50520,46.7072197415771
50521,63.14626596253548
50522,40.50605623722587
50558,18.597348462164174
50559,30.054754940788825
50560,29.04069159565644
50561,31.496301916062855
50635,57.56398059913514
50636,68.77365755370089
50637,74.38620172339354
50638,72.29957749169984
50639,57.718511697781125
50640,54.38088022755658
50641,77.6046423828021
50642,54.033566854404114
50643,51.79670341429909
50644,85.96208418467796
50645,54.95534384223695
50646,52.107990447094735
50656,16.85651506957101
50657,29.974155555623692
50658,28.99480211267276
50659,31.692085121171402
50660,23.41620244744354
50661,26.68808417995532
50662,32.900877382509485
50663,28.70496415843677
50664,28.024561128419577
50665,10.786436982391411
50666,39.61048343851806
50667,49.38718002688006
50668,41.67144972852028
50669,46.873357172486486
50670,68.49502414307979
50671,65.02959068464804
50686,24.02978306988459
50687,29.955276910432175
50688,26.95975720221392
50689,32.19104737545932
50735,15.397617807248686
50736,19.65757073039272
50737,25.85871288201972
50738,21.375500295940427
50739,29.403309622365033
50740,32.10059263086366
50741,29.86917073712825
50742,42.56168770563467
50743,29.798242058527954
50744,36.279350413212576
50745,42.93569199617812
50746,43.85263113422048
50752,32.48205083733144
50753,40.058449091690264
50754,31.655030448329256
50755,48.38902025249961
50756,39.3719037583809
50757,39.763420503776345
50758,40.25349556251864
50759,54.89299088645701
50760,45.43439205116712
50761,66.22817462007191
50762,58.21293352720958
50763,58.81111848950867
50768,20.104743793832363
50769,25.8111845114563
50770,27.014043844392468
50771,31.00074740302042
50772,27.60734293205457
50773,29.966991750900767
50774,32.79690582361869
50775,43.97835257341194
50776,31.711856243077932
50777,36.56282366797754
50778,35.48277882498627
50779,41.88426741898292
50792,33.19211149573846
50793,51.12664513737396
50794,35.352046315973574
50795,36.27262876052269
50796,38.446757774531804
50818,35.394339788232415
50819,38.37872455964074
50820,32.07103647868655
50821,36.10965460338151
50822,36.57296577453586
50823,40.51720927093282
50824,53.242033600854455
50825,50.338234445152644
50826,34.747972600965454
50827,38.02357513621141
50828,53.971842697379614
50829,35.28769981857053
50848,36.332926541194574
50849,37.19753734865343
50850,41.04824209589903
50851,39.81235854346355
50852,47.888645547048625
50853,72.97182365751222
50854,74.74290559605635
50855,71.98391425162198
50856,58.10027944480086
50857,53.158821281249985
50858,57.90537176776418
50859,55.860103130408206
50860,28.441329826351907
50861,33.66605183827383
50862,28.027516055093493
50863,26.979099069793264
50864,32.80518864255102
50865,49.26225368795696
50866,44.386678874601856
50867,43.55446024327238
50868,43.91025240528208
50869,46.63260716462992
50870,63.594158548283055
50871,62.05473349851276
50890,21.055035973114457
50891,24.889865378712212
50892,28.874919937910278
50893,30.175191225546385
50894,37.03616682425966
50895,30.70017736895089
50896,37.16916042237532
50897,38.43364626426171
50898,51.34895553544115
50899,43.80678489145793
50900,46.09601219422372
50901,36.236532050111784
51021,40.08379471593906
51022,36.34959001623598
51023,37.11388523186278
51024,38.44797470889502
51025,30.84618463623491
51026,45.42670845879795
51027,49.93948490950481
51028,46.33625380057389
51029,64.22681463463454
51030,54.61732879333317
51031,50.16190638959385
51032,79.49767671168578
51088,33.4084887233964
51089,37.92078785576548
51090,66.06334197126064
51091,40.56688991220303
51111,23.050754132124553
51112,25.422658652853045
51113,23.01267552641435
51114,50.71882986495352
51122,40.37269328819127
51123,31.395977138326955
51124,53.36380475425031
51125,37.84032588047914
51192,17.31206538254057
51193,23.524858585094734
51194,25.498067663113368
51195,40.87919447055618
51204,39.2219731814424
51205,40.91381804640679
51206,57.10997475972325
51207,46.56954535348785
51208,51.86423803716895
51209,52.525555930635136
51210,71.35327411049016
51211,63.0345401377797
51212,70.0505310055039
51213,76.06980263772977
51214,77.90428646972282
51215,63.8407049420523
51221,14.639723749434225
51222,22.127887504627196
51223,27.628257827628524
51224,21.881325739837592
51225,26.96822359621981
51226,21.083467352889176
51227,26.61223592923571
51228,19.437355721840156
51229,25.759287529780963
51230,37.06826982292032
51231,31.24723158627868
51232,39.434420113827585
51334,20.759648121028526
51335,19.37847326238566
51336,25.039969842781026
51337,23.52097082859847
51338,30.457837961632645
51339,33.166772021058456
51340,34.73497770096614
51341,43.20821287069866
51342,40.248122730640084
51343,33.178253918736374
51344,42.13473935330442
51345,48.79964986526966
51400,19.805684258629398
51401,17.861561726900575
51402,19.720248751233832
51403,31.125744116174264
51404,29.744569257531406
51405,20.469766329678297
51406,29.856162780630523
51479,21.76558247524058
51480,22.911846620021016
51481,25.16070400911903
51482,22.37798549322482
51541,20.034769119749978
51542,33.43970896780924
51543,28.244073502177102
51544,31.37813107914919
51545,28.17028904570871
51546,31.57379007575157
51547,33.32043755192885
51548,30.377352901441537
51549,39.265802730459164
51550,39.29863825427933
51551,42.5959816183598
51552,45.19995607014534
51577,28.087865554157663
51578,41.056030833743485
51579,36.40685313527769
51580,37.85394369359441
51581,45.98529205202078
51582,40.67985596687579
51583,49.25999688450613
51584,37.7311578079931
51585,47.37412777817324
51586,61.66554158969636
51587,55.29167245092373
51616,42.86741419094057
51617,29.821928682601744
51618,49.83140427901691
51619,45.09917434255887
51620,41.58713291560346
51621,73.67259157040108
51622,73.4120147375541
51623,71.73175548483962
51624,48.63945662175738
51625,54.295438642035734
51626,52.877429483428955
51627,86.57748932780672
51674,25.140906043554907
51675,32.19338497832184
51676,37.8456773068891
51677,34.43017441814589
51678,40.07845522216918
51679,34.99450237956059
51680,74.66508066028196
51681,71.21407959517374
51682,47.33267750344569
51683,43.8356749923084
51684,70.88706819837539
51685,47.79944185952639
51702,30.045929323480117
51703,28.10180679175128
51704,27.98435143482006
51705,35.479717819002694
51706,46.74871119256976
51707,43.72372459662644
51708,60.26602665876302
51709,77.12217910452952
51710,46.724241179210125
51711,47.85170444825884
51712,73.90892331825711
51713,70.79304162028089
51718,21.71511875482214
51719,25.11317359194645
51720,28.37340427353105
51721,34.65313248779052
51722,34.661185050540524
51723,32.065443026094684
51724,36.75575440361817
51725,32.20140584861765
51726,46.97977519358301
51727,43.144378844507614
51728,41.53038790390957
51729,38.037049510186804
51730,29.414187405209177
51731,32.52192336154624
51732,47.204218380693774
51733,37.57791222615407
51734,56.55507735535313
51735,63.34956242500294
51736,44.26020727018149
51737,79.6953917680191
51738,43.812041415684334
51739,53.57489615881549
51740,52.40067228164159
51741,59.537848591779145
51747,26.281342814472975
51748,24.199396127204444
51749,25.456485433092844
51750,38.61581859405702
51751,37.51287849757861
51752,38.643392946431135
51792,19.95229446492922
51793,24.48789569915264
51794,27.18517870765128
51795,33.82309542775171
51796,27.938339184421086
51797,27.04846217432599
51798,38.05824020996698
51799,38.96048164757713
51800,49.92926817908229
51801,48.37496702427733
51802,49.3639213618029
51803,48.5586764382001
51812,16.86279393859155
51813,23.902532074383927
51814,24.497499597005547
51815,24.667343602080898
51833,28.51903742109564
51834,30.677036665559417
51835,31.939946871369386
51836,32.76321252850904
51837,39.659983389646484
51838,29.987557277410094
51839,45.082270515656056
51840,27.19760606775888
51841,37.35103298191484
51842,33.472598372040224
51843,29.253923424338446
51844,29.796418449255796
51845,38.370609677812766
51846,49.90715263551173
51847,39.80976148139128
51848,40.180020303277175
51849,43.04526503349764
51850,56.06867146819907
51851,44.49018527058021
51864,40.31030641639699
51865,37.389845006732884
51866,29.53953117537599
51867,43.31207660784868
51868,43.74053183615892
51869,29.990338676990262
51870,47.1606704014601
51871,52.416518759932636
51872,47.61793568883441
51873,49.29046681570287
51874,52.64775424767065
51875,58.569637895879296
51891,17.547025074828646
51892,16.165850216185795
51893,24.20531059353756
51894,24.80027811615919
51921,17.293227919225593
51922,31.261115440370823
51923,31.85608296299245
51924,26.246975030741215
51925,31.52269561966513
51926,32.84109918530562
51927,34.27521346941239
51928,37.09781675469119
51929,37.28358629200334
51930,46.599021297045184
51931,42.92620109599989
51932,46.281779572440676
51937,38.32401349320351
51938,47.29989198500254
51939,43.96473976509124
51940,45.54217916634131
51941,50.855616801151484
51942,45.64152827922345
52202,24.1327077095045
52203,30.41222970251543
52204,30.060427550462926
52205,49.84358565677729
52206,19.675025978535178
52207,21.5104109010141
52208,29.837170640372452
52209,32.85600271463912
52333,27.86496179453421
52334,32.51119125505743
52335,35.16515375066622
52336,33.03212101969403
52359,30.018685021028155
52360,34.96775872187069
52361,26.831211786196164
52362,31.238551383035656
52363,56.746499482150305
52364,33.80750130998578
52365,44.44211265853105
52366,55.28066796878771
52367,44.25942363457478
52368,54.10868608869051
52369,47.405835160488024
52370,52.14831765361876
52377,15.22165757782948
52378,17.08034460216275
52379,18.663383315416617
52380,21.36066632391525
52381,25.608968196132107
52382,28.156775998163866
52383,31.267531473281608
52384,32.60478874315222
52385,37.12533254015674
52386,43.05320706492478
52387,36.449708454879016
52388,41.489287962468794
52413,51.92040252397098
52414,44.909750934468406
52415,43.24127671381897
52416,52.17336754764205
52417,54.3721014014221
52418,40.67417662374035
52419,52.45615942382234
52420,54.842831847599435
52421,48.930442870401464
52422,27.587837723215834
52423,24.79346815639446
52424,23.975240970837568
52425,29.727957503063937
52499,24.979554423376392
52500,29.536590376340236
52501,30.14457545959363
52502,37.81614265714094
52515,24.27676710692224
52516,48.35083536943013
52517,50.593069308563784
52518,58.397106081703356
52524,22.812744711339498
52525,31.28897965716473
52526,33.262188735183344
52527,35.172000324879455
52587,27.11713508916349
52588,25.87378438606034
52589,29.611787374754353
52590,31.054810063448222
52591,28.811362850042926
52592,39.752354172083685
52593,37.4466032330345
52594,34.820082613663914
52595,47.282755302028384
52614,32.18615540115684
52615,34.269923620361645
52616,35.50554410318608
52617,37.21366883831283
52657,15.074478714162346
52658,18.759832913293224
52659,24.960975064920213
52660,24.142747879363327
52661,38.73262780593072
52662,31.411374752567223
52663,42.28192581969258
52664,64.28541613522675
52719,36.47021661553798
52720,33.80202015332914
52721,28.792214534849734
52722,31.786024807849326
52723,32.55436242959824
52724,47.11566050891723
52725,55.74269445607606
52726,46.45605937327889
52727,44.50883824872212
52728,47.96749114137971
52729,48.654382854878236
52730,46.60795520631575
52753,17.5043571779152
52754,17.11125350990459
52755,20.796607709035463
52756,25.04490958125232
52757,19.447452699928252
52758,26.234844626495562
52759,31.47121768934466
52760,31.35376233241344
52761,30.811183457935943
52762,29.54515120499434
52763,36.47315993997024
52764,34.368710893830766
52802,39.143812966863806
52803,43.32037006177432
52804,45.196973426146045
52805,71.835697982554
52806,73.87701540549213
52807,77.62129929429011
52808,82.37428909695954
52809,70.2598329652503
52810,46.177086303525044
52811,50.80997790848441
52812,62.47618542828627
52813,88.85348299233522
52861,20.804468386161652
52862,26.15100411091894
52863,26.100762818342773
52864,29.677131736101217
52865,51.63399172343228
52866,44.15128214638146
52867,46.65004487716298
52868,41.32455936964594
52869,58.87182938167057
52870,42.81247289318413
52871,48.022081634345305
52872,46.60585975017355
52913,21.918620242555257
52914,20.96256890145867
52915,23.5220277544176
52916,20.452009876516833
52917,24.14901512657488
52918,31.349879519761295
52919,28.41768579740021
52920,31.114968805898854
52921,44.80720801596468
52922,34.75401811750844
52923,12.17931055201363
52924,25.009651676059743
52925,22.92770498879122
52926,27.176006861008062
52927,14.441533389934504
52928,33.11637144798452
52929,30.609903497477312
52930,23.637278379644222
52931,50.705837944526465
52932,37.346791996573295
52933,49.91556878377225
52934,61.859686734838284
52955,21.883851818103672
52956,41.193916708102044
52957,18.420730272192277
52958,29.906685673449818
52959,44.71358159479831
52960,34.82060007803223
52961,47.474203491094364
52962,51.677396662017784
52963,41.407320580240075
52964,61.31943993133385
52965,43.124606613223385
52966,55.4040058405693
52998,36.893423001907664
52999,31.398837123341803
53000,36.464762600940034
53001,40.51827134078254
53002,33.70201526043853
53003,31.434506135644632
53004,40.38151779722723
53005,35.84633634514414
53006,36.479477840411434
53007,34.73091084010925
53008,38.626441853622396
53009,38.35935152326655
53010,46.82394071897109
53011,51.62889848036871
53012,41.871821123663196
53013,52.18534002867399
53014,26.302881942820743
53015,13.04189236230981
53016,28.800719652710015
53017,32.405548885567555
53018,33.94529370926115
53019,31.974361296664902
53020,56.48354882453407
53021,34.0192130956068
53022,37.59669030466134
53023,46.029045451874346
53024,50.42886665076548
53025,54.68290519309864
53141,27.676674787198337
53142,27.673741483952476
53143,43.26016127952084
53144,34.239930906505
53145,33.64483614674769
53150,15.287186218028603
53151,21.763976680734988
53152,23.335364343061688
53153,26.30829566263972
53154,24.92712080399685
53155,26.36068431078386
53156,32.02218089117922
53157,34.18209876505329
53158,44.68402147408047
53159,34.232199152444004
53160,35.34671154207295
53161,41.72423105644009
53162,22.115946082098027
53163,22.97491086487188
53164,29.049879911886343
53165,33.17370185414474
53166,30.15963080697365
53167,25.959960827704617
53168,29.575906184036143
53169,24.618795051932427
53170,24.949191888079532
53171,27.354483563102455
53172,34.69317211182856
53173,25.855853347528367
53174,28.462162286690884
53175,30.119106530402973
53176,29.857240842703163
53177,21.996342218108047
53178,33.30514687650802
53179,33.94349141782947
53180,37.06454217105656
53181,59.404258726133804
53182,42.485415540057645
53183,35.51940796325923
53184,36.69224945572422
53185,44.3758189745847
53186,46.4792099297284
53187,47.49024125664775
53193,31.10004198666231
53194,31.66829778423694
53195,26.91128453566924
53196,35.444263709665115
53197,34.23143408344619
53198,52.66723809746592
53199,46.15845498662964
53200,63.88236854591167
53244,26.392664663379833
53245,34.999497563369204
53246,20.531305354926964
53247,36.29668242867421
53248,41.679683313918225
53281,24.365316994004456
53282,22.559018617815322
53283,8.127031396150201
53284,19.82574593948681
53285,26.127549992531108
53291,46.4468760600951
53292,32.81917806424586
53293,34.29320100089399
53294,34.77136044838303
53295,44.09097237745271
53296,46.99192904521165
53297,79.31625160017381
53298,41.40390702421405
53299,61.80194967251843
53300,59.53506686938451
53301,71.87591888374271
53302,52.487416855463465
53318,31.055790378896496
53319,28.26142081207512
53320,36.95186480814614
53321,36.074986844280986
53322,45.80421052264655
53323,46.880811053129605
53324,42.61281650290149
53430,26.976005003014734
53431,34.75146812021428
53432,31.697453421190176
53433,23.992879109141857
53434,37.19938439292524
53435,34.66840621062399
53436,57.718691595864584
53437,48.930747106849104
53438,55.94374909879224
53439,56.6932696807087
53440,46.109937001605175
53441,39.275049712234384
53442,25.39721393322711
53443,30.90923530715559
53444,33.87681537841821
53445,31.91380715610956
53446,47.06768535551667
53447,36.93007824582762
53448,36.47801543377511
53449,38.686139709674954
53450,44.31039285275662
53451,46.81086038696313
53452,42.286512306215954
53453,43.48686489668481
53483,16.766505082644912
53484,40.41167181680387
53485,26.976491202861204
53486,29.61188848902518
53487,36.07097381062536
53488,37.56408059394865
53489,56.408680294969784
53490,72.3698547521965
53491,50.924400441442664
53492,49.41113634700877
53493,51.926929847304294
53494,53.63439517835617
53527,35.31574988630047
53528,26.891903588619385
53529,41.00029955310215
53530,28.710073854785634
53531,35.81964869034104
53544,29.23810373815223
53545,33.614029256507436
53546,38.62552287072498
53547,51.837390757025176
53589,41.78562081179982
53590,57.894441378619106
53591,70.77132045107265
53592,63.2572549662042
53593,68.05134929522274
53594,71.22840448086126
53595,54.977679476726564
53596,59.50810198993188
53597,86.68235625637378
53598,88.75255209785631
53599,62.698570267950345
53600,66.9216335028232
53651,33.99121260384288
53652,67.00078742915761
53653,40.1924680995787
53654,47.27918374890048
53655,48.322862894824276
53656,45.658868259136874
53657,29.58664691964908
53658,56.16272358719601
53659,58.81474058888773
53660,58.180783368865946
53661,54.76797973810736
53662,61.56358941195833
53663,42.07641518385208
53664,60.26853529324828
53665,81.34498705750275
53666,46.309325195765126
53667,31.158343460723746
53668,26.325257198573322
53669,21.13387640886699
53670,34.027354825910976
53671,35.068883004586624
53672,39.555075041263294
53673,36.557177883575136
53674,43.69272588338387
53675,43.16450012395973
53676,48.27439735941556
53677,40.96912416990436
53678,48.10116030976637
53703,27.903585886903578
53704,32.706915021619835
53705,33.37785753705129
53706,38.133319833949635
53707,61.76441601621674
53720,11.62396968481515
53721,13.907780226694689
53722,13.239028247604669
53723,22.40438397112839
53724,23.688472271448518
53725,23.571016914517294
53726,34.8503391748452
53727,26.00136935961784
53728,33.06440959726454
53729,39.50929412302783
53730,42.907038908432014
53731,40.9239356948123
53732,26.3175059321594
53733,24.82797008489797
53734,28.144320376078248
53735,32.24602988315862
53736,36.86498200754126
53737,33.53582066418934
53738,21.45828197427784
53739,39.40257157850381
53740,36.32110120320845
53741,37.32786228308522
53742,43.85585690829634
53743,44.24271841252327
53794,20.46153806696747
53795,26.536507113981926
53796,23.32866508054146
53797,39.67451639864311
53798,27.160561182893343
53936,29.861968897368595
53937,35.169825965268224
53938,37.28220406101284
53939,38.5954587281058
53940,54.15513527547824
53941,40.279361928907996
53942,61.008444772977974
53943,44.646011768584884
53944,44.261878324296994
53945,49.18449104036309
53946,47.09589708283721
53947,77.52918004655463
53954,15.320376397303546
53955,16.753939904090537
53956,18.46315172195694
53957,22.550327336779745
53958,25.109786189738678
53971,26.072327697263415
53972,27.335238034999037
53973,33.34062827916443
53974,35.625532077054004
53975,34.36670401462706
54001,26.96898739143689
54002,26.851532034505677
54003,34.052396427692074
54004,41.47984698451074
54017,24.522080657301196
54018,25.961805932673798
54019,33.849019718849796
54020,25.888039294087374
54021,33.77197489809302
54022,34.06585362706143
54023,37.07429121983141
54024,40.3390249721059
54025,42.683788470390255
54089,33.94994348756018
54090,27.640063726683273
54091,33.19627220057851
54092,38.93033464074971
54093,40.77186138272813
54094,42.06876685042883
54095,65.50693733464024
54108,43.41006327124361
54109,42.43070982829267
54110,34.9722298367099
54111,40.50140424647234
54120,20.679304869358447
54121,20.561849512427216
54122,24.947975540183773
54123,26.657187358050166
54124,29.07882205546941
54125,34.30354406739132
54131,13.16163034911611
54132,17.972879894418927
54133,17.131350607007686
54134,25.044637879746944
54135,24.364234849729744
54136,30.01408037919794
54137,23.14125294523507
54138,43.577213181405384
54139,41.52184101506445
54140,37.68743084928789
54162,26.567693879362416
54163,38.972911485862255
54164,33.04023913538267
54165,32.36545136066293
54178,16.65809813471919
54179,18.65460931459215
54180,20.926768805544516
54181,25.17507067776136
54182,30.824916207229553
54183,30.144513177212367
54184,32.84179618571102
54185,29.35830584119114
54186,35.43327488820559
54187,47.82684144377828
54188,49.26040495056527
54189,53.33592951446091
54202,45.35534330724433
54203,47.70631940887645
54204,46.07790198216989
54205,74.42595166253025
54206,50.11289187365417
54207,54.496405496201085
54208,57.3205960552523
54209,66.98047562152851
54210,92.95389196172562
54246,13.656665637901119
54247,15.94047617978065
54248,18.787234394746168
54249,16.417988345471052
54250,25.422217811600735
54296,59.926804411201395
54297,30.15662196732944
54298,33.104284772296594
54299,40.75513916553726
54300,37.43584992951228
54301,37.09821182049001
54302,61.796853948412604
54303,52.82016841293408
54304,42.16610075084008
54305,56.642741605227116
54306,59.10172356441696
54307,53.31177985498013
54323,26.80864566789905
54324,21.911960615200655
54325,24.747067779238993
54326,28.57024613390957
54327,20.336077594302317
54328,19.667325615212302
54329,18.343340202822922
54330,28.165373131579294
54388,24.366054880308404
54389,37.74769262651332
54390,29.932671442077055
54391,39.32788357358532
54392,46.12100241006354
54475,15.076062853141362
54476,20.162960709523585
54477,22.159471889396556
54478,24.856754897895193
54479,26.85326607776815
54480,30.963743794445307
54481,29.44474478026275
54482,34.54329368757213
54483,33.024294673389576
54484,34.457858180176565
54485,39.70588229395284
54486,31.994458875824584
54493,29.368505816134366
54494,28.97540214812375
54495,31.42000831998998
54496,25.2616046571989
54549,21.406941360686254
54550,21.852433676841017
54551,29.202773276494284
54552,29.653723488375313
54553,34.562260494990085
54554,31.849365435452135
54555,40.27051613331726
54556,38.01902361614171
54557,44.438925744555
54558,41.32545197787697
54559,42.47442335474183
54564,12.030804179606216
54565,15.842331483349628
54566,21.606699066503165
54567,23.442083988982084
54659,19.34086578258118
54660,27.09302679792638
54661,31.61697698122263
54662,31.074398106745143
54674,25.906709448089856
54675,25.46316044843883
54676,35.12226922137603
54677,30.911204528756265
54714,22.125238643279936
54715,23.960623565758855
54716,27.795452971356607
54717,29.70576935490613
54718,44.12021140257283
54728,31.38430669143853
54729,40.274014103882834
54730,28.763291800544895
54731,44.910995509703305
54732,48.24033671738014
54785,24.800384413987814
54786,32.713671686727054
54787,35.4109546952257
54788,29.31156214005353
54789,28.536937773985997
54790,42.91721021241462
54791,23.83150936135137
54792,18.360225584639824
54793,27.123759892471625
54794,29.120271072344586
54795,27.955692796541086
54796,35.33496419139745
54797,36.122449372766084
54798,41.851842483096725
54799,37.65231465748507
54800,58.685373565933716
54801,44.884658153150355
54802,30.081621698151054
54851,28.873834667705875
54852,25.281950042354165
54853,29.144095098128986
54854,38.22463231569689
54935,33.742484727962825
54936,43.206790864420284
54937,38.73776144873774
54938,37.020467830019555
54953,38.88970361505503
54954,47.50211417253093
54955,56.32061271234238
54956,68.64126014925533
54957,43.15566051761988
54958,46.47977675576517
54959,71.78364547611395
54960,48.42209837661862
54961,57.12797871488479
54962,47.65541003354325
54963,68.00798177837298
54964,81.60303814445359
55017,41.595540361153354
55018,41.697558367582474
55019,23.624739664763155
55020,42.50217538046805
55021,39.596928921350695
55022,51.482379327380535
55023,53.4451657441744
55024,48.52965759635493
55025,51.80304150596113
55026,58.61191619648571
55027,59.459972212781295
55028,55.8014796282023
55041,41.04472508523871
55042,43.26294682094483
55043,48.785347497804956
55044,63.5000186794567
55045,55.79406494321067
55046,48.40057338409666
55047,48.24435222268441
55048,74.93104589188951
55049,46.399829071558116
55050,56.387916580570504
55051,61.614587610500266
55052,69.79224327932093
55060,40.23828300150507
55061,43.47876622744634
55062,55.508841279215545
55063,43.867146119139164
55095,32.439443532139
55096,42.378231723835235
55097,40.79056810377179
55098,44.735384875822845
55127,33.52370244396014
55128,29.7529127374337
55129,26.25777134198664
55130,31.9358164131813
55131,26.258902744927443
55132,32.003349359031716
55133,32.39731419449133
55134,44.38006724398459
55135,67.46386371327877
55136,45.7284164428179
55137,49.598477041088245
55138,43.90559270480475
55179,24.86713851848514
55180,39.94587860887799
55181,31.796898140467746
55182,35.89731877437499
55183,39.60953498671461
55184,29.677314084061557
55185,51.95266370964193
55186,58.17281996257989
55187,38.94009579943106
55188,44.344966162340455
55189,41.530180123568925
55190,58.5421997320106
55191,53.738937276242105
55192,44.74021214854746
55193,52.795616393326334
55194,53.44933982242635
55220,20.338988813894947
55221,26.413957860909402
55222,26.00920314197162
55223,31.629512624335785
55224,37.10214126959959
55225,42.08749038136084
55226,38.225447775315864
55227,47.727180876155394
55228,45.75721349743983
55229,61.90985088676773
55230,37.412412244742384
55231,46.43641709523611
55261,16.862102271713184
55262,23.201068578879873
55263,24.634632085666865
55264,25.217948557361314
55265,25.789613978128603
55266,33.415601888861275
55279,45.26820764009958
55280,41.6106649415386
55281,38.3871305709674
55282,38.30638526061381
55283,45.56217483241292
55284,68.36842077204928
55285,50.131490198656266
55286,76.65035781107156
55287,52.77302922401522
55288,51.40509285896808
55289,67.81834499872255
55290,52.6789344419317
55349,47.40371367630233
55350,46.108929146142046
55351,42.41810979382322
55352,42.5742956102778
55353,37.885885315201136
55354,62.239526082893484
55355,72.88927228918921
55356,65.80683576377658
55357,70.88107443995452
55358,60.47673328010319
55359,73.72959800351126
55360,55.48307653423059
55517,16.442181279010228
55518,24.918416224835443
55519,20.72250300076273
55520,22.156066507549724
55521,21.05053995998626
55522,27.274984213467597
55523,29.271495393340558
55524,30.279935382581286
55525,40.858485814283526
55548,28.602455655619284
55549,29.185772127313736
55550,23.863963557069074
55551,17.838698870400922
