Index,target
66,26.721297462648458
67,29.595219577151408
68,36.48103152823976
69,42.656833165726766
70,34.69101012870217
71,42.4721905639376
72,46.71494463422553
73,36.76765704863939
74,49.75270047995144
75,49.25022042170158
76,56.73238758297985
77,60.57302419974923
141,29.80770871440802
142,35.42763575476843
143,35.33726085870434
144,37.65228857434893
217,28.034150936596994
218,33.525266510841654
219,44.55824901067963
220,33.04930235229287
221,14.26128771621517
222,20.976588811650178
223,12.821506516432489
224,16.145204540675856
225,13.763396960526377
226,17.255359043178636
227,36.22270270350312
228,34.392068895684375
229,43.91216192388395
230,36.48069196931297
231,48.644384900980675
232,41.821548736081525
233,35.54772471723686
234,43.98142141988379
235,43.07283277267438
236,49.60616758968547
237,49.87675171403696
238,49.67602061085568
239,51.918880075012474
240,51.59648066420332
241,81.4877734856216
242,52.03439243097112
243,60.070997259704036
244,70.25986977475891
423,14.53056286604579
424,18.341434296022783
425,30.115400079486587
426,36.0078050528899
427,36.909327769180166
428,45.74226070126261
429,46.33009086185784
430,39.13364544379546
431,50.08404897752898
432,48.084660191976816
433,43.22711900412811
434,38.65343581083673
447,18.907971642626283
448,21.968779679341576
449,21.708072109386478
450,33.210845438904805
519,28.383542406772087
520,37.20198327881088
521,43.24330741693051
522,37.562416358421316
554,12.005671287081482
555,22.943191272844565
556,47.17787658727345
557,37.01987340650222
558,41.41631311840114
559,15.696477784456556
560,19.218370031630382
561,18.733061826545846
562,22.216061490520353
563,33.83770808361061
585,31.15360206870389
586,38.746667392145675
587,33.13231119328345
588,35.51920717779283
589,36.41274770902558
590,39.77364494788022
591,44.48011034474926
592,50.42355564474115
593,53.98592068714798
594,46.679484898415886
595,36.3583414882848
596,47.21772208224871
606,27.665456822578882
607,24.570816246680096
608,35.28208169927979
609,37.47159796531614
610,35.64938529388898
611,32.99210521653199
612,43.16447590488953
613,36.57586094045415
614,34.980674140614354
615,45.67355685086884
616,43.66517190679357
617,50.56031590739088
618,22.238046103542075
619,34.39670489403648
620,36.97723944197081
621,47.69386320437894
622,42.83640521652352
623,39.891872453064515
624,44.480777714895545
625,60.10878338089935
626,48.74888238107433
638,39.61438895325972
639,45.52205164659796
640,51.26263179663683
641,51.93099666370957
713,44.354452529283975
714,33.180354220649036
715,58.27830498905728
716,51.861740667023206
717,56.89886938346416
718,45.848734226062405
719,55.19933552972192
720,63.92171894446553
721,51.779959317914326
722,53.49949828247862
723,60.4834789051184
724,60.076134254840106
731,32.71930939339822
732,23.76572231245276
733,29.427631788233544
734,31.262670002782315
735,30.13334886193362
736,33.77164404725206
737,36.90000281049289
738,35.77729311540339
739,42.350309649675566
740,36.935791719178965
741,48.409378574012024
742,51.83051186082557
759,32.21576502872073
760,45.606579680668375
761,36.60519757925489
762,34.55949624074642
763,48.05808740467757
770,31.287268795779163
771,40.610398353810126
772,35.02448880937407
773,40.08512078711013
774,44.12468112752225
775,13.182262577790006
776,30.387339007609636
777,29.237004100227075
778,31.090347126574635
779,37.47719286937147
780,35.65120308741549
781,33.5950816781892
782,30.32553821727676
783,50.79511327828601
784,59.217036935058815
785,60.58548961573362
786,42.89579466085256
787,39.272200193147285
788,52.17843054637877
789,41.70407855234132
790,53.678681420616925
791,50.90289876115508
792,61.342592801314495
822,34.883952651330524
823,42.89414713102027
824,50.87113955827438
825,46.93266086353189
826,54.28227910259162
839,21.86125285244872
840,22.8986102000459
841,37.023295488790374
842,40.63217933216849
843,38.10296353573226
844,47.19069808853263
845,46.089647978293634
846,42.51263061918773
847,41.048141707926746
848,46.24747700685712
849,45.90049574983075
850,51.276999785687444
911,20.644001319215487
912,17.736053338834076
913,33.540965593531894
914,21.736650363176125
915,20.72754402753191
916,35.26137776828183
917,37.77726377575627
918,52.33706805391398
919,41.17850267277968
920,41.05152925007699
921,50.82268702729417
922,43.25667757160069
944,21.195158753202385
945,34.82002101706697
946,31.875405216744767
947,31.391906757941772
948,33.81219587414771
949,42.732315314817306
959,48.06609792747596
960,55.4453656379515
961,57.947485475585594
962,53.844252445566745
963,58.27805065762368
964,49.14159508626195
965,62.041630719936904
966,60.42843646523673
967,63.6393393459821
968,60.71136802150675
969,63.40576730246893
970,64.34062215144439
1097,25.586040770181796
1098,30.72618788909404
1099,29.98158226812621
1100,31.964387195581033
1101,40.125223593220994
1102,46.873300938990916
1103,32.249549510077884
1133,29.894613464469003
1134,46.191111003216776
1135,47.65058395562807
1136,47.10205242717373
1137,54.929058643016475
1138,61.81501829610017
1139,33.18321337553998
1140,37.56826294122525
1141,31.02720980076688
1142,29.95155058488681
1143,49.669038088525085
1156,33.69133427446142
1157,26.067170942699004
1158,32.15238198007593
1159,36.63238759243282
1271,26.350698136966937
1272,31.330236102191
1273,34.445248576688314
1274,34.057877100120145
1275,34.88205156014244
1276,39.16548201585858
1277,50.6005545668321
1278,44.02593179454472
1279,47.58337217005452
1280,48.11871489467771
1281,48.06259147117031
1282,53.472299827658254
1294,51.76151666989572
1295,55.38182897625424
1296,54.14212419015687
1297,54.57700357130269
1298,57.87123089720519
1299,50.42808908735383
1300,59.839735848821796
1301,63.09945458187853
1302,74.30517784655962
1303,63.55314107280955
1304,67.3587252880518
1305,73.83250600848095
1318,11.002850527084176
1319,24.23184481541917
1320,11.029877985800537
1321,19.407606518494926
1322,19.24076410492218
1323,31.03803210218262
1324,36.74560463698103
1325,40.22384505726929
1326,36.63740120834226
1327,51.41991268814603
1328,40.212373317207806
1329,63.29191980713247
1443,24.98817804405706
1444,36.05987794921412
1445,42.14495142158139
1446,39.83449833587531
1447,30.208529784059454
1448,35.363197582601984
1449,28.882762104508192
1450,38.74477740414666
1451,40.22063456355948
1452,50.39729853296613
1453,50.75778904257734
1491,28.31515284119525
1492,31.626301928990163
1493,30.705699168715263
1494,45.240728897382596
1495,36.38611065242003
1496,39.24991238904281
1497,38.45523388470506
1498,50.70362785671198
1499,39.270810996029084
1500,48.828283027113386
1501,41.13135336235833
1502,46.55528054412458
1540,44.46338793894978
1541,51.64832109739928
1542,42.12589846452673
1543,37.520285756350425
1544,53.638126374237274
1545,33.588436330181764
1546,49.29462524857766
1547,52.013191467730934
1548,62.442235088031296
1549,59.39345798716653
1550,61.81496530670389
1551,62.3406514940896
1682,31.4477741599847
1683,49.38057855430775
1684,44.79705233253411
1685,50.13126083881437
1686,47.87039751972115
1687,54.753033772019585
1688,54.4368722542934
1689,55.16090487985988
1690,52.72372161919471
1691,61.1648256801344
1692,61.27848955548172
1693,64.67891169517176
1788,3.7493623545276313
1789,5.551709989998062
1790,6.201089339571722
1791,7.318295256474009
1792,8.516816109731085
1793,10.954569286827217
1794,14.098821785868028
1795,20.833509994805357
1796,15.864693971721477
1797,17.35516198675104
1798,20.981538337209106
1799,23.680903547027906
1823,3.560468572378141
1824,32.643471937541264
1825,32.89210701922201
1826,38.44166811772004
1827,40.6600833322714
1828,40.10634151510203
1829,45.532755929664944
1830,44.614525502360195
1831,61.80111683874017
1832,58.64697057485695
1833,39.65911180053159
1834,58.86647663402292
1835,3.5399902231217797
1836,22.641514443735723
1837,34.119047660359534
1838,32.046144696438
1839,37.47149599214722
1888,9.722804751785947
1889,18.474244633033486
1890,19.126854730829304
1891,17.508120325943782
1892,19.05718611467026
1893,22.34444828686003
1894,21.4558379120419
1895,34.032432092633655
1896,36.23264628714611
1897,45.0008101363985
1898,58.82099110754116
1899,56.90938127867534
1900,14.844228181385795
1901,33.76355671442848
1902,30.072198128034504
1903,34.135117581275516
1921,19.58734764614125
1922,28.84832184421474
1923,33.48581516783119
1924,32.51568937858141
1925,35.239289030130614
1926,38.018568266006184
1927,38.316173152579374
1928,37.916429709227934
1929,38.49237971948928
2057,20.943336270084554
2058,25.17802073892222
2059,24.564578825884453
2060,42.11061124201637
2061,31.34355923917019
2062,32.5678223442836
2063,33.586512752768215
2064,37.582845539351744
2065,44.75540482975172
2066,52.884653150607875
2067,53.7406715944076
2068,55.17118268925919
2139,52.74195784181685
2140,42.51901067922332
2141,46.10918135120029
2142,70.32439241689438
2218,21.204927916812096
2219,40.18913115252067
2220,29.27924842513665
2221,37.97091917913725
2222,40.47492019334189
2223,39.78085104902149
2224,43.11630406746236
2225,51.927725945750055
2226,41.6482080938861
2227,45.59106987930709
2255,40.344672241409086
2256,33.47563305054961
2257,37.48149611611168
2258,33.19482085580123
2259,34.62910893654501
2260,34.510753595589584
2261,46.09647376515616
2262,49.78743620931643
2263,51.47765161036156
2264,40.759889707579006
2265,49.2620082394272
2266,60.60788107571322
2271,30.32094744875403
2272,29.13288777125823
2273,34.60572335397135
2274,36.19620423941373
2287,28.137085561936825
2288,19.199307303280328
2289,30.54489003798137
2290,42.25053787526474
2336,12.682199373957001
2337,32.229014362000925
2338,34.13968069496161
2339,37.84986691942219
2340,46.34904128872002
2341,43.79506090441941
2342,47.264841605818226
2343,48.73069803430234
2344,51.84837577971687
2345,44.58094279129742
2346,52.51797654812064
2347,49.664347225406495
2413,16.483670592146876
2414,27.61299697767724
2415,14.821145806215593
2416,24.577644348412093
2417,31.956773967158963
2418,28.380211233301303
2419,40.212697795225786
2420,38.67648870118802
2437,39.15002349399851
2438,31.16506339697472
2439,42.78369086337805
2440,56.3137480800672
2479,40.219163657707014
2480,41.007388161030825
2481,31.73812579482956
2482,42.963533862486614
2483,20.96313014889286
2484,17.92796755522303
2485,30.42516341189116
2486,31.39591504662928
2487,30.629843594762594
2488,29.038026291381176
2489,50.697974255615584
2490,53.83041683226963
2491,46.03912482769197
2492,33.46271053917303
2493,38.693306049443215
2494,49.68919288918705
2535,46.04814128219871
2536,39.584224418145745
2537,52.9064573506656
2538,53.24992880226144
2539,51.72206258880174
2557,29.131427225967084
2558,19.554450053933127
2559,33.007907378519235
2560,43.18735249380434
2561,37.169036102720575
2562,31.693180319336207
2563,39.61715076890905
2564,56.03691452380494
2565,50.04033235331168
2566,46.36182245923571
2567,53.46132799878104
2568,56.503780380127694
2573,38.80136340854839
2574,42.93188273644171
2575,38.11579036408014
2576,58.46328751665207
2577,33.41578740109227
2578,47.937209331103695
2579,51.66412779738705
2580,42.82158308244483
2581,55.146655786559656
2582,56.27009697917867
2583,60.324589705335356
2584,62.86838502484014
2585,19.889993735318644
2586,15.811221523081805
2587,18.31269766972146
2588,11.065020951052098
2589,35.787222184320264
2590,38.380368394895456
2591,45.043207238158224
2592,45.023043402477555
2593,49.12123593855246
2594,30.475047109276776
2595,33.45758630497438
2596,31.114950543847645
2597,36.36269441155401
2598,56.93239087931674
2599,41.66138893223917
2600,49.61310563044477
2601,50.150199560455576
2602,36.436264588995094
2603,39.29469599943916
2604,54.50934027381269
2605,46.32970208377105
2606,11.694341416772643
2607,20.273657646869758
2608,13.50654105419291
2609,19.010951597082393
2610,17.255359043178636
2632,53.1892804169488
2633,42.22045915959243
2634,51.99735328244423
2635,43.47910960177698
2636,25.72277967492877
2637,27.982485981744563
2638,31.652751624933543
2639,34.437352058768425
2640,32.373860494959544
2641,47.8951573354835
2642,57.103980316713894
2643,44.989404712319306
2644,55.0303335220299
2645,60.475539345471795
2646,59.458476692257484
2647,54.16022580004212
2672,7.555725173231562
2673,10.413499173281375
2674,13.521780082168839
2675,16.23499396070158
2676,13.810552802599322
2677,23.040049178621988
2678,20.124245416098507
2679,39.74602597731778
2680,36.64781072286867
2830,31.242955538684416
2831,15.256528233199438
2832,30.532188939249906
2833,19.572229956437884
2834,37.92657266409248
2903,10.274684089025088
2904,8.075664932114739
2905,12.42198369036734
2906,12.209739272928019
2955,36.83445648428656
2956,39.62835977897355
2957,39.87714710866533
2958,33.710537820839356
2959,38.52517783132687
2960,45.64107619164973
2961,46.14055816561776
2962,54.44865715291999
2963,58.55651604224603
2964,30.34605564008739
2965,42.01860610367897
2966,49.85705152710171
2967,45.8910195544403
2968,42.42461481382147
2969,46.334744898828674
2970,60.813122944535955
2971,46.955337935607886
2972,52.41998491978089
2973,56.14276771625129
2974,59.234483613307084
2975,53.54771542543485
3006,58.19740091425394
3007,60.37837637679333
3008,54.54726493829862
3009,71.34950202908527
3010,58.42982462532514
3011,70.557368115505
3012,66.51373556695302
3013,61.868544192873514
3014,68.46827611095623
3031,26.334723943075314
3032,20.75729385259137
3033,44.67329210989016
3034,52.09718883559713
3035,38.02639430794266
3036,51.71622385869833
3037,55.826761256126304
3038,48.3800922123038
3167,17.840857440796423
3168,21.470760960420293
3169,22.516832968285392
3170,12.619372376144703
3175,32.95962089760245
3176,32.62355252319569
3177,34.06744969492054
3178,32.203121116109564
3179,42.658538807041424
3180,40.81797819211962
3181,51.804746943147464
3182,58.090325533739666
3183,57.48220689861272
3184,40.349902390057665
3185,67.38863344080907
3186,55.326017443657
3192,27.816810234510243
3193,21.555111781391705
3194,31.72699137732054
3195,41.4226452019315
3196,38.85293123422636
3197,10.699391249706503
3198,5.819957698782672
3199,22.31578331881021
3200,15.28108454588141
3201,31.55536004267404
3202,42.428204701759675
3203,31.789433950794237
3204,49.979070556059334
3293,40.21324780673882
3294,42.82618497751627
3295,32.519939816058
3296,45.11804032505569
3297,31.329298696842475
3298,40.594241052263996
3299,50.667258890206206
3300,37.95448054341068
3301,41.375598677928636
3302,49.02971538553
3303,50.58224395212403
3304,46.59009162169296
3305,42.26941022936668
3306,54.434073493853866
3307,56.09179901603246
3308,45.81771802303675
3309,14.959281680655232
3310,20.291650027515228
3311,35.590389243546205
3312,34.467054149847264
3313,40.78607208190677
3334,17.153025802710058
3335,34.00881316573203
3336,32.62417886459849
3337,32.99729364775768
3338,32.003959227213535
3339,32.85055853196822
3340,32.92557410329928
3341,37.99652330968138
3342,36.52973450137545
3343,56.16409872628783
3344,45.01398139609781
3345,43.65015260906163
3346,56.50593794002328
3347,39.024066552770705
3348,49.85779005767781
3361,22.314794980368955
3362,21.339656088774042
3363,17.473306455519726
3364,38.33868023198097
3393,19.014241023015348
3394,21.4109018766965
3395,23.11335526617781
3396,26.679486223102344
3425,31.260692461651143
3426,33.189223727010344
3427,36.17078807587001
3428,55.04237650084173
3429,49.95848612172833
3430,48.63418125825674
3431,49.53013522457699
3432,53.82747332835831
3472,14.937895944552862
3473,23.367940337001087
3474,15.00906005274077
3475,16.904470776491827
3476,20.121889517341174
3477,39.02346324205565
3478,42.1414712107355
3479,41.169336185179155
3480,41.60526000482778
3481,47.154780241905016
3482,33.772128376052244
3483,44.474336082068156
3521,19.842872132677062
3522,8.582375496900518
3523,15.808463049416641
3524,23.983560953035212
3583,20.093251948315707
3584,14.477859091924254
3585,8.518966534045417
3586,39.43037371108344
3587,37.39354054653508
3588,36.31744982146483
3589,42.80532338906253
3590,50.5884560404966
3591,46.37397859662005
3592,56.20781139131398
3593,39.84676290883635
3594,13.37423996572376
3595,25.24335639200423
3596,31.198604528026596
3597,40.514476489010164
3598,37.90143916105004
3599,4.490852927095805
3600,5.443239979596967
3601,13.562353260265326
3602,9.641492722235661
3603,15.292741073967045
3604,17.546087129824972
3605,14.72477637229838
3606,26.092396715361797
3607,35.63594044478971
3608,34.84475581614975
3609,40.576987851838986
3610,34.55220185395767
3644,13.522639018939847
3645,16.433073694921053
3646,16.48388422438362
3647,8.797502608870005
3648,17.508120325943782
3649,20.058689362043797
3650,20.72553906679313
3651,37.87188156487885
3652,35.97323829022102
3653,39.662182537307956
3654,43.71251482577563
3655,43.19575730946779
3812,31.63842794702077
3813,32.675052950296575
3814,34.205475306681805
3815,37.459438125171154
3816,50.943187564120954
3817,56.74803551440476
3818,34.76955015794187
3819,32.623140208623724
3820,43.14070866415254
3821,39.65813453511178
3822,47.87847971290781
3823,42.367182924674815
3824,51.25943632989932
3825,50.30597839856088
3826,63.903961139203794
3827,51.92641892620463
3828,50.67830260234711
3829,62.14546390724753
3886,29.602759406759656
3887,31.653567633724197
3888,37.58567260456814
3889,31.178667674359556
4051,14.765417427814175
4052,23.617142943247003
4053,25.15753882136462
4054,23.791334645911355
4055,19.84209612341826
4056,13.18200334308118
4057,17.085000322140964
4058,22.32082313113405
4059,33.60365844615884
4060,38.49948147469245
4061,38.34570583370985
4062,35.4330723109719
4128,14.859467209361723
4129,17.773043723184124
4130,27.50363895077163
4131,20.102244264481655
4132,30.37092409573247
4133,30.80584872266341
4134,30.310888668834647
4135,37.30062308139396
4136,44.89716636126655
4137,42.81323283382739
4176,19.232338634932184
4177,27.32260154235807
4178,31.004854939632427
4179,31.008170481345836
4201,48.49271567647637
4202,53.84981539119357
4203,33.769157810922835
4204,33.59159368355307
4205,38.042670775282986
4206,62.95643930661098
4207,74.27408459929323
4228,50.678756173916724
4229,54.3951040993798
4230,49.45651266702063
4231,53.301635301661705
4232,53.07340349725788
4239,24.542228553329664
4240,30.05248698099861
4241,38.52726982904506
4242,37.941893120162945
4249,27.810864144946226
4250,23.711099960731946
4251,24.244232646838856
4252,36.97347389015432
4253,39.156963754647165
4254,36.489984611887074
4255,40.59108159412705
4256,50.26231910964137
4257,34.170846174675724
4258,36.91769747287645
4259,38.61192208723566
4260,47.47761226317283
4270,45.8584522341844
4271,33.077059360490566
4272,44.7718311594783
4273,47.44691816229306
4274,39.85161747351164
4275,52.8849367735333
4276,32.214289005696855
4277,44.34909730231495
4278,39.914756945318885
4279,53.86063680169009
4280,53.50555168376734
4281,42.70234141037965
4282,54.38906058060499
4283,42.127323407745244
4284,49.261831989463296
4285,65.08696910518108
4323,10.336116531820556
4324,24.613608410540476
4325,34.843211797552705
4326,35.84930170180537
4327,39.94063779860727
4328,39.80588911492738
4329,37.83486244817983
4330,56.632073063338595
4331,49.61766355234615
4332,50.79946718174162
4333,42.239209974299634
4362,9.594398118732864
4363,21.431721008379313
4364,21.346232842442223
4365,6.976051684639671
4366,11.913354345378535
4367,44.74417210521454
4368,15.376860656525498
4369,36.20900339211422
4370,40.36333258042006
4371,34.65994273940142
4399,31.04919802811579
4400,33.66168432580262
4401,36.12230189355508
4402,60.33362456565373
4403,63.70581306405117
4425,24.983985359508733
4426,34.22755130248662
4427,49.44381587868832
4428,36.696353778144676
4429,36.640167676711414
4430,34.447115290633775
4431,37.58313019570839
4432,46.13795628958219
4433,48.246575821638196
4434,50.99589657058539
4435,47.9297289907549
4484,14.678134535565755
4485,15.048568328416009
4486,23.06978309235124
4487,34.57167832439805
4545,22.425073777257445
4546,32.70891400622422
4547,29.117125635530115
4548,40.9250255003972
4549,34.78960549394499
4550,48.84703984599613
4551,50.45250926267797
4552,38.7656846725021
4553,51.860103513283796
4554,44.12966589714929
4555,45.97005694372554
4561,13.452746987250041
4562,20.360694201578095
4563,19.81156740516002
4564,14.956223525313353
4698,21.335880079859265
4699,28.0166196338486
4700,35.399903974637176
4701,38.789382329118645
4702,39.380119100118925
4703,40.42870778753977
4704,39.409552665722444
4705,50.1913339054236
4706,36.773933405788206
4707,45.876761001718336
4708,39.503193041901696
4785,14.380531190232684
4786,18.394115266106645
4787,39.829738845365405
4788,33.68093563555283
4828,29.226716520689315
4829,34.33651698903926
4830,30.960392140397598
4831,36.221898586549564
4832,45.090702284791725
4837,3.7077765423366382
4838,9.221589186127794
4839,10.512857714809597
4840,40.49773310625207
4891,22.49199887417708
4892,19.261108487269716
4893,20.248321175741925
4894,29.96759657867661
4956,52.740937384456345
4957,56.82902753365321
4958,60.62122066121231
4959,53.94978391905128
4997,17.268953206228257
4998,27.589908710473143
4999,33.99376377613747
5000,32.895498117794766
5001,31.21436894251008
5002,35.796192977372144
5003,32.12377662124132
5004,38.303174896779666
5005,40.41202094654746
5006,35.87582770005073
5007,43.604252155941815
5008,53.71715807709221
5045,4.460098885033139
5046,9.03052919362965
5047,16.23499396070158
5048,16.160443568651782
5085,17.359298126418825
5086,11.49878895640099
5087,12.759064121663029
5088,19.802745023936506
5089,23.37788922418449
5090,37.032495718398415
5091,36.0005503371865
5092,37.10818231794963
5093,40.246309684831814
5094,45.70821134802347
5095,37.26971125973885
5096,44.82766509097724
5097,9.10862600366817
5098,25.033018288848304
5099,30.688743125938355
5100,32.00890498588683
5101,39.43750109878418
5102,39.83809095471193
5103,32.32817364792611
5104,62.12782528628027
5257,7.864449939898455
5258,10.909721653606027
5259,16.69348345709874
5260,9.126083125796741
5261,17.069761294165037
5262,17.069761294165037
5263,30.368336654779338
5264,36.53335146207313
5265,34.29207298389495
5266,33.718201302460926
5267,46.77966805280311
5268,43.40143535902828
5372,51.679959507670446
5373,44.23699159880273
5374,57.44769984173725
5375,52.03692576587182
5376,59.32761810717056
5377,64.11934325609383
5378,58.68102688863645
5379,56.49256266739395
5380,67.25944769887622
5381,60.76506080105655
5382,65.75054107248377
5383,69.89795501186187
5419,20.780005657295707
5420,15.146293338877525
5421,31.166661155996213
5422,31.238439444153652
5423,43.892663933986
5424,32.973453321721536
5425,44.59588436396653
5426,44.72218236225667
5427,52.22654757319059
5428,56.742162622315554
5429,43.37591748861214
5438,44.246170725898494
5439,50.77774237016983
5440,57.28980508367407
5441,55.155387538038525
5454,44.083873378037
5455,28.01677171399632
5456,35.19999599776587
5457,38.717752446339524
5458,55.07694696306127
5459,61.966233661778666
5460,52.69870236615585
5461,66.17150511684797
5494,16.60572003772408
5495,15.273856291774843
5496,32.66043622141837
5497,30.511451359162486
5498,31.1618705995646
5499,37.814499040503684
5500,36.007100225460064
5501,40.23343583307645
5629,3.446361015152547
5630,14.606349147883645
5631,9.058621397427785
5632,16.05758938229115
5633,33.33594107606078
5634,33.05028374276062
5635,40.39154546588532
5636,47.74221734249862
5637,42.86456091534555
5638,43.71418368114843
5639,41.41810144361827
5640,47.63195729079365
5641,47.78098557581242
5642,44.334145378328486
5643,48.74978865418339
5644,52.3881824168915
5645,4.564927297394925
5646,16.51890664129247
5647,10.539597162900408
5648,20.31324791783543
5649,20.782565669715588
5650,24.953384458831483
5651,35.639342845012784
5652,30.772065146710847
5653,34.495096886633306
5666,39.40988134550634
5667,45.84432279977339
5668,34.83913613642486
5669,38.84262172631847
5670,38.351767136883176
5671,36.84404483170204
5672,48.37672104001443
5673,51.48014274703158
5674,61.24616633425952
5675,51.445574225875184
5676,56.04565378427808
5677,57.369989297292896
5732,16.727939462365274
5733,32.604345147335614
5734,24.92375237739757
5735,35.13704511206484
5736,39.185658938997385
5737,42.57805212819398
5738,40.19473426587868
5739,52.29185339702253
5740,47.42326392284927
5741,44.142382842863974
5742,44.11762201609353
5743,50.54732692518412
5863,53.24316073271818
5864,40.50039739260832
5865,56.767996672457286
5866,53.15209811286514
5867,60.90454300324195
5868,56.90607617147825
5869,64.57768482711143
5870,63.46262329463775
5871,64.33982525440463
5872,64.03693887009032
5873,59.2183308957052
5874,65.7663658277093
5907,36.86809307614742
5908,36.77190446550815
5909,46.95250583484696
5910,58.05865501777718
5911,42.947395892490256
5912,41.590469688272265
5913,38.87096430580893
5914,44.54465518494699
5915,51.60997703493279
5916,67.4562400525688
5917,63.77318725328246
5918,57.69036944149323
5940,29.91193083540656
5941,32.632702450268205
5942,35.423607027016956
5943,31.669563221542216
5944,12.461165626949327
5945,19.554450053933127
5946,18.890067594057893
5947,23.48880510759504
5948,21.288719391429535
5949,35.908232159103775
5950,39.89758674810248
5951,33.959959193659415
5952,44.94821721377567
5953,42.508540272523376
5954,42.370405080209174
5955,59.77598673441137
5980,28.039911821860688
5981,33.95321990433043
5982,28.22423280318571
5983,42.443139683058426
5984,46.72270578470181
5985,33.55102816421746
5986,15.43339325406458
5987,33.223656416465914
5988,46.31830793482687
5989,46.07183783450977
5990,37.0670298789409
5991,41.117023323986835
5992,51.74667373513267
5993,40.33353479181556
5994,40.726016427832086
5995,48.20656710923363
5996,54.06546396192531
6001,32.481484283134726
6002,30.14872363605635
6003,29.632220509486178
6004,47.87203037048006
6005,50.389443626040986
6006,40.136418383721804
6007,62.40607180570917
6008,63.09914159423288
6021,28.550646277074048
6022,32.36957975617059
6023,53.221009150759414
6024,55.47579702124125
6025,62.13268650192403
6026,53.66150649211729
6027,54.64135824584295
6028,58.8001293058827
6029,58.40591441492178
6030,63.196301458398345
6031,58.89353212217586
6032,64.28415089267487
6122,35.93192053115999
6123,19.60293291234953
6124,44.58534733383556
6125,39.1123669289538
6261,24.576756095176776
6262,33.43337112245389
6263,50.362110931265924
6264,49.38510296815052
6265,47.58712486383742
6266,54.30127738672472
6267,50.393994480225096
6268,48.973712055224524
6269,52.65610236005629
6270,56.253811105309744
6271,50.78585515298948
6272,48.556529373672504
6313,40.92656285548891
6314,43.26804542850135
6315,46.12711864409003
6316,46.72020575254333
6317,57.51408270777994
6318,38.49544234053144
6319,51.77461203859619
6320,56.87366014357657
6321,3.217478756151982
6322,5.33823074924003
6323,14.979928481244823
6324,15.302012974154287
6325,15.203281136617234
6326,15.203281136617234
6327,15.25173902156224
6328,29.497424575372605
6329,27.375483594621333
6330,44.820568232840024
6331,41.70678589335367
6332,36.68401252217779
6348,8.345310791590041
6349,13.618144837513846
6350,9.733555477047974
6351,15.845150710175528
6352,13.687082624110767
6353,16.03834729028142
6354,12.959055952843482
6355,24.49913450189767
6356,22.772747113372947
6357,29.562356739870257
6388,29.403841007032703
6389,32.77908563902832
6390,18.25533465772722
6391,32.31027864700445
6392,40.53425355043695
6393,36.33710459474442
6394,32.45176295301185
6395,47.76921946490049
6396,36.42318737421515
6397,39.309979128484464
6398,50.97348175242801
6399,41.16763176671177
6462,8.7913628514342
6463,18.447766000928446
6464,22.163362064951393
6465,35.35259831630017
6486,3.501086142441102
6487,22.1705835591566
6488,18.921749161299473
6489,17.222469012082488
6490,29.126063328858507
6491,32.986263414472425
6492,40.41710758157989
6493,37.76527535663726
6494,44.00002512538466
6495,48.48602238471803
6496,44.437236100964334
6497,50.56255944319334
6538,26.71138138090589
6539,33.32194651340701
6540,33.75392582017085
6541,32.70669817351802
6558,29.859947113094744
6559,40.407840200007385
6560,38.64221967701764
6561,45.94640146586933
6562,13.201101076807133
6563,21.63579589537165
6564,13.481410929453235
6565,23.452582612752376
6566,35.62026202910265
6567,38.71095785156091
6568,34.90779397896945
6569,30.897763664684913
6570,42.08118541136928
6571,41.23364562679698
6572,52.731091920595894
6573,49.29483586763278
6574,29.248866138046623
6575,33.08092670170418
6576,37.92214117459792
6577,34.844658563278344
6578,47.15583026003074
6579,38.7644895591097
6580,27.223441081657302
6581,30.24657471525108
6582,31.973751310932954
6603,29.061355652262503
6604,33.20527116059366
6605,30.618340417700875
6606,33.399869600566234
6607,35.40666055553893
6608,32.97198028487374
6609,48.403664225788226
6610,34.55159742389107
6611,36.64700600101182
6612,40.839095755446635
6613,41.668685337804845
6614,47.72072210069406
6643,10.859161087421544
6644,14.334206128738877
6645,10.779634876636552
6646,17.420085337182925
6647,21.367802923281044
6648,15.65022887742996
6649,14.604688408271434
6650,22.348791771165
6651,15.494945774687368
6652,33.82805171742229
6653,33.01499549346457
6654,36.504164229361706
6663,29.664719234404505
6664,40.02740484137059
6665,33.9862626090051
6666,42.77744721133417
6667,39.49402940527503
6668,48.12876269689842
6669,46.453070820716825
6670,45.922783467344324
6671,43.47475341129767
6672,47.50946888950616
6673,56.39548441762496
6674,36.902339344113145
6675,24.814790159398143
6676,31.370315355539645
6677,29.325330001356605
6678,38.09132457777981
6753,40.20621098349155
6754,50.470750239949474
6755,59.81978603281707
6756,60.34401323516253
6757,37.595639952829934
6758,41.46109604092251
6759,49.712560962786874
6760,51.34832058683392
6768,34.00943952407048
6769,47.17684101647413
6770,61.96808065122004
6771,53.079220733924004
6772,64.8285412735382
6773,51.08225839025273
6774,60.18573211207281
6775,51.02947093871932
6776,50.05498380770107
6777,59.69571218779486
6778,57.62681557528611
6779,59.15732688942741
6788,12.302960276260835
6789,14.957066206335883
6790,17.473306455519726
6791,15.102317684600273
6792,15.887573905848548
6793,17.0420617070066
6794,19.664155241054956
6795,18.1855657950896
6796,21.503330038475788
6797,37.444762551923716
6798,34.58216603703877
6799,45.31343771633942
6842,35.726412597574786
6843,46.82558853279727
6844,43.833420680823984
6845,55.15928278804944
6846,50.53769693673156
6895,30.84506056155854
6896,39.22897033197249
6897,33.7174954105307
6898,45.75660233113574
6899,40.26400162127975
6900,43.01298699506298
6901,47.17282753755945
6902,44.024492098743416
6903,47.26181240060884
6904,54.23205411555562
6905,57.82779557375883
6906,51.24200033350104
6907,54.86312075472716
6908,49.23737156925892
6909,58.95086263861282
6910,50.39021252705989
6956,30.187232957635878
6957,39.3024413329542
6958,40.28093955095335
6959,50.44640971898293
6960,49.12364274123727
6961,51.620533875167965
6962,38.285883647750275
6963,47.96923833196213
6972,24.78972421680636
6973,33.01646891116828
6974,27.674335501218657
6975,41.77130173657738
6976,47.63952097047258
6977,42.237786653390515
6978,37.16583596285956
6979,37.78110287137629
6980,38.99323228514744
6981,52.606646282254154
6982,52.11619758760826
6983,50.146720888632075
7052,34.62139572523302
7053,32.07850404285372
7054,40.723632691066335
7055,41.34529718752388
7084,3.6925473514275216
7085,5.600965406460944
7086,6.0543813260555766
7087,7.01058111078644
7088,12.97163435678252
7089,12.39350885676271
7090,15.459958280234678
7091,22.377459234535944
7092,19.128246995752892
7093,16.25845976692465
7094,21.54228439001683
7095,18.19848694386533
7096,28.44623735179592
7097,39.99240537233005
7098,44.42868857710095
7099,45.06018368031784
7100,60.239480373109046
7101,46.057803219985
7102,41.07721515198771
7103,40.12471041897197
7104,45.745237744354256
7121,12.143926541088023
7122,32.13397667883698
7123,29.881862740562163
7124,50.51182822260899
7134,51.36988916621296
7135,32.19119594100798
7136,46.738951466802526
7137,60.3390527688175
7199,21.712153043137445
7200,21.092274007348163
7201,42.340301894274376
7202,40.50386953285491
7203,38.13584285067477
7204,34.013117213685824
7205,41.30695099931338
7206,45.092958610538446
7207,39.65560240063465
7208,47.976444771336794
7209,46.87975629378076
7210,48.82069843665186
7279,24.653171773449003
7280,9.015290165653722
7281,30.992509656192162
7282,35.404252547987824
7287,26.020436741284566
7288,20.58961388266173
7289,22.325316370759754
7290,31.174959583667043
7291,34.75732610719739
7292,29.95346875866582
7293,42.93374533643683
7294,48.913476385018754
7295,36.30807399929049
7296,44.36026487053508
7297,48.719832631964564
7298,50.23870202638091
7371,7.612237939269611
7372,12.267946538558116
7373,10.205037022542003
7374,15.95960679166225
7375,18.10953037116981
7376,17.069761294165037
7377,20.519710392997677
7378,21.82533623705886
7379,31.76421376495525
7380,33.823028187248816
7381,39.51732591488867
7382,40.88637419335306
7510,41.221935924643056
7511,42.60781212891834
7512,49.36035717689812
7513,39.98175398001441
7514,50.10910152722846
7551,1.5911080367081483
7552,3.6853443866417828
7553,4.073845335684479
7554,6.197753567348299
7590,23.552514199785293
7591,27.639253771865405
7592,34.29069230663606
7593,34.14828516375353
7594,41.55767107012305
7595,17.38124597109067
7596,34.0181275805729
7597,38.84058780681136
7629,26.607929783377152
7630,25.003440244011436
7631,33.98316092047404
7632,28.808541377178944
7633,38.099050641945595
7634,45.84780400211432
7639,25.426103060410583
7640,32.94203475672384
7641,45.21982852606535
7642,45.53776729402418
7643,55.087205883402774
7644,51.69444639926539
7645,56.278273504324716
7646,59.63314182472251
7647,56.45855668782485
7648,13.801639755393547
7649,20.019693715647144
7650,5.945597025194657
7651,13.741810605398157
7652,16.67696655989469
7653,15.694140495063674
7654,14.586552833445646
7655,29.628170257302127
7656,33.222634456601405
7657,38.76490201723474
7658,40.1305348184111
7659,40.63372807974899
7690,12.465096987064355
7691,19.693966633769936
7692,14.010159267531389
7693,30.112656991739453
7694,28.93697489668945
7695,30.572374293995367
7696,26.69634879667481
7697,36.72989511630191
7698,28.359604476838808
7699,32.13060631664037
7700,43.95679304876793
7701,41.8881566902608
7734,3.5140064672363054
7735,13.990675952390081
7736,18.34812417159685
7737,35.2806257093773
7738,39.767582982899015
7739,34.497975907672554
7740,34.009529475997326
7749,4.549529725748912
7750,15.236200155738484
7751,6.117026022346647
7752,17.432617721268983
7753,15.339637153935179
7754,14.423392131202366
7783,19.155922956659957
7784,23.711099960731946
7785,37.62195938076429
7786,30.036184113699854
7787,34.60277110192936
7788,3.3986706568520497
7789,15.182875159078112
7790,15.154138532776788
7791,8.141674521960752
7810,33.16001049429724
7811,46.77608763385962
7812,36.029753856964106
7813,50.22083918899568
7814,51.329389127582
7815,49.713936485923824
7816,45.67331134617136
7817,59.52601154803089
7818,49.61264289745115
7842,30.246052017522107
7843,42.45313757859491
7844,35.48028509180241
7845,44.433149124160366
7878,36.04255597146667
7879,33.4013136245123
7880,38.39811049608843
7881,33.63441068103978
7882,41.512754695144686
7883,34.20866767128908
7884,30.828981987182246
7885,47.68528854623049
7886,44.71458914677296
7887,37.68567986164249
7888,44.869443988296204
7889,50.645096886144714
7895,28.27050351212658
7896,34.270531119678196
7897,28.758765663406603
7898,33.171066186048144
7899,38.36609960698081
7912,10.19679865071196
7913,18.79170318622797
7914,25.988419016372017
7915,22.89022585988882
7916,35.40526912323102
7917,37.46187907781344
7918,39.97833265413911
7919,41.425439544518916
7920,41.417738066304544
7921,47.75574016688629
7922,44.493031585933885
7923,44.080149595334355
7957,32.71930939339822
7958,38.65882555935854
7959,32.25522035352738
7960,39.586413993941584
7961,39.363369594929424
7962,49.67348247629956
7963,54.60584280490764
7964,41.69663068308331
7965,53.33035738923621
7966,53.563812671329465
7967,74.78444199144968
7968,42.53772706899425
7969,42.36432853664546
7970,53.854407405391974
7971,43.315113968237775
7972,43.84924785670927
7973,19.659391510413744
7974,35.537473952072695
7975,31.579698024418846
7976,37.820586729352435
7983,11.648641994239584
7984,4.627382207209551
7985,14.302365144539111
7986,11.75119673131272
8027,45.39305293448501
8028,50.91723225490298
8029,43.50673547338862
8030,47.22434243908383
8031,43.3175095867594
8032,38.47307781959603
8033,43.63024501896776
8034,49.62520942688587
8035,43.7710088174025
8036,45.86546434235752
8037,50.4397812324801
8038,57.12452551398529
8101,21.273239297037193
8102,42.529064348348044
8103,32.11979055145519
8104,32.52550103691235
8105,10.174967109440757
8106,11.6057999526258
8107,10.803240669526133
8108,13.435303906333967
8126,41.23513915205048
8127,44.60744271632231
8128,58.050942818850025
8129,50.027440174712
8139,43.069987217564346
8140,40.740538543348094
8141,45.19234990955839
8142,31.60816676673579
8143,54.66486208224281
8144,45.280644257752776
8145,47.09623758207553
8146,19.478990380680937
8147,13.407859064941205
8148,20.123810064905026
8149,15.318423586989926
8150,12.282081631350762
8151,15.593670118029705
8152,13.837981641369739
8153,17.66135002240526
8154,15.568369455071458
8162,45.148374823339445
8163,49.93543685174037
8164,34.11210752457462
8165,41.84258632750707
8166,45.49543554005754
8167,45.692540004824664
8168,40.771030685792546
8169,51.638600927387586
8170,53.22015727146339
8171,52.690326430124905
8172,50.91606449929467
8173,57.34547541026482
8203,16.370683047696765
8204,17.596264147563932
8205,22.252137922181227
8206,42.12147268806091
8207,38.37798640293905
8208,36.44703644987191
8209,39.14892976807359
8210,41.23108806971127
8211,54.28506186731115
8212,54.11804392993546
8213,61.49531792959378
8214,53.89188348534571
8215,3.3412336965974947
8216,5.741013001183202
8217,15.20213984828194
8218,17.4005106602945
8219,22.14549307631963
8220,20.222263638405586
8221,23.031255969400593
8222,19.99840046331298
8223,24.209791877976894
8224,35.25687114579072
8225,39.78184145675503
8226,26.614527907874997
8305,12.503402814526527
8306,19.846334108298
8307,18.606366523709003
8308,31.944140297171682
8309,30.121592508134786
8310,39.472755046892914
8343,19.36889107828954
8344,16.55816948036093
8345,13.423357364058846
8346,9.822952893771582
8468,27.952688366604143
8469,34.52200094272912
8470,30.304994693855395
8471,34.76400674788579
8472,20.506882011319885
8473,30.85848676274273
8474,47.996600130705346
8475,34.19530325943963
8476,29.313241656536142
8477,53.09789139036439
8478,50.693991474109495
8479,41.62180318212627
8480,55.1922353081764
8481,41.162425317316746
8482,47.59177259918031
8483,60.531438052573826
8536,22.845074318038186
8537,36.612733211515994
8538,46.36991238319463
8539,39.98403484941641
8540,12.591304171061223
8541,17.067801134117254
8542,14.886629510128403
8543,9.777589321921345
8544,13.473397196781615
8545,29.169528758971186
8546,29.985866560654117
8547,32.13659380339531
8548,31.92090349428081
8549,32.991927646502894
8550,42.76897441091909
8551,44.39842282796142
8564,22.452062426130684
8565,30.369841702697975
8566,27.94585228917901
8567,38.89514789049017
8568,51.56286460485593
8569,44.03271098917169
8570,56.85048680124407
8571,57.640047077676186
8572,57.50319546548872
8573,49.99682598130717
8574,55.17491632028838
8575,62.854903452793074
8604,15.815588683964986
8605,19.846334108298
8606,29.425792887447425
8607,29.771086566114946
8624,18.294347338102135
8625,18.793894738034712
8626,20.477340356307142
8627,15.962129467956506
8677,20.356495225801048
8678,36.80316394862839
8679,38.65764226014163
8680,35.388544557046174
8681,34.22677238724943
8682,36.12032184447341
8683,43.90784822348813
8684,41.462031886713355
8685,33.25445500635912
8686,32.94892964044752
8687,41.23021914622349
8688,37.1747117780677
8732,55.59991380523753
8733,58.7262849519602
8734,55.37884656290729
8735,66.80508325649537
8768,32.59368830139615
8769,35.82914956133163
8770,40.40288634003128
8771,35.774047868900865
8772,46.58886179774479
8773,50.90948202165525
8774,54.20300888553908
8775,30.955303502497483
8776,19.515279827367223
8777,23.449104150188834
8778,29.14778929122125
8840,29.00312610359961
8841,31.75434643149342
8842,35.93768195862526
8843,38.89218760745774
8844,34.32822572131784
8845,44.07182111876332
8846,50.67016751799172
8847,43.636352856833895
8848,47.08287298493066
8849,45.23843435524451
8850,58.90718051696237
8851,50.07515577931856
8852,29.47371891180998
8853,37.95078793982203
8854,48.104360654806
8855,63.185442746619536
8868,41.13095992843561
8869,43.5992028129353
8870,43.39951513070562
8871,44.35418476931449
8872,45.26016428493494
8873,43.9173800944245
8874,54.24401500136181
8875,62.11170359698089
8876,59.822379360941675
8877,49.814641646012944
8878,59.66785661924523
8879,51.438963931865224
8898,48.9308358589794
8899,17.256618321597024
8900,17.32634481964021
8901,46.94027432222919
8902,34.48898561221126
8903,33.2111687896074
8904,43.98009487193187
8905,42.175616004500874
8906,34.08095996608356
8907,51.43777384613892
8908,43.76756156300118
8965,33.460498820836236
8966,29.17521425210123
8967,34.98931598628213
8968,35.65448502627513
9070,27.1710225774054
9071,38.214410397764624
9072,30.964393016136427
9073,38.92930265251406
9074,29.753216193987576
9087,19.90900608355
9088,38.4619840083776
9089,43.1839653364252
9090,28.007747254258664
9091,14.712457530557081
9092,21.56681860079306
9093,20.2340091244209
9094,29.26309432768826
9095,31.03525566016349
9096,33.94741019392726
9097,32.67054849899647
9155,23.85911444693869
9156,14.392899712381857
9157,31.716970129231445
9158,32.275129722501354
9159,45.54535758699285
9160,39.46970292887939
9161,33.93919797713919
9162,39.7202402678358
9163,43.3919514572299
9164,53.317063936133785
9165,37.751836872541254
9166,52.03643587873228
9167,32.980702886703384
9168,33.51114526562551
9169,42.05199488734317
9170,32.841777165531624
9171,51.36065833094457
9172,48.6816711059309
9173,50.94533515743702
9195,16.292857765311307
9196,11.582194159736218
9197,18.802308712336657
9198,17.488359734339962
9282,27.850801988263054
9283,16.43182206285047
9284,39.08895015268877
9285,41.83212840424595
9286,42.20720834123555
9287,46.604040639633
9288,49.19431126154335
9313,15.938021023302817
9314,23.885111540644722
9315,23.887858673666237
9316,31.387174883813866
9359,33.64009493415147
9360,49.956394042572605
9361,49.922345902744674
9362,34.57159632786876
9363,23.588929559819803
9364,32.953391676741056
9365,42.08679783809133
9366,58.03997694324203
9367,62.229020439141685
9368,29.296356736135376
9369,30.23471767450828
9370,45.99246386074957
9371,32.57944405767267
9372,52.376260144321684
9373,41.50200157947541
9374,49.54635472579213
9375,49.958755613093054
9376,34.1963496241618
9377,54.516422051377795
9378,58.73241810813611
9379,48.82248283900939
9380,25.725415321428166
9381,34.54024180868827
9382,32.79735057302288
9383,38.935789674089015
9384,36.079105810475184
9385,35.265447771798144
9386,33.74087538796528
9387,33.415198880680386
9388,39.941530846728696
9389,37.04551206103209
9390,45.039216546591014
9391,49.47273545246997
9392,29.594300205720717
9393,15.180113722473388
9394,31.098466646001814
9395,31.870550471958552
9396,39.67052604151018
9397,33.13811771177522
9398,35.41344442251364
9399,46.1856089136256
9400,45.16815486505076
9401,41.0149775976207
9402,38.9468551324343
9403,37.72057518541137
9502,28.293286020960835
9503,16.5216077324054
9504,30.925207941062848
9505,31.389057671171678
9506,31.44083153554128
9507,33.78082107279702
9508,39.75624517479462
9509,30.175276578154904
9510,33.36899095925826
9511,32.51117053035092
9512,38.78825191277526
9513,36.584520489633626
9514,38.19473259674528
9515,34.57912715909948
9516,31.695796910465084
9517,47.40412810292905
9518,49.302623015731655
9519,36.05621642508949
9520,40.93295379046694
9521,37.567039480314605
9522,41.40197189579043
9543,54.202041232542015
9544,51.300719819322566
9545,51.89002383972809
9546,60.74142264553158
9547,49.42016849542932
9548,55.61668808111191
9549,68.42930750215143
9550,54.37920548846702
9551,56.812497057689775
9552,63.4967546195834
9553,69.08120644654149
9554,54.449272719496726
9724,29.066098991762086
9725,22.83511368326138
9726,34.035052136262564
9727,34.037627065820224
9728,30.174658878465152
9729,33.15398564779723
9730,36.108299518593334
9731,30.1884942625572
9732,42.309392751147804
9733,43.09705899839958
9734,44.56140846593222
9735,46.76346654577415
9778,25.81793357637321
9779,35.41403045815566
9780,41.06566282877811
9781,33.89058240669767
9826,34.12890337232726
9827,41.86611843594017
9828,31.97094088383381
9829,35.743084929059854
9830,43.707555316931675
9831,41.65742619096498
9832,34.78285406997867
9833,49.68681405172662
9834,44.539738736673
9835,44.89563445345377
9836,49.917604788214476
9837,43.34510749578061
9850,28.57885688824479
9851,31.60025774005208
9852,57.70373295518796
9853,49.087058953346
9854,42.528158431228476
9855,36.388286626273384
9856,57.23448427369212
9857,55.58987886165111
9858,53.6798567765553
9859,29.482941500019763
9860,31.65087875041043
9861,34.06484940019284
9862,40.42894723337678
9863,34.485342923980006
9945,28.723695293259357
9946,54.46234632295313
9947,36.145124661798285
9948,51.70428499604003
9949,32.74189169046076
9950,43.47906499226453
9951,63.84751349477774
9952,56.03030334643805
9953,44.42090811511896
9954,44.9262631087585
9955,56.65432423302173
10058,7.159298601981627
10059,26.92641162441866
10060,20.95479316829235
10061,19.054469272515707
10062,37.24243710163597
10063,33.940148123550145
10064,32.82685562789937
10065,37.84566427778863
10066,46.45455424565645
10067,42.725968416185545
10068,46.84675739987647
10069,51.268054478414285
10070,50.199685330520424
10071,39.10366319613241
10072,41.42050158486896
10073,43.5042983789164
10074,57.192747638763876
10145,19.678308740519093
10146,29.09721213749661
10147,36.40131115210357
10148,32.9761279192267
10149,39.92619365671225
10186,43.98576938954029
10187,28.70838186666177
10188,45.73488747445383
10189,45.900940734047786
10190,34.365247626407594
10191,48.872926603856364
10192,49.439923097243785
10193,50.8924108221185
10194,47.523376318677435
10206,29.89552862488098
10207,29.949887321543486
10208,34.70830994418638
10209,35.66683316502195
10210,34.024262321503834
10211,38.34377902334923
10212,36.382157871750266
10213,42.69310369557535
10214,52.09100304058926
10215,48.6605011145124
10239,30.59470789797805
10240,32.862388567841826
10241,39.22348880082388
10242,38.70627386490975
10271,16.582314897420932
10272,10.419122343036276
10273,18.25332764901042
10274,21.367802923281044
10275,14.604688408271434
10276,35.237610055857
10277,37.48362797309684
10278,32.0486909109801
10279,56.85584867452646
10280,47.74053478171541
10281,54.01922633114275
10282,51.36201638082532
10283,8.6883295193967
10284,15.175387609556864
10285,22.03126957021735
10286,32.04768849637765
10310,37.07941254115325
10311,34.32434657403384
10312,32.275651927619364
10313,30.85669637743904
10314,37.181994214667355
10315,48.57952512265692
10316,47.03808832702379
10317,41.275121192521226
10318,44.6287849209419
10319,52.644119210044416
10320,60.849733782503215
10321,50.13007686752806
10322,20.274438543270918
10323,32.46180153116983
10324,38.54653099165105
10325,36.40445265505033
10326,38.87776095853668
10327,31.68922582387694
10328,29.07796552906449
10329,46.04993706262638
10330,39.869414439277
10331,41.47575456973467
10332,38.13721682091448
10333,41.302473904017205
10334,54.69007511994409
10335,40.29850224124458
10413,25.02800751197823
10414,43.605080131143396
10415,35.19861864676833
10416,52.36399318707181
10477,27.93742314970603
10478,27.53147953474381
10479,32.46393093555011
10480,36.07492639367529
10481,47.29248025803107
10545,15.333369441138446
10546,29.916395765516814
10547,35.48321776404343
10548,32.592808927808214
10549,31.90022722604934
10550,40.13161598296272
10551,37.69418062976432
10552,56.2215713861666
10553,44.79452998616333
10554,34.15263228360672
10555,41.8690473134348
10556,54.90884133528255
10634,38.21385529914535
10635,32.19023057441496
10636,50.7467056569106
10637,45.475413704694944
10638,39.78307886766103
10639,48.461789000347224
10640,55.618075776878996
10641,53.99529070406712
10677,23.508221894170948
10678,17.87624119979012
10679,29.149288929336404
10680,31.438158265089285
10681,31.738872469667722
10682,44.28069207159515
10683,29.676428757446686
10684,45.54334207584713
10685,36.81002918051133
10686,51.186327383069276
10687,35.37973137059141
10688,46.762860997709666
10689,42.794957552913495
10690,45.50827106008041
10691,62.045010648445
10692,47.81130391137772
10699,18.51812888952587
10700,31.543516923072033
10701,45.5407140688577
10702,40.42452600047748
10703,37.22171908327374
10704,45.225022490123926
10705,41.789293689485916
10706,58.61922009133283
10707,49.91814317249232
10708,45.163308354993006
10709,54.5045075171043
10710,49.05248947486308
10772,25.877549384983652
10773,34.6099769783644
10774,40.91754746295838
10775,46.64138574850292
10776,42.178866444183264
10777,40.92547139823201
10778,39.083930806202986
10779,50.44127323020894
10780,51.42324690405102
10781,61.74033693655745
10782,47.980860885702796
10783,66.76246533353692
10793,10.556359756799372
10794,16.728639277170107
10795,23.772508355281875
10796,23.871061863360552
10797,34.91223454009157
10824,49.9160153252184
10825,37.44014054914664
10826,37.64730415325061
10827,39.10171308826088
10828,45.95129574056397
10829,50.28609310656064
10830,53.16346720106144
10883,9.405848133907037
10884,17.067851218730443
10885,16.742189577818486
10886,21.556454562904765
10934,29.302807316154745
10935,26.863850400370886
10936,21.248042327132605
10937,29.13255559568597
10938,36.33713182952437
10939,39.56688818584026
10940,40.783056285679976
10941,40.425154634676225
10942,42.1175231699573
10943,37.79469354675958
10944,34.41216969087329
10945,51.11450829764312
11128,18.19976107466395
11129,28.583416211344893
11130,36.40765177825783
11131,33.736361829976694
11132,44.44190070092548
11133,36.73888827377186
11134,46.295863682443795
11135,54.218747241134764
11136,48.508271262735406
11137,50.50756388175349
11138,44.177712703894166
11139,50.76464125549468
11189,28.133283871912116
11190,40.15628642781551
11191,33.7643792385979
11192,38.23382746311154
11193,40.163882391642055
11194,43.26067761482654
11195,44.599386241375655
11196,45.33986309047541
11197,44.30961956346691
11198,46.113892377126156
11199,42.0164927988117
11200,51.4167777814003
11236,10.41790620423682
11237,8.486280128282873
11238,18.723225180485148
11239,18.17424411715891
11240,18.115205755206517
11261,8.642591368228018
11262,7.1022228023600364
11263,13.645056452543319
11264,29.093820663185628
11361,48.341571287768815
11362,39.02637900276637
11363,50.28394566985439
11364,39.874231086565764
11412,4.312781078007829
11413,18.94085155876768
11414,17.405964656331683
11415,15.034975885412228
11416,24.117718453932607
11417,31.61213790003602
11418,29.946018934126656
11419,30.642207904578672
11420,41.137325537716166
11421,43.56792225803847
11422,55.88077246448914
11423,48.42400863605341
11424,10.326870621936688
11425,15.7965797109571
11426,15.509885107989698
11427,21.559540183016153
11428,29.671372207621985
11429,33.791982297525536
11430,42.85822587810384
11431,42.814376698487166
11432,45.35140558722581
11466,14.844228181385795
11467,17.757804695208197
11468,20.985825884908834
11469,18.918659575559445
11470,34.30861385420938
11471,30.884695611855133
11472,31.936343458408423
11473,45.09942750665942
11474,35.22202703944133
11475,42.35839954794009
11476,49.91631983117442
11494,26.589557194964122
11495,35.25702051133144
11496,38.07116338974458
11497,33.575867846250716
11539,28.37819403898482
11540,29.53206630438523
11541,38.380354153408504
11542,31.925579846470193
11543,36.232183079583585
11641,5.066868856390036
11642,8.88932680041749
11643,5.8805306077538155
11644,13.169680297730984
11645,14.498894735877162
11646,15.415139758609975
11647,14.307552096991946
11648,14.733002559937283
11649,16.38659912363402
11650,17.220313229827294
11651,24.72138016970039
11652,25.14364383159693
11757,39.47069918165286
11758,10.757302906753173
11759,41.6183640369086
11760,23.377907533087242
11761,37.40575030198383
11762,48.94040649992244
11763,50.520114365791905
11814,44.286342771834775
11815,35.80935945065675
11816,35.98813748836618
11817,44.686512329174775
11818,53.063715031374905
11819,39.521522655540004
11820,27.063739621547647
11821,33.00306905987938
11822,47.86193836100271
11823,49.04359963603941
11833,3.1576317177084374
11834,4.598659360677332
11835,5.4078044796334
11836,8.082640308116144
11837,11.532036161178048
11838,9.575658263989915
11839,17.62650033701741
11840,17.60737269529429
11841,18.200211319091842
11842,18.24866920403685
11843,22.108608864978535
11844,47.59798407971332
11995,3.7230155703125667
11996,5.688434664525565
11997,8.652771614471847
11998,9.389564599077342
12009,30.766713534915105
12010,23.200107620279482
12011,48.11433729968445
12012,41.94786939028296
12013,58.702752566749005
12014,49.41657626125826
12015,42.83096003405143
12016,39.314698369406685
12017,61.056191979557916
12018,39.431771253266085
12019,56.798698870957985
12020,53.55278908650207
12032,40.19960077043246
12033,45.530382126126895
12034,41.09304797790298
12035,47.0135317238508
12036,53.74254345687647
12047,25.48746028067192
12048,28.4666433704422
12049,29.185818567414458
12050,45.83276154816749
12051,45.01927202307847
12106,51.50672651441679
12107,50.61277381642178
12108,52.20472546017942
12109,53.970934356562964
12110,66.39327687011706
12111,56.48620537131505
12112,65.30622807355114
12113,66.90146934061242
12114,64.19972037218791
12115,67.26606831920735
12116,29.852547083075883
12117,38.60898356677163
12118,46.890471242815416
12119,39.136196034776695
12120,45.20336248401613
12121,49.8608547819393
12122,40.93833711681034
12123,42.626290465582564
12124,41.77202588330944
12125,50.87623051998038
12126,55.191662634158654
12127,50.11755642368654
12132,55.90753387439407
12133,46.914096086819995
12134,38.73046497991875
12135,57.274040846495936
12186,29.270841361568433
12187,28.0154128783561
12188,36.94706487773201
12189,31.003041044151775
12190,40.89584498949075
12191,44.00033667395651
12192,37.7455451270566
12193,37.854047585906315
12194,46.729902994408455
12195,40.78938939452397
12196,44.80301230735623
12197,46.93379748545104
12210,36.72418314400974
12211,19.819537418059653
12212,29.010107287503608
12213,35.573470020412415
12233,12.749256624192
12234,15.960858967761926
12235,17.20451059717417
12236,22.936598018077778
12237,35.35976941138885
12238,36.13941024041246
12239,34.05618894683996
12240,35.985856211828896
12241,39.87848748029083
12242,40.09111785976565
12243,40.493104275677126
12244,43.99280706303787
12245,41.33603870525665
12246,59.523916017518
12247,47.99275535859416
12248,41.29482574604686
12249,57.6093623900796
12250,56.00969522332396
12251,54.43306754097363
12252,59.41490624951516
12253,58.26315359306268
12254,52.016008441614154
12255,51.300834825518045
12256,66.303575557301
12269,44.9986650190746
12270,44.17000650453442
12271,55.31745249792254
12272,56.67694092360101
12273,42.175735040390855
12274,48.81963354948257
12275,61.65297809574949
12276,51.65117933447175
12277,64.98900741141082
12278,55.09972651440042
12279,69.88377476366416
12280,61.83239539625515
12307,15.851632384511092
12308,15.78901964473719
12309,15.65001326856351
12310,31.5114322153694
12311,31.50598448865
12312,36.92257901739393
12313,33.28722564558879
12314,47.384992227057026
12315,49.01200136951068
12316,47.443139123755344
12317,37.86936268556093
12318,44.196974001875645
12363,18.995394959110666
12364,16.258876949659523
12365,20.573116866156965
12366,28.910510099716685
12367,32.10689488460517
12391,32.99510882340904
12392,36.86794606668983
12393,40.6211240042625
12394,42.06868840701327
12395,44.94458913196157
12396,47.56522090484098
12397,41.954204166786916
12425,36.58802984742165
12426,43.710182218401926
12427,38.192222225515295
12428,51.13148952561024
12429,57.75568559847972
12430,57.212808342292064
12431,61.48495362173825
12432,55.57573758270871
12441,16.11606267151483
12442,30.35419747360983
12443,33.99597374425001
12444,29.921514007653663
12445,42.730686389862555
12446,30.630983330229412
12447,35.9681625605606
12448,39.26338575987681
12449,37.83065669593188
12450,43.61943432137552
12451,49.011706820177054
12452,62.848755338279986
12514,13.10336752879914
12515,15.32428790637026
12516,14.319718940890395
12517,17.34514846320436
12518,14.335922873137745
12519,45.807944841878815
12520,36.36468682602347
12521,34.169351564637005
12522,45.36398359916447
12523,48.75053222769543
12524,59.55634422620181
12525,49.557929131369626
12526,51.95003864865494
12527,52.7484091687277
12528,53.25609702260934
12667,28.32470420072681
12668,33.498137064740845
12669,45.380558344451345
12670,35.283070864616654
12671,53.697981537085454
12672,48.86235996340665
12673,45.77873914008193
12674,62.29857794746399
12675,53.84375700023282
12676,48.28903433523876
12677,60.83908663294501
12678,56.78028747067346
12711,33.5950816781892
12712,30.406920198048272
12713,37.71856280427431
12714,49.5543073570521
12715,51.07815931205694
12716,40.60482687886844
12717,31.531033149079366
12718,39.0178021887945
12719,36.25042808352592
12720,36.76737838278922
12721,37.87874199890136
12722,56.51955979537853
12723,47.64271319869619
12724,50.59012345962332
12725,56.2122471287081
12726,55.586035721692156
12727,48.20199501144486
12733,12.333676532000005
12734,15.430888280025327
12735,20.595554506864378
12736,17.333978268379173
12737,23.103180975223825
12738,19.718154697401026
12739,31.767868939246874
12740,46.08810614334651
12741,40.04943585537284
12754,29.997738933794924
12755,26.62106922618618
12756,32.88486130188699
12757,29.84105841460368
12777,3.3994423567088057
12778,12.851056370539379
12779,12.74021198367651
12780,9.230386342054365
12781,19.885009209586755
12782,13.756652819820193
12783,21.140573466529695
12784,15.071780800415391
12785,35.776569488437616
12786,37.92628415359869
12800,34.17664218169725
12801,35.50682352591548
12802,45.88789100957662
12803,51.60385670082171
12804,52.23661855601787
12805,36.799822540834526
12806,51.190311630597314
12807,51.41984794814693
12808,50.35097036286957
12809,53.52564703303475
12826,21.100416171052114
12827,11.126291010147085
12828,11.131100604603295
12829,20.259480447855946
12853,7.036318697952628
12854,15.139872360206429
12855,23.667800997671645
12856,22.262642666217367
12857,22.356018447228212
12858,50.73271994901511
12859,51.97516966753787
12860,48.72317950581385
12861,38.85805757271782
12862,63.51140961251079
12863,53.4740995196443
12864,51.42192473265513
12865,63.31304627635563
12866,61.850343756212055
12867,59.78185422400053
12868,65.56358711075401
12875,19.977597250532472
12876,21.361177488837658
12877,30.48170912429541
12878,38.17421491827177
12879,42.07672771458172
12880,43.05141793511342
12881,42.596491578238115
12882,49.99836480731605
12883,44.99302103031083
12884,59.88742249925905
12916,28.290979875808862
12917,35.03637387303321
12918,32.448876257119736
12919,39.63360887933548
12920,43.068686283657996
12933,16.453805178696413
12934,14.80574154922431
12935,15.486234877560916
12936,20.227302614240074
12937,30.473220579633946
12938,33.78910450892237
12939,33.42423049459826
12940,38.0554625173271
12941,41.2907725178354
12942,40.95997087346006
12943,38.26688508815793
13020,28.856361067499712
13021,30.614578539229765
13022,34.52486846002691
13023,43.1332929257986
13024,42.591582110875805
13025,58.91093686810063
13026,45.286136391639374
13027,47.09420986671119
13028,49.67863217818907
13029,53.90960854983339
13030,49.88854331135065
13031,45.9859758345167
13032,69.33097332541145
13033,58.30356521299138
13034,51.354557774111804
13039,7.646858160638514
13040,20.633620100911777
13041,26.8083107104393
13042,23.256868354007757
13043,20.637504078032272
13044,19.992744439198567
13065,12.221247137646985
13066,18.751961806786472
13067,22.280775236509452
13068,15.512106983626058
13069,22.22173687455706
13070,21.27813891442215
13071,34.96486537184208
13072,37.59027107821709
13073,36.20433248053979
13074,46.05338320448347
13075,39.68502501184321
13076,51.84294054386504
13077,13.424606343868545
13078,12.877245890949448
13079,15.514676927121421
13080,24.706905664219263
13081,33.24256242913731
13134,7.84755650132666
13135,15.103718754116708
13136,22.817987375254788
13137,30.141674474689307
13162,21.494818167572372
13163,25.964592540973488
13164,18.10037113029433
13165,21.776450252908504
13166,31.607232138929845
13167,52.178149259321536
13168,32.36929245622251
13169,39.78351574690349
13170,40.93543762113439
13171,57.00392090722202
13172,57.84877693366534
13173,48.73432643295088
13195,40.31130489960115
13196,32.91197575389419
13197,33.76441061469325
13198,33.37949837657132
13199,35.505825356297834
13200,42.412412212640035
13201,43.40123236774337
13202,45.75168566615394
13203,42.88752341850207
13204,41.59224555070117
13205,46.47541645924462
13206,51.11466015787448
13219,19.81588661355053
13220,11.107734459692503
13221,19.622853006559303
13222,32.354330065135535
13223,35.2014020941889
13224,36.97565098534103
13225,61.57171154668982
13226,46.19962668875596
13227,44.084538608750925
13252,30.04819773320453
13253,11.15983723090462
13254,8.432603045009628
13255,22.03126957021735
13256,41.371127521765146
13257,33.54289604937092
13258,48.379252070668635
13259,49.2382200032596
13260,44.73757922051006
13261,51.08603691293294
13262,55.98603343170603
13263,61.9802937550525
13294,38.42162608819127
13295,34.64748003197996
13296,46.02002796628895
13297,42.9283317754726
13298,51.82569376884628
13299,53.582133473647204
13300,40.98526363367838
13301,41.35689132231825
13302,51.69389196793169
13303,61.36554190615806
13304,56.7822061331847
13305,60.71518824509111
13332,46.183639354335334
13333,41.00290931613533
13334,43.93121351154867
13335,53.5748361272094
13336,35.6795638298198
13337,44.11183493904103
13338,47.44930095596131
13339,46.475606683693876
13340,51.07749363561005
13341,54.78576475585268
13342,61.24700261201358
13343,50.7285685469484
13344,3.5015059505474126
13345,5.4101706869776605
13346,8.722492275568102
13347,14.747254825126651
13348,19.64494307247493
13349,21.594540329418358
13507,7.882084043173769
13508,14.828094222640091
13509,27.71507420301117
13510,33.32141311978409
13564,54.701070359345415
13565,38.70983532207794
13566,39.324164955413565
13567,48.077261232831276
13568,36.18150501554419
13569,46.53048103712956
13570,46.07398524157181
13571,57.386256361686605
13572,65.22059471205738
13573,51.44767572689881
13574,53.532407611833705
13575,61.08599359997282
13674,14.806052004623037
13675,9.392859721630765
13676,17.532136327977828
13677,16.421981825475047
13720,18.426426117151514
13721,10.444399783073047
13722,21.95991950854295
13723,14.230532628458988
13724,7.539529257197538
13725,23.1245489224778
13726,21.380536392342936
13727,44.3496848234287
13728,48.575012929113186
13729,26.63167441051878
13730,30.991602741566837
13731,38.20897146652233
13732,46.56866333223784
13750,26.671378780827343
13751,38.363889951118175
13752,33.07485948493068
13753,36.58811688023465
13754,53.04502959435426
13755,42.57999161255134
13756,38.371384200036445
13757,40.894672467211414
13758,53.335769037935904
13759,53.410762716414894
13760,49.69357186677314
13761,50.322131109869474
13867,20.936331794464184
13868,31.067755840986337
13869,33.92233819333571
13870,35.595892728557686
13871,41.14296421952341
13872,47.11823779996046
13873,53.012525072083264
13874,38.54238954602849
13875,55.35537222395089
13876,39.92473202495898
13877,58.771100311867514
13878,58.24360969602043
13896,35.58652546545005
13897,34.105011687792675
13898,47.03651774943909
13899,42.970587855393504
13918,19.753441291961288
13919,31.424534858196544
13920,47.17380937800904
13921,47.668303881139906
13922,47.942599146061895
13923,38.951757890507146
13924,39.99374913353652
13925,44.13216897457481
13926,45.129302877131515
13927,56.477372859289105
13928,60.905678014363104
13929,63.63308156695675
13946,12.06422208643158
13947,28.953132865852762
13948,16.333335974983292
13949,19.994059513586087
13950,21.965746836445142
13951,33.592323188681085
13952,36.860261533432826
14097,20.46749085837204
14098,16.11777056522898
14099,30.225915469839407
14100,30.245293301941253
14219,26.48925255520878
14220,23.0610248926957
14221,35.03288340785036
14222,34.87707284634304
14325,39.94893468818875
14326,49.167078729717524
14327,42.1495586612652
14328,49.68432890568843
14329,54.25154072094493
14330,47.70001214773292
14331,54.86702451263463
14332,52.8531885498421
14333,42.579227417248575
14384,12.24729717548368
14385,16.265517124824818
14386,16.93038660916329
14387,15.94689043998058
14388,21.89337290339961
14389,33.79217594953459
14390,37.3766217239902
14391,36.14948768296619
14392,36.778935160109114
14393,37.076939599933574
14394,54.411829838124646
14395,34.70012623052136
14396,25.912842420538276
14397,44.28951103939586
14398,54.401463390817305
14399,55.73133829657026
14400,8.631254436471442
14401,11.957252159313152
14402,15.547993710840029
14403,15.547993710840029
14404,19.295430311579064
14405,19.367684406145393
14406,14.743604652465175
14407,32.554960193201836
14408,48.82560437500426
14409,41.20864611602939
14410,43.3737737887096
14468,18.43624820713647
14469,33.39493176410121
14470,33.28203387185381
14471,36.72376017857588
14472,41.77525201934344
14473,33.85665895035928
14474,34.09324400005701
14475,54.14505867939576
14476,45.761193111299306
14477,54.14096784170692
14478,45.145498303300734
14479,39.36470403242761
14498,3.268844469010346
14499,4.871176650702649
14500,5.5228911752577465
14501,6.8439030654268045
14502,12.453949205315675
14503,10.005963525684889
14504,13.275240532433733
14505,14.315848012239245
14506,19.528227616285044
14507,15.599424369215294
14508,20.1219715044867
14509,17.66474642175029
14510,14.34171164167479
14511,16.246830769660722
14512,20.79367865244422
14513,15.445591081580362
14514,11.031957643168303
14515,21.863258164290485
14516,29.353496708440556
14517,41.095230394485476
14518,33.304526052063224
14519,32.57773985501416
14520,35.31161275489437
14521,36.26386148130689
14535,11.878820413929997
14536,11.552624485197391
14537,17.44369113007251
14538,22.383464561250545
14539,35.983604905279854
14540,30.57622424847345
14541,33.87527882230321
14542,47.60054113605964
14543,49.17192103434473
14544,34.96953310828412
14545,34.76022024895612
14546,45.1395267179128
14547,3.5452295444022126
14548,40.474014781387105
14549,31.542153247453786
14550,36.96759047733129
14551,36.69708676597484
14552,40.01549390981565
14553,42.63852550728716
14554,51.74666313794929
14555,48.37000473245621
14556,62.56909101223524
14557,51.77562477798352
14558,62.780960243548144
14563,51.40143597672563
14564,57.06981634109616
14565,39.42297172761291
14566,53.95682840437978
14567,60.128977467412476
14568,61.94597989105982
14591,3.6652532656046746
14592,21.046108575101563
14593,35.44020711331948
14594,47.78856725664397
14602,36.50967522226196
14603,46.60740876024096
14604,48.00263530530852
14605,34.04865568597032
14639,15.857202962274224
14640,15.909914570651429
14641,8.918517589482791
14642,31.380315229553243
14663,3.5399902231217797
14664,22.219627133746208
14665,28.713259422834394
14666,13.790084987033708
14667,29.97314263434957
14668,33.25049643590826
14669,43.220067786767835
14670,40.55724460793098
14671,42.723856637089824
14672,48.65686786510706
14673,45.73206965677143
14674,55.837870051303376
14675,60.669691554228955
14676,34.35494074272283
14677,43.29020417950725
14678,55.23777275044766
14679,47.86798973147333
14680,43.38583970207108
14681,51.3253785497375
14682,48.08984853642786
14694,44.11573604659278
14695,39.24239983679976
14696,40.523961465706975
14697,47.65538378032667
14794,26.98671475314499
14795,28.532455790791648
14796,41.89944910403485
14797,31.704602498034422
14831,3.6528599524501844
14832,5.673798687841428
14833,13.78575395731641
14834,12.051369635894222
14835,12.934869118957911
14836,18.970757672957504
14837,21.91475481462766
14838,38.040171727565465
14839,36.011107475692484
14861,46.41675988892241
14862,35.13832521064218
14863,34.26329877326829
14864,37.4563651871053
14865,48.823898468336814
14866,35.911394951829536
14867,33.29951322363137
14868,39.32404651748248
14869,49.36426902196765
14870,42.061720649827926
14871,48.15235145862885
14872,56.39061189123029
14873,33.63981616161343
14874,46.13133602014919
14875,44.13835186377728
14876,44.81841370214711
14877,12.06422208643158
14878,14.173343194285637
14879,18.166783020351538
14880,16.808914022151686
14881,14.434264887419463
14882,21.39120806358419
14977,3.529245495212234
14978,11.371117169584256
14979,8.701569164270857
14980,9.15458587068905
14981,18.57453891180079
14982,13.742579859457674
14983,13.596986564048496
14984,18.45780416694285
14985,21.224667905758913
14986,21.806027619371626
14987,35.976043511256584
14988,36.6392153592947
15001,37.492616443409325
15002,35.32447980881615
15003,49.06769017821879
15004,48.39187341522957
15005,48.54551822854
15006,48.27985666031687
15007,46.34965143475187
15008,56.66093169629522
15009,39.22844696123631
15010,58.55314158248116
15011,38.84233837566811
15012,18.531812242734663
15013,42.17382301142986
15014,33.96503758189613
15015,37.4222553506631
15016,52.054369867253776
15017,62.57569005259251
15018,42.91911324725698
15019,54.09596665514291
15020,57.23081745519781
15021,58.598217083151354
15022,53.53269203596732
15039,26.03091076247917
15040,31.949460272129883
15041,33.24703111960516
15042,31.8802092181492
15043,37.751409373123025
15044,38.95384943486365
15045,44.09861477441886
15120,53.80785363906003
15121,50.58040168517941
15122,56.04748811255641
15123,42.788118170673975
15136,25.576550831029255
15137,43.47534161714639
15138,34.15674616506878
15139,29.667786447421797
15140,38.69344936354565
15141,41.973585098230835
15186,12.300565200961444
15187,12.968220104294465
15188,8.890481538294615
15189,22.859185019959746
15190,20.50894582816759
15191,17.085000322140964
15192,32.7981603486947
15193,32.66686842869169
15194,40.83843868616718
15216,34.46561033593451
15217,36.19099991252304
15218,47.39211230552281
15219,52.865633935139016
15220,29.624698978831006
15221,38.74116177344067
15222,52.33879434221466
15223,34.663947200598294
15224,35.76191622065893
15225,45.15870424195336
15226,41.130633838253225
15227,33.8425309073585
15228,40.098168794305636
15229,29.17059681052378
15230,45.92411603325735
15231,34.41877617894399
15232,13.012419966922733
15233,30.50042675723122
15234,46.28890026486213
15235,34.733997542963195
15236,37.25230830682678
15237,27.517181631181664
15238,37.689576210188804
15239,51.0663579807294
15240,56.24336969942713
15241,57.719259880540704
15242,48.581183388734864
15243,52.22306717426496
15260,25.77074252169866
15261,29.115367214393753
15262,38.21833033482098
15263,31.97160898752067
15264,47.65291696515504
15265,50.30519247774494
15266,41.542521472550135
15267,50.44812938653081
15268,42.204116837538216
15269,43.95775601992914
15270,56.81871118911327
15271,48.50345818642276
15281,10.336116531820556
15282,26.266247244309458
15283,20.49128060656564
15284,30.47954798893839
15285,31.983310627060156
15286,30.094852985416328
15287,35.08040048724758
15288,43.784731527988356
15289,31.86367501453386
15290,33.2818177120471
15291,44.931631553573915
15292,46.03476778190831
15574,30.06440560546292
15575,45.11092623181576
15576,22.276163065081263
15577,34.32726314898216
15578,39.89381624617042
15579,34.10614138008157
15580,43.43626399007611
15581,41.692744342008865
15582,48.23099033866898
15583,47.81803689930568
15584,50.06317731778426
15585,52.863922920808946
15606,16.56599562681168
15607,32.68381431829418
15608,34.679372499138395
15609,42.4176126776927
15654,15.273715989523023
15655,14.151378924918289
15656,17.79700421647124
15657,14.30321318352302
15711,47.07687775963219
15712,39.88475330550414
15713,36.963930743101415
15714,41.944227234111466
15715,50.93800580266259
15716,45.86288749555864
15717,38.18831216352741
15718,45.158255911308046
15719,44.66084525829158
15720,50.985701021340944
15721,10.422760108723837
15722,19.10993874300563
15723,18.98661379769789
15724,22.386936130657446
15725,41.996929048903795
15726,63.6198220594209
15727,58.061514177129034
15728,58.182832743358524
15729,61.099236136230715
15730,62.307702954190454
15731,62.10372978213053
15732,62.06462651675005
15733,62.75217903756281
15734,72.00760972638031
15735,67.90234312953565
15736,67.233984203001
15737,66.36761548734015
15762,30.007310417083964
15763,45.16186440084018
15764,43.748014732110775
15765,38.683764542036656
15766,46.77206416093508
15767,55.74074725388833
15768,38.94286382625867
15769,41.33959836330432
15791,33.76100235889294
15792,46.07789275580137
15793,35.46463238014446
15794,36.52684980990467
15795,51.7634864613195
15796,43.672930924273466
15797,57.823877577440676
15798,48.8936667150069
15799,63.07728416722881
15800,53.79129790365037
15801,59.887613026946894
15802,62.05996497396282
15815,21.55166758785357
15816,21.20902856900404
15817,13.260809817274005
15818,31.402410053775277
15819,37.048561248432094
15820,37.753863700009695
15821,34.083319352424354
15822,37.72044778083352
15823,46.00398028893069
15824,35.82324563241804
15825,46.718615135619004
15826,46.5274679399473
15882,3.6976209407511633
15883,10.051727830621005
15884,16.478270990331744
15885,17.623236717360562
15943,48.40810264665423
15944,37.984642284731294
15945,40.76736191943753
15946,36.81090062573816
15947,52.57120123705221
15948,3.6553831635114924
15949,5.457730798981921
15950,8.628429856559451
15951,13.094379168061439
15952,15.481355309401824
15953,15.283785465819076
15954,17.31772767120048
15955,17.499343714509635
15956,16.957666480517663
15957,16.172410259269398
15958,19.734468836854095
15959,22.916813765731714
15960,36.86186418633119
15961,32.090064378938465
15962,31.334470501341272
15963,38.647351847260204
15964,43.55655316155416
15965,39.39935837503334
15966,46.246983307454144
15967,44.17722021040002
15968,43.12817446028972
15969,58.50694175656114
15970,57.087582262950946
15971,3.486266922571484
15972,5.217713482623578
15973,8.046928305813415
15974,12.209739272928019
15975,15.161634218732301
15976,12.841598963603689
15977,18.567914050583447
15978,21.205970222381634
15979,22.491725600965868
15980,20.574673410986982
15981,33.256725431491134
15982,37.34358083099082
16004,38.59422604999921
16005,31.411732116103884
16006,33.80010257802493
16007,47.09535749761047
16008,46.284401066160086
16009,34.87635393736042
16010,36.52410590515801
16011,47.97576452976683
16012,47.33414717234196
16013,49.701461515471294
16018,12.317943511737596
16019,18.082650346510867
16020,19.607613978583377
16021,35.96918369366041
16061,53.30475097692208
16062,60.083960915722514
16063,64.10315672316415
16064,60.96286456436382
16065,67.40695464388538
16066,66.69475451138966
16067,64.62195324991458
16068,67.77165823256655
16069,61.382325172393365
16070,61.75632685078387
16071,67.98210646896067
16072,72.38240069308108
16073,14.859467209361723
16074,10.444399783073047
16075,13.027886138175504
16076,10.60353894758118
16133,13.248831111107723
16134,11.920905712198703
16135,5.970929743555271
16136,10.938074937947476
16137,18.901575133515824
16150,38.43180548158521
16151,41.65814395060344
16152,47.11615444243228
16153,42.60316838748623
16154,46.17340494602007
16155,42.94834636669958
16156,57.25214590844135
16157,45.40397701132284
16158,60.69098693383808
16159,53.42134131073726
16222,29.60438541681541
16223,39.66180153219023
16224,32.14269402616373
16225,39.2249190121737
16234,33.924529561158145
16235,39.04403540883396
16236,32.721086323945194
16237,41.70703513802693
16238,53.70847896254697
16239,46.85514386924605
16240,52.846578860286755
16246,23.552514199785293
16247,33.56971756733778
16248,31.29004421711717
16249,37.54788371193354
16250,41.02628396007811
16271,46.69517381095398
16272,41.91274922094763
16273,56.54442648122381
16274,52.412781455995166
16275,46.79366333587341
16276,53.39138097022498
16277,56.33623369336377
16278,60.063834817194184
16279,60.84260852729899
16280,56.40994788230591
16281,64.31861928968253
16282,71.00442796487651
16354,40.26544278457742
16355,39.81352106967487
16356,41.81625000445592
16357,43.11151294938402
16358,54.07703743215056
16359,49.71182486819409
16360,21.098021095752724
16361,20.552169081043104
16362,21.471215617070136
16363,21.813783446277313
16364,32.31852232662507
16365,35.93213581981511
16366,32.084200366099324
16383,17.236074818302985
16384,26.75988838618228
16385,33.042036112727146
16386,31.3155616860759
16387,33.37339670170785
16388,38.93484992785864
16389,42.754783245695734
16390,32.21061072146654
16391,29.457155952522964
16392,38.45843580827269
16393,36.05796079150634
16394,55.12014247350392
16395,54.74579114860245
16396,36.26330392671684
16397,56.02169815812813
16398,56.35212411226884
16399,48.52230304127349
16484,19.615907504164277
16485,20.092035703514203
16486,21.605217371594552
16487,15.529285456870284
16488,17.840733982311743
16489,31.417298796299328
16490,32.647015385173944
16503,3.4796906208758833
16504,5.463851841242096
16505,7.091460655534503
16506,8.701122251685279
16521,20.92137782747694
16522,15.727013997906068
16523,21.666991482364296
16524,14.901450950681358
16525,14.901450950681358
16526,16.79686167443242
16527,35.74559026806346
16528,40.98324774128661
16529,39.79521636437216
16530,36.11085288367505
16531,40.01895326157274
16532,50.196686424210625
16538,25.02390784806347
16539,20.94304599235386
16540,33.350451454089715
16541,42.50524197691229
16542,36.55974643330798
16543,45.881231771704485
16584,3.7679425903457653
16585,5.090773306636967
16586,6.084182930621092
16587,7.199842347706526
16588,9.275481741158702
16589,15.460553537438605
16590,14.610824416751488
16591,18.90082319388253
16592,22.506831134851844
16630,32.830498353979706
16631,22.815179276983145
16632,26.84711745343348
16633,25.385543819251637
16634,40.63894047767303
16635,37.51301336594141
16636,38.778446561870375
16637,41.486220326541265
16638,52.44031634224712
16639,52.03266852699798
16640,41.855510666563106
16641,47.58388353915979
16676,37.68341032927779
16677,28.43741371169321
16678,43.53963335924871
16679,43.793955599621746
16680,53.60080772299718
16681,51.14866648440203
16682,53.87914431091852
16683,48.55727902745379
16684,48.001555780102045
16685,51.640708600483414
16686,66.60955261397203
16687,75.89670602586565
16712,48.8836492839494
16713,44.597411910317426
16714,46.00525372382409
16715,56.108696230043186
16716,43.459433394288055
16717,44.27897109768549
16718,56.05316691070165
16719,49.96820672260583
16720,56.062561721887604
16721,56.81721849782507
16722,66.01173665817359
16723,58.150226599595946
16743,48.93958204370728
16744,43.37754616480214
16745,47.156405239954935
16746,37.51220298830623
16839,15.87995840671988
16840,16.413802227712246
16841,17.417378693293056
16842,14.30276285854768
16843,17.417378693293056
16844,37.27472734905944
16845,35.52811150555186
16846,40.905722733085696
16847,40.193986127783525
16848,43.18581840322501
16849,52.58232559209013
16850,49.748380648922684
16855,41.06272712935264
16856,29.982026079158608
16857,39.15644996244478
16858,38.33375005135698
16859,47.32869980936995
16860,36.1034636775705
16861,49.54051431934869
16862,54.242237169273345
16863,54.44224344212892
16864,50.47928549748473
16865,52.37042012816427
16880,40.854871470413464
16881,35.90096794953068
16882,49.95703343147112
16883,46.096320125701126
16884,39.996327389357084
16885,38.37976109572731
17000,17.785791320630718
17001,33.087451966178165
17002,29.21770280412556
17003,30.205799298244735
17004,26.947739420409288
17005,34.182586663550886
17006,47.36748542888675
17007,50.079129747257795
17008,37.926845443749386
17009,52.158958809089654
17010,61.11834643587662
17011,47.01842158301597
17072,36.45159537965613
17073,48.62516371604684
17074,52.99478840038789
17075,49.76305684726482
17076,41.10006829128845
17077,41.82765360474112
17078,41.79721429841253
17079,40.60125944506327
17162,11.528247770952603
17163,27.340202787514087
17164,19.010088519742368
17165,19.010088519742368
17166,32.075311965766375
17167,49.61088021496443
17168,38.66817073181586
17169,44.87677851258845
17236,15.063105659407967
17237,8.67505950727967
17238,11.716100868914786
17239,20.98379938462756
17240,12.811618679895828
17241,19.102599893498876
17242,22.330823703736254
17243,35.45287960520147
17244,26.409488037952016
17245,22.36688632370858
17246,32.774352305642225
17247,35.646313561171354
17248,32.719051181719784
17249,38.59568930989454
17250,38.04525890846368
17251,38.2883492938613
17252,48.31566191159335
17253,44.54976902390078
17258,38.86624604549233
17259,41.631300087202625
17260,47.66070191983406
17261,51.56833490069875
17262,55.00882988097374
17300,25.880486286429942
17301,16.95059615149865
17302,35.52821569736344
17303,19.541549986667494
17304,32.73614544757865
17305,36.84722405712774
17306,34.66325867276231
17307,36.97040521269932
17308,42.73906312626001
17309,51.37303574829343
17310,54.22934641262082
17311,40.75153817368377
17324,17.814815752164826
17325,29.84155657494295
17326,31.899115425897364
17327,37.34678903731571
17328,38.78165173239051
17329,34.70613900540345
17330,36.592360642808714
17331,40.2343395055262
17332,49.46714113243217
17333,45.7582061477943
17334,42.22903184318613
17355,9.951574923189455
17356,12.19107805070109
17357,19.507113094373047
17358,14.504112236691064
17359,19.919901789552977
17360,28.795930523375098
17361,41.55702095690476
17362,40.56272916115021
17363,33.412343908835155
17364,36.05848535035668
17365,38.705100193884505
17366,39.59511712205097
17371,7.273092617399186
17372,20.506076982608466
17373,17.07228397045929
17374,21.72318606236471
17541,19.24757766290811
17542,14.156205438744905
17543,33.56445491457969
17544,37.74810669223596
17545,38.98243123184132
17546,38.5538993587082
17547,48.53271985794062
17548,31.736387960252365
17549,35.02838083531107
17550,46.21129534263343
17551,39.55932935862878
17552,37.16538182734299
17557,14.254556440504299
17558,29.231504439861244
17559,29.911637692432606
17560,35.936448271808906
17561,44.15453168862384
17562,37.75563529754973
17563,49.223427110960124
17564,47.88846181196649
17565,40.973751205411546
17566,42.4265053021921
17567,42.81076318601867
17568,43.001552687551566
17653,4.726492415240193
17654,11.854337178880986
17655,16.92876400448203
17656,19.146818797962453
17657,17.167743884793932
17658,19.740402986809574
17659,34.34415478830799
17660,31.966324921988605
17661,34.88250807093213
17662,33.91372709760936
17663,37.447370139235105
17664,51.241400214415286
17681,33.31928224817838
17682,35.933230391423315
17683,37.590833182041216
17684,34.57428146325396
17685,37.06090825396716
17722,10.965075336709408
17723,21.036143331088052
17724,18.79002603494683
17725,15.512391936042041
17726,30.965430564067304
17727,37.994584442182365
17728,41.79413307944721
17729,55.33411043915656
17730,36.671305802425344
17731,40.87279364285885
17732,34.79876406231387
17733,37.29639572856451
17765,3.3994423567088057
17766,14.044894737582046
17767,8.984992456248014
17768,16.191635867398084
17769,22.51563195061217
17770,19.36390655255765
17771,29.525783535668793
17772,37.42790265950993
17773,31.777870527280054
17774,47.70665008363597
17775,35.70209679746013
17776,43.84602594132419
17797,28.332316726689587
17798,37.4060119687156
17799,27.56720745849326
17800,37.21183772437289
17847,29.269880778529632
17848,21.068486441692553
17849,33.228960940149975
17850,35.680114347676515
17851,33.43942664982003
17852,40.232552384570035
17853,41.04895956325148
17854,60.100639630329766
17855,53.315310060554424
17882,29.15483962547138
17883,23.70787222237847
17884,31.210953787747965
17885,34.15129957254075
17886,44.14579094927701
17936,10.220024971662589
17937,16.31878471773388
17938,23.670989579171167
17939,18.94007015163987
17940,23.67477615703396
17951,34.10781542365345
17952,44.51181398014302
17953,40.92905731689965
17954,49.32285039376569
17955,44.818175663095474
17956,55.17821524100689
17957,51.78764112564768
17958,57.17442417194981
17959,49.50607935608192
17960,49.213040068781176
17961,60.515529804961055
17987,31.182604550465147
17988,34.34658207953861
17989,35.79586879222001
17990,38.690226755482236
17991,48.311533026528394
17997,31.913972896179935
17998,36.40995421605793
17999,38.9156737809542
18000,49.009853097902166
18001,37.50835186424279
18002,43.23943485026049
18003,42.94600049858081
18004,64.30608340368289
18005,53.63734940788729
18006,44.95537032386117
18007,60.111494147821965
18008,64.64508787700689
18096,21.037360512905035
18097,21.044136648977712
18098,32.201201287214985
18099,34.12298909992091
18100,33.57789558142966
18101,37.052660497874825
18102,7.310853542582366
18103,8.58318891714803
18104,13.135683473701079
18105,8.795503549084572
18106,13.503112272928481
18107,12.955587680812116
18108,17.448116747047152
18109,17.403184685594994
18110,20.887286103982877
18111,16.87704501235695
18112,38.67990136130078
18113,35.94326519744395
18124,13.820169171257065
18125,21.46695459848012
18126,15.056988231166077
18127,28.27905873312763
18128,30.066657117731342
18129,39.405388238173316
18130,34.65111230035958
18131,36.772224199576506
18132,50.974876324933
18133,56.468818643207335
18134,56.133102381210314
18135,50.87295275611715
18184,4.297797842531066
18185,13.42706112043317
18186,8.888605920985176
18187,6.663161055933409
18188,14.998515571705509
18189,10.959117464713318
18190,17.170707439952952
18191,30.959710717350493
18192,43.15036120951982
18193,36.618819744932814
18194,32.83998604992681
18195,49.39522569433893
18221,32.77379045781299
18222,33.59885896801123
18223,28.932629936166503
18224,45.71934161671402
18321,14.365957584906873
18322,14.453985390695294
18323,32.95935212757
18324,21.853586701387524
18325,37.01595417321148
18326,32.53582631338985
18327,33.24857517616338
18328,36.31042195912233
18329,43.057179282370164
18330,33.08877418585202
18331,42.22702302605713
18332,36.28048093570038
18391,34.336907367580274
18392,33.949708834978956
18393,30.332505021151523
18394,27.930555670401393
18395,34.97243580687409
18396,40.347435959184544
18397,26.64896371879968
18398,31.359438821615708
18399,30.18201436414172
18400,32.67853961900855
18401,35.217164400256024
18402,49.55245469293102
18403,36.53219562129181
18404,48.92920908200765
18405,58.93415970681527
18406,42.214288152530514
18407,52.19459317482013
18408,58.80851486171469
18479,3.5015059505474126
18480,5.118941636394549
18481,12.437222718343268
18482,10.53119123029734
18483,13.497996853142219
18484,12.146736871122421
18485,13.669801004239485
18486,20.524505851219235
18487,20.100240144905168
18488,21.599051042185042
18489,24.075560445223125
18490,26.27018700335601
18566,15.063105659407967
18567,20.461217322373503
18568,23.804357167269472
18569,29.86888929782218
18570,38.838102966988544
18571,34.42687238192508
18572,36.151401880004485
18573,34.854973160615586
18574,40.987461840130656
18575,35.142847912937704
18576,47.04780703623513
18577,38.95956190231488
18578,51.16099768302257
18579,52.2825297133671
18580,53.27335545303921
18581,54.32277408149925
18653,31.484962689985323
18654,37.705580105079115
18655,31.217330111174554
18656,47.24459543094484
18657,49.30766529159408
18658,59.936071976152135
18659,54.56064633408414
18660,58.37119224503589
18661,55.42818822840672
18662,56.507028392606784
18663,62.706456495093235
18664,61.85822210263082
18665,28.059998833505098
18666,34.36469687820103
18667,31.823115981865964
18668,35.352454106748574
18669,11.783772257488417
18670,12.869402269972397
18671,20.597514809195662
18672,14.33751654373705
18673,19.160888385644512
18674,18.994045972071767
18757,21.52493474366497
18758,29.31007558602139
18759,51.628589311261386
18760,34.6831034162161
18761,28.217005257964114
18780,18.7335491005379
18781,20.16281549425205
18782,31.058792270047032
18783,33.779977187453014
18816,9.777854897226549
18817,29.85508680687815
18818,17.664226260538907
18819,34.08408397763666
18841,41.75669095987185
18842,40.43661927714043
18843,42.662577615204505
18844,33.972125757190405
18845,52.201980865088224
18846,46.87161786965663
18873,27.10344658501182
18874,46.80404190387649
18875,40.42321204429657
18876,48.01887875456497
18947,31.946576940713875
18948,26.995261090645116
18949,35.54185507235797
18950,30.217573660176676
18951,33.81846186309848
18952,37.22386532412009
18953,30.52419063154064
18954,39.97024538097051
18955,40.23283026538577
18956,46.14283869149981
18957,45.55630383431011
18958,52.27788767433302
18979,38.58270215087684
18980,40.910778736102635
18981,32.305443801762586
18982,31.40711192869172
18983,43.299741134572734
18984,35.899326538889085
18985,39.4961092689107
18986,47.94848735346418
18987,47.25625895190906
18988,51.38114309461307
18989,48.06620015272022
18990,53.16023655135794
18991,12.484045823224767
18992,25.0031691552377
18993,26.815796951217077
18994,29.509895689884143
18995,33.201719839578644
18996,32.185000221516376
18997,20.754944539334826
18998,35.426696142812794
18999,40.74631181858762
19000,38.73532095742531
19001,38.41460698307479
19002,43.567744830186996
19003,42.60778545287576
19004,50.15578232338037
19005,52.89831189620404
19006,49.93601282248927
19007,52.00641563463258
19008,55.01460653322134
19105,7.258109381922424
19106,12.839590645313482
19107,8.1765081216166
19108,11.64635532763663
19109,17.10673516701524
19110,11.060259769966976
19111,21.133664054026998
19112,34.90081068383194
19113,34.87535899599877
19114,37.136044900853925
19115,45.12654262810682
19116,31.40824431001303
19259,51.40143597672563
19260,44.22884641605829
19261,40.66355709358893
19262,49.56477025099849
19263,56.33281005566568
19264,59.717141545237894
19265,49.47960007317121
19266,62.8329320132727
19278,37.29485236712399
19279,37.14882613197667
19280,32.04599340967696
19281,43.32311173484095
19312,20.66743957537994
19313,29.619964385100243
19314,33.97312534803559
19315,30.277137007789488
19350,49.99754359810502
19351,44.48663023482483
19352,42.186676342599874
19353,46.96703189209445
19368,29.214006028436266
19369,29.103863882082962
19370,32.13348073291324
19371,38.97034552236686
19372,37.404502939918785
19373,42.206878962683525
19374,40.63990384562116
19375,44.30725196938075
19376,44.054477640776625
19377,44.17774393172497
19378,44.021963050411145
19379,55.372713450646195
19397,21.115399406528876
19398,13.71096834978122
19399,15.857452131344855
19400,21.72095274788384
19430,17.177942818837824
19431,15.054223974392446
19432,19.603359495793622
19433,48.481535784769235
19434,49.18716865080726
19435,40.102616965503806
19436,31.955523396298545
19437,45.56988524806123
19438,36.810405508675295
19439,44.48643677065951
19440,37.409931794580814
19441,49.7786767175411
19454,18.59972325484476
19455,13.410426017741344
19456,28.82471945931028
19457,32.00160849909846
19458,36.635005013403095
19459,31.191311377968763
19460,41.82694775684662
19461,31.177118969715362
19462,37.108424920926204
19463,47.798167875924015
19501,32.99858351010188
19502,33.820468417232526
19503,32.35919446520815
19504,48.22255024999374
19505,41.71832614323208
19506,38.63061456162595
19507,51.87770752426084
19508,40.087172185102716
19509,44.29804752866759
19510,60.479021216607066
19511,56.08250471413194
19512,49.87734267577012
19566,4.386982727814485
19567,8.355243198393085
19568,10.052286787791418
19569,11.305013887095685
19570,15.962129467956506
19571,17.07228397045929
19572,17.928244456367104
19573,18.501329595602133
19574,17.777010866282506
19575,33.24227593447096
19576,36.31343760140213
19577,38.53253214483021
19590,11.238357520192329
19591,10.937361084302784
19592,11.034612098833422
19593,14.702869090568894
19687,15.679584345884765
19688,14.337049052483893
19689,21.504635046579775
19690,30.535265656144883
19691,36.73236632450409
19692,29.26115586141328
19693,36.04292043508276
19694,38.11899823149647
19695,40.50531980127526
19696,40.44073403820749
19697,47.26484422266356
19698,50.841556891484615
19759,44.35265307971198
19760,33.6206321201704
19761,30.67141861537348
19762,40.089077142913524
19775,49.85543346838186
19776,48.82296088864177
19777,45.130995206395454
19778,45.125654972299735
19914,12.06422208643158
19915,5.3188914310592885
19916,16.333335974983292
19917,21.39120806358419
19926,26.131058054829914
19927,31.200134096474187
19928,46.91947824803503
19929,39.69596792310723
19930,42.283352857733135
19931,38.116282474568344
19932,57.27816449402266
19933,54.266761072808485
19934,57.012792854604385
19935,56.05669420851779
19936,51.69446068763103
19937,48.05610360945904
20000,10.578855543976934
20001,34.31667057307623
20002,34.16768905740608
20003,42.309323795827154
20004,38.97039352867694
20005,41.25668699627826
20006,35.74051009525992
20007,44.7223226327502
20008,35.618008468740804
20009,54.113308267562005
20010,50.77855029627818
20011,43.32762227706428
20012,7.140275043248796
20013,5.081269860570839
20014,17.09007124603841
20015,14.89170043402585
20016,17.09007124603841
20017,22.533603810005502
20018,18.70149760330682
20019,31.930750832238505
20020,35.81728040615508
20021,41.895619756680865
20068,18.33884293118475
20069,33.961074321936756
20070,33.336596399416514
20071,40.65836500609007
20072,47.39924014565799
20073,34.31476309748118
20095,16.53575735926594
20096,15.383899919061172
20097,25.645907136830285
20098,19.102599893498876
20147,41.672392129138906
20148,53.086080301131624
20149,40.7625449299555
20150,40.36178551727752
20151,51.08016321180341
20164,28.014210878265317
20165,18.39518639497605
20166,20.362133418995782
20167,35.50343432356981
20168,32.901056885405886
20169,34.308761542542214
20170,30.584216244630944
20171,43.34582426607324
20172,39.21112130745348
20173,42.949217787428864
20174,48.33888811484339
20175,45.13165172188562
20245,10.586665568820598
20246,14.606926499623686
20247,16.839824645712753
20248,19.250254673557283
20249,16.05456842446448
20250,15.856998580881731
20251,17.853118138082706
20252,17.30659746790772
20253,21.905519161114505
20254,23.69664921607507
20255,23.864554846645365
20256,20.425441840084392
20285,21.866579356720855
20286,22.755818146064556
20287,10.463506609162692
20288,41.027574794020445
20289,36.19521437441046
20310,13.729369983101893
20311,18.4900240398657
20312,18.25332764901042
20313,15.524674613431872
20343,9.600935398040344
20344,10.097251958895201
20345,8.78672188520274
20346,13.340940515198854
20437,3.6711064289034447
20438,5.520808543502964
20439,5.786607609067218
20440,6.76869512988581
20441,10.776022358620306
20442,15.46249979926434
20447,3.4930543617296848
20448,5.955503787573021
20449,7.868807041244459
20450,12.851605891522206
20507,15.158033226463093
20508,13.114011744713723
20509,16.033558889420473
20510,13.940759009699654
20557,37.33089536748349
20558,15.685112375069783
20559,17.643321931962326
20560,41.54263290062912
20561,37.67074005171268
20562,43.88577289229914
20563,47.7908179070186
20611,41.89975935092646
20612,41.90128044700203
20613,32.02699603175262
20614,41.23304728363998
20615,38.550990498227115
20616,35.77601094304482
20738,20.57821186631524
20739,29.567852993841004
20740,34.88786872446078
20741,27.495727818028385
20762,22.45637908127507
20763,32.57374138980179
20764,29.345260711399487
20765,17.698047059250882
20766,29.434025434304072
20767,33.05190003929653
20768,37.38063852381374
20769,46.99913527930401
20770,31.349612119128548
20771,32.523842746566196
20772,44.32096163208944
20773,49.56305778679114
20790,47.903858873379384
20791,52.397875958476824
20792,58.294040950837875
20793,57.39657492458593
20888,3.48652271507065
20889,20.838329869032236
20890,24.582916881654125
20891,14.814596624314696
20892,41.88586092583066
20893,44.199737123708516
20894,50.9007054213158
20895,47.21012704876198
20900,14.477423789260607
20901,11.634367044650611
20902,23.391912756888917
20903,35.66941929646618
20904,35.170536400031274
20905,36.1415897888543
20906,52.92651267511961
20907,32.47845406514246
20908,38.63018208563329
20909,41.039477612303784
20953,15.34499594837058
20954,11.699027443015309
20955,20.705558547404088
20956,22.27068551466803
20957,31.37718579415791
20982,30.50407654273866
20983,40.40939739195726
20984,37.087651396850994
20985,40.55249498363709
20990,17.773960329508856
20991,30.725616042174128
20992,32.63092464285184
20993,32.93556102489544
20999,49.22957887179518
21000,43.02846592599621
21001,38.34891195805963
21002,48.53462385536098
21007,20.30604218044281
21008,21.753146027119495
21009,31.86705082066922
21010,34.55154295286257
21047,37.060998944553354
21048,28.98152985398149
21049,31.81362282139994
21050,40.19611313563121
21051,37.443739216132236
21052,35.88468306179818
21053,38.97034550080458
21054,7.91280029891294
21055,10.953031650507379
21056,12.483740166132105
21057,14.605325232800617
21058,19.051304992651694
21059,17.333978268379173
21060,20.51081411119173
21061,19.80461934185175
21089,39.19499983011192
21090,44.084712251545476
21091,47.79689082217554
21092,52.96683715565824
21093,48.83391702558436
21094,61.55331379811806
21095,57.15329876810894
21122,9.61519508613667
21123,29.062321299976343
21124,20.853187507407306
21125,8.743068410649135
21126,9.122458296680794
21127,30.46343820395292
21128,32.52778704126352
21129,32.85162649476597
21130,35.14856701183152
21131,35.14712599041023
21132,41.29592521360688
21133,36.06630912765296
21189,24.81774858468386
21190,21.20519529244812
21191,20.272575995415117
21192,41.27172081735993
21193,36.46515508612993
21194,42.74859318692722
21195,54.61325441662605
21196,55.46586711369036
21197,40.908323499506565
21198,54.85587279178471
21199,57.61481900845472
21200,44.454978059724496
21234,18.742000675235317
21235,33.444621770544444
21236,32.95994795758982
21237,37.940917691869565
21238,39.702832395311496
21239,42.743752164680004
21240,41.222022053440554
21241,46.06624750793709
21242,52.72035189696667
21243,52.21134573546194
21244,51.338624305402014
21245,53.74390024083604
21246,30.423896702922338
21247,26.65903852296832
21248,19.079612283781124
21249,18.281098492935087
21250,31.069957951484213
21251,31.748329435051673
21252,31.831790218013982
21253,37.03116872014785
21254,31.442757031442294
21321,39.87135672733182
21322,33.60737928968714
21323,29.81911291463801
21324,50.42054895383603
21325,55.010916530510066
21326,55.420635936392536
21327,53.42578785082249
21328,59.242772748029104
21329,53.81738775136299
21330,55.610179959101934
21331,55.99076839779386
21332,54.899721698409834
21421,27.72146017967354
21422,27.81294569468514
21423,37.70228102995021
21424,31.915784015990067
21469,24.080445539260136
21470,20.243454322843213
21471,36.28301907387846
21472,33.30969121585863
21473,35.75680685890495
21474,43.83262974181135
21475,41.00165781478006
21476,49.60870795440339
21477,39.000159706106004
21478,52.02071336258296
21491,28.91731942438826
21492,34.32308302579012
21493,32.102722088329834
21494,33.07376808630615
21495,33.16300193256549
21496,42.426573102565555
21497,38.59441540455316
21498,44.89929252368311
21499,51.980785211516256
21500,56.05205736326275
21501,47.38190383890289
21502,59.428558684904644
21553,35.124379615802056
21554,41.73597740444876
21555,45.39468087029379
21556,40.9841109063891
21557,55.305598383401026
21558,51.476102948822934
21559,53.90002293845942
21560,57.24756625746623
21605,60.71149568360094
21606,60.11903949347439
21607,55.06284389369325
21608,50.29566585734868
21609,56.894114332722076
21610,58.46321482669431
21611,67.26917733628505
21686,18.742000675235317
21687,30.36577217918027
21688,30.14071864559167
21689,38.09576649857329
21690,20.936331794464184
21691,30.634978236055986
21692,33.677646971959554
21693,47.9329611646881
21694,41.981070513898516
21695,46.70725693091281
21696,57.8728914268392
21697,51.00850918520013
21698,46.74511945594121
21699,52.0475224405347
21700,51.01898526557539
21701,55.45867178630224
21735,14.933659022101569
21736,5.673195636549637
21737,25.22107448152663
21738,30.99244954920384
21739,32.91249129763743
21740,33.26401240645834
21741,38.13959639457294
21742,35.18477857572589
21743,41.21484825475332
21744,39.852979651694916
21745,35.73053210793281
21746,43.086992430192986
21840,27.522891202919194
21841,31.136792023413708
21842,34.61629362155869
21843,36.43393592737016
21844,41.68473383404759
21845,47.399971952816934
21875,14.508189562114842
21876,14.070854522130976
21877,11.609496128339826
21878,20.790391489834537
21879,15.445591081580362
21880,18.890067594057893
21891,14.844228181385795
21892,22.273464314994847
21893,31.913556984764117
21894,39.1822457881801
21934,35.192655488359165
21935,28.879185218558135
21936,12.760291156072643
21937,31.631108621014377
21938,46.67234089274625
21939,45.47773531612298
21940,33.19324114687573
21941,52.02069208850768
21942,40.5040682082892
21943,54.765727888057725
21944,39.97784249348273
21945,51.13172970156157
22029,59.08626574793044
22030,58.27126930726932
22031,68.1253999262324
22032,56.146870315248094
22033,55.99455757696509
22034,61.5690478096908
22208,39.457263332196696
22209,30.513576930294423
22210,30.065702125434797
22211,36.382625779846904
22212,44.42871837624435
22213,41.06859021965321
22214,54.59532988074501
22215,53.29060674760166
22216,43.183753834294585
22217,63.53642807412306
22218,18.570971884946633
22219,15.011178851551662
22220,22.981075596189783
22221,29.66656319340957
22222,39.90596378857067
22223,34.14883184108907
22224,40.29296627256228
22225,45.599743368722855
22226,47.796221144940446
22227,35.266586872286815
22244,25.425687547518017
22245,44.343823769637424
22246,32.756710361127745
22247,40.83738415011704
22248,30.941729116517617
22249,43.50955390904917
22250,48.07462401454191
22251,40.20375560133892
22252,49.3656101897396
22253,31.006865544920792
22254,49.85733063057422
22255,44.77627526028842
22256,54.44477442928598
22257,52.855250812113184
22258,54.461775544601004
22259,45.28234583105947
22296,4.792815485023632
22297,6.659931018027828
22298,7.038276930412082
22299,11.450524468742895
22300,9.17871061914976
22301,13.166764315105251
22302,14.976780726831231
22430,26.765858197726743
22431,49.403428714770385
22432,48.70391894638864
22433,45.75151168407634
22450,12.285326172985515
22451,15.06184396023906
22452,10.205037022542003
22453,16.034157183712054
22454,17.069761294165037
22455,34.777003270308434
22456,30.70182937432372
22457,39.969620425529975
22458,40.248648073760485
22459,41.46428580909716
22460,54.38096990603466
22484,43.22827491602402
22485,40.9934630176197
22486,34.48495720841264
22487,48.43329210315542
22488,46.15451438668704
22489,48.63896766584243
22494,22.225117012821144
22495,17.65352970942726
22496,10.381897714961154
22497,35.33548495617245
22498,34.10539863447421
22499,43.95479139136048
22500,45.90973645561409
22501,36.102307512828936
22502,37.27382047355549
22503,41.19362438786914
22504,44.82083091822346
22505,42.79451830012188
22518,7.538343603765129
22519,15.749773934778757
22520,18.870363181708473
22521,23.635943108818367
22522,30.607763564027223
22523,35.31139792053956
22524,41.1993886709761
22525,32.846852906741454
22526,40.12828937468184
22527,49.0362572435854
22528,51.06673513701114
22529,49.92230999139383
22681,14.172187509806538
22682,11.007748144879121
22683,13.075446408718715
22684,20.97319070917243
22685,23.29266820366099
22686,3.6121438070727163
22687,8.29186616255618
22688,10.162924644316723
22689,11.444801310857386
22690,8.860536164715615
22691,17.182921826984593
22692,13.833110551874118
22693,18.71789501099347
22694,19.87692289769804
22695,22.064757764904385
22696,41.82925634447397
22723,32.611182988553935
22724,38.35102378263063
22725,34.897705048523875
22726,52.06744925607282
22727,54.21415147704937
22770,41.553580230632804
22771,39.863892144634534
22772,46.21666347366468
22773,43.46221215291518
22774,54.92759028868563
22775,61.80079559035861
22780,33.745418231434854
22781,30.113318506616377
22782,43.74380677108428
22783,35.270519387066514
22784,32.58588337920469
22785,47.24741337979416
22786,34.487087541031926
22787,50.22249526169096
22788,58.42680129482727
22789,58.76170525270489
22790,55.56182243811952
22791,49.870931376773015
22792,50.41763994593598
22793,37.61793286603085
22794,66.23324355293904
22795,35.64538480105348
22796,47.95348392667948
22797,61.292704409828595
22798,64.87847441477858
22799,55.22871312499845
22800,52.55595932356942
22801,67.10204351098305
22802,69.50196410284127
22803,66.67801063589219
22839,32.438065638838225
22840,36.38761668190457
22841,43.792289315304906
22842,34.46518258768432
22843,45.9509154216087
22844,45.45967778534781
22845,46.139891434436485
22846,55.86805710894852
22847,52.3288243031241
22848,48.85372864992799
22849,55.41687843102737
22857,18.666856675034314
22858,26.209063549012477
22859,31.09297626342721
22860,33.72914375965013
22874,8.075795981063697
22875,37.81425877530316
22876,36.981314108595434
22877,36.04574462958614
22878,50.16009600834816
22879,29.77150930006194
22888,39.32227783029252
22889,41.78020518290322
22890,58.55316697273979
22891,63.85424475240869
22892,58.48442155126123
22893,57.37980555780196
22894,52.380777057677626
22895,65.68995538317706
22896,61.470365607607356
22912,31.72337760162013
22913,46.909613450086304
22914,49.569046010210435
22915,53.20517248900226
22916,57.28632632338313
22917,56.85787995182296
22918,62.26212652012285
22919,55.132486113446824
22920,64.86442674182605
22921,63.609814806081694
22922,67.39500795694889
22923,74.07020925359055
22964,45.85236381769242
22965,40.18205383053126
22966,38.38326499097391
22967,41.867613525910876
22968,45.160619784693914
22985,36.19928033584557
22986,41.7485391000685
22987,42.165280835826515
22988,56.955292455991206
23022,14.209451999077913
23023,27.397906502859485
23024,19.54575759490454
23025,37.32408459379339
23026,38.97788741119587
23027,50.041369326764524
23028,34.185827196764244
23029,31.87965000606932
23030,35.69273355608208
23031,53.01106044280575
23032,51.49416073379757
23033,46.423766970809424
23034,38.79387920737878
23035,60.8492379748828
23036,50.218770366277134
23037,54.265921469362034
23038,58.60294233312358
23112,17.098403450989245
23113,8.615034078896693
23114,16.997728408351332
23115,19.750958395273027
23144,17.153025802710058
23145,37.16175317689939
23146,30.170582110446
23147,32.460794356397905
23148,32.54389280780668
23149,41.75644489788324
23150,39.888614642982745
23151,49.93318999485534
23152,40.48332036434526
23153,67.44134541581049
23154,42.134943287415815
23155,49.687005772233896
23178,32.04707351091188
23179,38.59869061424626
23180,58.45146612989336
23181,40.84953309202337
23182,54.161350424373424
23183,14.24374272808033
23184,9.98377593106617
23185,13.105011770910835
23186,16.793258025189918
23187,15.683103522687126
23188,10.386358556825634
23189,8.261655946771732
23190,27.684893784254818
23191,10.597438058010043
23192,18.210008344980366
23193,18.92583182187935
23194,18.210008344980366
23195,40.712643252235914
23196,31.829386184464095
23197,39.66295979862916
23198,37.775484894883256
23199,40.80313106383618
23200,52.03826160325129
23224,18.718554247702397
23225,28.596364074393666
23226,20.84990034479762
23227,19.973169762310143
23261,26.289909775591532
23262,35.11612908276601
23263,44.043003182201055
23264,44.12750568053457
23265,46.119967892848635
23266,53.78462145429214
23267,51.133312082639435
23268,54.66967384144016
23269,57.2612958862912
23270,58.846685164521546
23271,57.57803703478342
23272,60.25582032450324
23301,7.1531923863986835
23302,8.980665372971542
23303,12.786881723750309
23304,11.928672533855627
23305,18.330224667868244
23306,12.171343139663614
23307,17.248448095804584
23308,18.2432851113572
23309,18.88458162009976
23310,36.11298570740971
23311,35.97501134478628
23312,33.69374552045639
23313,32.58205551315649
23314,41.792979739715925
23315,36.78877884465606
23316,38.66137307278801
23317,39.575818504300635
23318,48.82741764302391
23319,54.74868819311296
23320,52.43122932016768
23321,45.16677436365304
23322,51.615125239538564
23323,46.25827878113663
23336,50.65574753375959
23337,54.30247855752844
23338,48.86208806117928
23339,58.132717846198084
23340,52.37101022578637
23341,56.68913392036248
23342,61.97125837471928
23343,62.228544463878954
23344,65.00417210492348
23345,64.73485576242143
23346,61.57097568046196
23347,64.91206515691796
23360,9.768831414903756
23361,14.398440171100347
23362,9.389151769123302
23363,16.356777338450982
23364,16.537348223357036
23365,16.556472628004997
23366,21.496246059183033
23367,21.03727161910784
23368,41.08468102579952
23369,41.875058818049126
23370,43.372675353447285
23381,14.847662183836645
23382,20.14481780497661
23383,36.919616390117625
23384,40.04101342422331
23385,33.14355963778958
23386,40.573104062406344
23387,39.26474811753362
23388,46.588481239065
23389,36.65825842136543
23390,47.29492605129392
23391,50.481679185951315
23392,45.84071312884246
23442,52.035629193205715
23443,54.31346112690876
23444,51.49658057172121
23445,52.77536764833429
23506,26.489396990128224
23507,13.047317056891252
23508,21.835922725174218
23509,28.978588431502914
23510,33.12912001059342
23511,30.371128738602316
23512,30.48489337308236
23513,41.699472158273196
23514,34.795663132390374
23515,38.782761771769195
23516,52.343561179523
23517,52.647208069833184
23552,19.842872132677062
23553,17.880027638462188
23554,32.35882319193766
23555,36.3127650487857
23556,36.3474580084148
23557,40.97515216070922
23558,32.07998231918052
23559,40.591493111550804
23560,32.90370106267774
23561,48.32491156331572
23562,37.72375449136769
23563,51.91542573586732
23564,59.3173299209578
23565,41.43261709775353
23566,31.716811083523645
23567,38.48405782885107
23568,43.505697706786044
23569,50.375286032068935
23570,52.08527038181474
23571,48.904586574251006
23572,50.155054505768355
23573,52.16820378633418
23574,55.71475333808234
23575,61.96237584879632
23604,21.469715656900103
23605,20.564003199217552
23606,19.11936548639991
23607,20.869475021686046
23608,39.84624985765365
23609,33.471521149419154
23614,26.865258022361036
23615,38.785768114563695
23616,28.926294668508888
23617,38.08438264053712
23618,53.82927726217613
23619,37.69985401283656
23620,47.52573559655155
23621,52.04539570345989
23622,56.999704684602484
23623,57.19396274980967
23624,54.17281396443879
23625,54.391713524000096
23655,51.75492283053221
23656,40.44228880944728
23657,30.0467868261675
23658,24.1316968527155
23659,37.21676361060974
23660,38.66214130043907
23661,50.00988271183391
23662,47.16082873489504
23663,42.62108369885371
23664,40.525648910091064
23665,46.855759079396854
23666,53.71743384521193
23667,27.3991261700679
23668,15.229502972727099
23669,15.421618674125735
23670,34.22300353852173
23671,33.34561709092597
23672,39.777061985443574
23673,47.80597271975325
23686,38.11660570160185
23687,31.016674210008368
23688,40.95143446400682
23689,35.05243260449202
23690,39.08374018925833
23691,39.989890061953965
23692,34.914115333455456
23693,41.40001468577432
23694,39.79471106448788
23695,52.1063838744691
23696,42.924585986394355
23697,48.174119171167035
23711,46.43208820765051
23712,45.866598539090035
23713,46.07975944379986
23714,51.734914758438975
23715,44.35652075930515
23716,59.73765178865635
23717,62.251803479445485
23718,66.23302745975506
23719,57.82823348956885
23720,73.40268061118489
23721,65.54478763128894
23722,59.08606906779295
23809,27.82584738042299
23810,48.84860109666321
23811,31.143219787241
23812,33.38843592201255
23813,55.41102487582953
23814,35.67129092113911
23815,36.14299648035746
23816,42.46069630033238
23817,46.88023683577411
23818,46.146873192769334
23845,30.002368968404745
23846,33.78139467361604
23847,32.049836913346994
23848,49.651571015125725
23849,45.149912157758436
23850,54.2381755246104
23851,42.813634511742556
23852,45.94983456514007
23853,56.073214921206265
23854,58.853398882392035
23855,47.84135282733311
23856,63.268061663059584
23890,21.694774932008674
23891,19.590214281754584
23892,22.86221048626896
23893,42.1113061019559
23894,34.229780730725516
23895,48.4659222891897
23896,61.24676856147562
23897,40.85272509384372
23898,54.257216700606435
23899,49.25070727321897
23900,50.3510472394576
23901,65.0703670890313
23946,42.22753074622058
23947,32.203366617980784
23948,29.76536808360668
23949,42.38172564432654
23950,45.768848044647825
23951,43.136427148538374
23952,39.92835261654643
23953,45.80847446920855
23954,47.07647317204605
23955,49.833848823231534
23956,48.280020454330995
23957,50.382157198009246
23958,15.545378596837729
23959,13.373112130059738
23960,22.385297347434825
23961,33.03095038479818
23962,32.22249176866004
23963,40.31784864439836
23964,41.62095423428455
23965,45.201384836885836
23978,9.30475567188058
23979,20.74061859944655
23980,31.59469283867152
23981,32.05230412671932
23982,35.57855293548963
23983,39.967020503026106
23988,21.448136580420986
23989,32.82063123787971
23990,35.958771030347634
23991,46.46724585496557
23992,48.04259017002169
23993,36.422780907788365
23994,42.28765587829014
23995,47.67707823393885
23996,49.689460466148184
23997,46.46499419761007
23998,63.14374209216482
23999,35.706938244182346
24034,9.51778793879102
24035,24.62745967131702
24036,32.92564618361814
24037,29.226657292814092
24047,30.307734283321114
24048,27.702761875259917
24049,32.38495350197507
24050,39.428255193945944
24051,31.67623563979862
24052,48.22398592329404
24053,36.020431297429184
24054,36.007120221772794
24055,46.557466226929726
24056,49.844133292265425
24057,50.14129863995411
24058,53.09033250443586
24147,20.07039266030507
24148,30.888446344740984
24149,30.396786810842187
24150,37.204751736616736
24151,38.76833233858046
24152,38.51243469767558
24153,40.40894797320871
24154,38.07767002647582
24155,40.03019533176647
24172,28.18502315512737
24173,32.98637466926835
24174,36.2799345278113
24175,36.87518825638648
24176,31.696072330469008
24177,49.35000207669942
24178,37.4368663349596
24179,39.5330375755337
24180,45.16867950528881
24181,49.802811308166135
24182,48.79886919772891
24183,42.845841977442674
24184,23.47799963071826
24185,28.588172917198964
24186,44.025301197712544
24187,32.367909514509236
24188,37.28766079766645
24189,47.90992342827578
24190,36.52106776812509
24191,39.28594432330757
24192,43.16469173129166
24193,41.91046508846726
24194,58.52491023260277
24195,59.09593706025334
24201,12.468806795248838
24202,15.396518136458953
24203,11.550750889545021
24204,19.172971247196813
24224,32.85761458082882
24225,48.82003243503482
24226,36.22135462169097
24227,48.69356532995148
24228,48.80989589593473
24229,49.21147729966394
24230,53.02781246073664
24231,55.14822734762457
24232,55.351989765045765
24233,54.30064747597867
24248,3.5074024815015243
24249,26.66423836442052
24250,11.48380726449892
24251,17.350435068246952
24252,32.53303174716932
24253,32.64478513512381
24254,48.579481553155944
24255,26.713740669675932
24256,34.07685364631743
24257,47.81000621810256
24258,35.1341454362117
24259,32.86673491676317
24260,62.95152406322002
24261,47.25386286520765
24262,51.72864118232482
24263,50.62921749629005
24264,40.67604472194251
24265,43.24258367741142
24266,57.049432782282544
24303,15.257366802110333
24304,10.427285609285162
24305,20.355355066454425
24306,15.505099936543445
24307,22.18305636840779
24308,16.638636478855872
24309,38.88552408726229
24310,36.68596761228526
24311,56.624633411860124
24312,37.6633978925914
24313,45.497081731331384
24314,45.640593466518254
24315,47.32032120447754
24316,49.97681034069777
24317,44.069784698230585
24318,55.85648515044877
24319,70.53820524206611
24320,45.96165388980015
24321,48.84224105197238
24322,14.65154396788809
24323,23.674833145807323
24324,25.64513151365858
24325,37.476416918397135
24326,35.754958271954855
24327,31.8906950898403
24328,42.32360599240739
24329,37.98348910396572
24330,31.844934142166355
24331,37.41032992860971
24332,37.03678981231187
24333,47.00497868881
24334,41.82480497078845
24370,19.854229507497188
24371,21.032722213871097
24372,20.08920790757854
24373,32.52046555059663
24392,30.503083545210764
24393,39.12355402869791
24394,44.10887011433943
24395,45.20615631558236
24436,20.41337856581054
24437,44.15351723161717
24438,27.89113649845082
24439,41.40831983460598
24456,28.661224517538628
24457,35.37140610798584
24458,46.53046674699511
24459,35.74758771152366
24492,22.45565510034695
24493,38.695001467680854
24494,31.771626344718584
24495,34.15285431564313
24496,39.87205229007549
24657,51.823886062009905
24658,57.71839812621157
24659,38.51468267994582
24660,45.922247264219095
24750,18.24509344335555
24751,22.972332580916895
24752,11.619797432565306
24753,32.90052526017478
24754,12.034062778534384
24755,32.11708593787443
24756,30.90751269223044
24829,14.949511023796177
24830,21.798027447612267
24831,20.545772594759576
24832,35.67199695537259
24833,18.36499367435605
24834,28.887381474817218
24835,27.35623055153763
24836,31.05975039151434
24837,35.03615410713137
24838,35.89727531994247
24839,37.689432075098786
24840,38.56151943962628
24841,39.504604929554674
24939,42.85094633947527
24940,43.69266936014556
24941,35.32198939913714
24942,49.52756403817331
24943,38.49499876653724
24944,45.620360549322086
24945,45.910258339534714
24946,34.88719896034104
24947,53.596202076759724
24948,59.59930279208776
24949,50.80814359189483
24950,54.04088640082245
24989,17.342548201426347
24990,33.77361356926124
24991,41.46101478274478
24992,48.34860633924075
24993,45.12977031607798
24994,36.11512518125425
24995,41.9557284921623
24996,47.427824534197704
24997,40.886831112682906
24998,36.06614110182816
24999,44.181708103314115
25000,54.07820761425171
25076,51.11395709441223
25077,55.64061735964382
25078,64.04063082429147
25079,63.4419773408307
25080,57.14211084531754
25081,59.732414921028905
25082,69.91265537361441
25083,66.3178733858359
25084,61.255871125993515
25085,64.08120348873152
25086,59.826479816086625
25087,81.57324071974985
25144,49.141696584043316
25145,38.64202118360181
25146,58.036494383612194
25147,50.33443700816094
25148,59.39659625486139
25149,40.86208622449586
25150,51.80923475687726
25151,43.50211471193885
25152,54.5260647045151
25153,60.00903386060179
25154,58.641591817032115
25155,63.48618172456543
25182,29.68718621464907
25183,34.814958940497384
25184,37.95676942133703
25185,34.53969184720231
25186,35.16411138921085
25187,36.06902513823019
25200,29.38236943885839
25201,40.723782334477534
25202,52.02694002169502
25203,56.921834876126084
25204,50.39372936223484
25205,59.44590940383649
25206,19.337008503623885
25207,13.534922150519376
25208,22.276163065081263
25209,16.752105451609562
25210,14.423392131202366
25211,36.248428033392614
25212,33.250999230280705
25213,33.93604925251235
25214,46.893333605595885
25215,33.65231204729338
25216,44.599410499683856
25217,52.67162353399971
25218,16.42721461101874
25219,21.811640844252285
25220,13.611104659604209
25221,13.747934400877307
25222,22.399107766031676
25223,18.2689179818231
25224,30.454321466886157
25225,34.37672233335008
25226,33.09520204272208
25279,3.3171173220440004
25280,5.365806113519175
25281,8.082882847449877
25282,8.391223935819186
25283,15.666328552086496
25284,8.954750733222118
25285,20.360041446370666
25286,17.80947241027065
25403,30.99881840458
25404,25.80422793016509
25405,30.392191534065805
25406,37.54795595325414
25407,31.784538134167097
25565,26.201891107878758
25566,44.107087026061734
25567,38.084987096100605
25568,30.263700736400693
25569,37.83321615448755
25570,42.00134809895576
25571,49.813074221049916
25707,15.511549286395637
25708,20.635642619334764
25709,20.637619215175718
25710,13.005881937717351
25827,19.23595766352954
25828,16.813049772387267
25829,21.154108194846316
25830,13.816463523155965
25831,18.744419286011706
25832,21.143071083383347
25892,29.75945636969919
25893,30.794798981853276
25894,35.86481445316667
25895,37.39179571941764
25896,28.17438156391609
25897,29.333577886593805
25898,36.63150234890605
25899,31.2085699088604
25900,40.53203231028149
25901,45.17082756753489
25902,36.807353902931865
25903,43.43933085513881
25904,39.06264315833321
25905,61.98908331837035
25906,54.531028038404365
25907,50.47046069994707
25949,44.57470951115012
25950,36.3238608119815
25951,41.089644906200064
25952,36.5019968763976
25974,20.759913762118497
25975,24.151455212108228
25976,18.857661654943936
25977,31.964387195581033
26011,28.92764116114435
26012,32.88332607215107
26013,31.77056327360002
26014,51.9273304345225
26113,4.33391663693787
26114,8.352241428338761
26115,9.195376766555766
26116,9.606206149181764
26117,12.85307695032913
26118,18.892348661836294
26119,13.742082033148305
26120,16.85638049323698
26121,20.372641444679928
26122,18.431859389670343
26123,34.80857040175591
26124,39.6148891935642
26140,34.11953159173691
26141,51.12097926662439
26142,48.83882924282713
26143,54.9920112450483
26144,48.60535548184331
26145,60.83067230205334
26146,42.80298305490313
26147,67.11898485502883
26148,56.27875751940081
26149,57.9762004246943
26150,60.889826005653994
26241,47.09266296870962
26242,61.22084440717389
26243,37.19355874642725
26244,53.054834647004
26245,55.93125144011621
26246,54.03196542275472
26247,67.49481195660238
26248,60.5190345610063
26249,52.69481529245539
26250,55.72373023988967
26251,53.544320682588456
26252,59.26611771172111
26289,13.926130410964516
26290,20.946415258691882
26291,15.603234748551932
26292,29.59108865005149
26293,32.219606993212174
26294,34.474686782257386
26295,34.82691811969678
26296,38.9319681178476
26297,46.06919806337603
26298,39.43091362873964
26299,39.24208455896234
26300,41.98357964381976
26315,33.75449440591138
26316,29.06312445685316
26317,34.66454199275668
26318,33.83517942127745
26319,43.40252981424947
26320,43.355033505309564
26321,45.14616935826277
26322,49.23209545236795
26323,44.74686701145329
26324,38.12793027872415
26325,52.82265558977485
26326,61.418223053894025
26455,29.824327320192733
26456,22.42049297833214
26457,33.89802619495593
26458,41.69634336195884
26459,22.440416072371022
26460,28.49437218432226
26461,29.35966723220124
26462,29.675064016964498
26463,36.58451701146478
26508,21.50764543538407
26509,25.050631298685985
26510,21.978200145564774
26511,22.708372748866726
26512,13.90854857764224
26513,32.83844197036003
26514,30.21557859862138
26515,28.831807754260172
26516,42.655361679062175
26517,33.01422384400589
26518,44.0794340561594
26519,37.34494160322118
26520,21.130638434504803
26521,39.64002552947382
26522,35.083387882647706
26523,31.969800913722946
26524,33.13014063407634
26525,37.34764082441938
26526,44.75500498381886
26527,34.75944846366378
26528,43.87650567737484
26529,39.57952597047144
26530,52.714037525697265
26531,56.81158495739259
26564,21.587815705253185
26565,23.158807971187144
26566,36.144131371742155
26567,29.215086868717563
26568,33.84693993446831
26569,31.226437183078637
26570,38.78440074879358
26571,52.59255116655624
26572,36.783686211191835
26573,38.99634440941969
26574,42.395806083846544
26575,36.11459444651543
26576,3.6149642043034
26577,42.95711232498337
26578,40.22147737877719
26579,47.84264749444549
26580,38.92661205283401
26581,49.13458850225577
26582,60.860680713762314
26583,49.229493201298524
26584,20.866497580995176
26585,19.501426284358622
26586,22.251952476235388
26587,22.397578317083532
26629,21.4130559514612
26630,13.438342870624608
26631,15.973692015002811
26632,18.77574806673919
26633,22.46941583650391
26634,34.44312356716365
26635,33.7745443862128
26636,38.69881700063707
26641,34.78392742919708
26642,54.150500775287675
26643,45.68368109015397
26644,44.800023622756974
26645,56.22249172183584
26704,21.4682275998947
26705,8.954074805293876
26706,21.441500006291445
26707,43.37499065235125
26708,49.15811782300415
26739,55.58124968101283
26740,61.85099872509555
26741,49.82537105035826
26742,64.67134122013567
26779,12.302960276260835
26780,25.398562997653855
26781,28.067811395278518
26782,41.09454060693686
26783,33.103447850382416
26784,44.057260065009096
26785,44.33025120833178
26786,34.5344287282108
26787,34.56704762473147
26788,41.782493523347824
26789,47.70859983265504
26790,47.27125107331881
26819,39.12082892719439
26820,50.49570406737013
26821,65.06646249209412
26822,51.31636307567932
26839,40.244741091639234
26840,40.71472355303303
26841,38.27486080525203
26842,33.6540698275371
26851,24.84156350419873
26852,27.491307396934584
26853,30.939252542481313
26854,33.075537071022545
26855,37.3324925919655
26856,42.91844892430788
26857,33.453410096917644
26858,37.517508104320974
26859,59.209466695338406
26860,44.19791948040451
26861,51.861763517994184
26862,55.92009250761285
26863,31.880187160766962
26864,28.73925582718117
26865,32.64059530520673
26866,35.00584084511208
26909,4.356760464361794
26910,14.40473766059461
26911,17.74803865357691
26912,10.309294360156555
26913,13.139064727946812
26914,18.727365081983862
26915,13.692250431896124
26916,31.780186314439067
26917,32.96503136149859
26918,35.114835261869935
26919,36.34713776796036
26920,51.58646102645971
27006,33.577327415912514
27007,33.62367666380018
27008,38.85231151569307
27009,39.92411226660741
27028,9.286886606976028
27029,21.542340994992443
27030,36.01653202994219
27031,33.22346829961848
27047,31.132964665665025
27048,36.07994655813154
27049,32.610407834873484
27050,39.7764349144491
27051,38.42497128251573
27052,39.552202456662734
27053,57.990221491418225
27054,46.78242857479819
27125,49.530282869305786
27126,59.53452032183739
27127,43.961826707044544
27128,37.519825875760006
27129,19.478990380680937
27130,17.699477790312898
27131,37.52207681256063
27132,31.697867627054418
27133,39.8446554989979
27134,33.96699877182441
27135,29.94828329937925
27136,43.17138139234948
27137,36.55282975215749
27138,51.4119246915619
27139,54.919664899208186
27140,51.350866141790014
27177,30.325690788253613
27178,38.20308093196943
27179,49.94235808229933
27180,48.09578025577537
27181,39.09499652106333
27182,38.94562802332186
27183,51.55345512631553
27184,49.02801718268243
27185,56.31544325518626
27186,49.278861326174386
27187,50.58412861552584
27188,55.71242128900975
27189,25.440926575493943
27190,37.032206941517074
27191,31.321142099969745
27192,31.982228926745673
27193,34.144867985436676
27253,24.118909158583275
27254,12.392838438567116
27255,22.144246345374846
27256,29.23354355091721
27257,36.263958823652544
27258,28.98902078655034
27259,34.345502310421686
27260,34.72930245626878
27261,18.899757331540272
27262,32.353165578955654
27263,46.388645722701625
27264,36.09974473483573
27285,48.65980937169997
27286,51.750995919809355
27287,44.921617734809104
27288,43.51374677320615
27289,49.36221231448828
27290,39.91919924851979
27291,42.34743141161321
27292,50.255215928546825
27293,54.914192200656224
27294,62.694592202479896
27295,51.204853952002466
27296,54.35241178824995
27349,25.751945647348453
27350,21.429464920102845
27351,28.375852129255914
27352,33.33374327110913
27353,43.5647869270453
27378,28.085246274544453
27379,33.650691958795925
27380,39.76941138127942
27381,49.30015720561793
27382,46.8417952513519
27383,50.68304188483607
27384,48.17349614101446
27385,55.19038042298754
27386,50.29306114720444
27387,50.7359265153909
27388,56.82719679353209
27393,45.118825470749016
27394,48.778918785250525
27395,37.87274735117968
27396,53.52035490471392
27397,47.879491685134056
27398,40.748592265765936
27399,54.080064932198056
27400,52.04886902769147
27401,44.48429743529867
27402,48.52932224217672
27403,53.7305264959831
27404,46.52247660305218
27425,28.11079891283847
27426,30.52573478940361
27427,38.21729242373304
27428,36.89210818640553
27429,32.51661509919548
27430,45.91078790272762
27431,45.68250779832969
27432,43.03837486424248
27433,18.8496103408846
27434,41.50849384358527
27435,34.26474029626832
27436,29.953274534540583
27437,35.06368035432666
27438,34.77594106972465
27439,35.569710283101934
27440,49.16184017419979
27441,39.35599717107034
27442,33.62401585730282
27443,52.22920370019371
27444,33.48806199536901
27445,50.20968857008472
27446,48.3001293416268
27447,35.1940318043168
27448,44.25027147686263
27449,38.48870901827589
27450,56.742139328964
27451,53.11214015641805
27452,48.227863558595054
27453,59.724572182717125
27454,7.015516279366729
27455,14.475249767007124
27456,9.579120182614194
27457,12.57206666753482
27458,15.059894488927258
27459,13.566835121264067
27470,33.419552475611226
27471,31.31519374787285
27472,30.64659060008098
27473,32.92640671634607
27474,48.42664996277483
27475,35.54315582469406
27482,26.41113526294994
27483,41.285214059680335
27484,62.12265529530175
27485,51.70113762303714
27486,58.795912582124615
27487,71.47586469000899
27488,53.57893739221768
27489,49.288943295919566
27490,59.24241680146594
27491,57.46369266331241
27492,62.79947676801094
27493,54.970346904285954
27500,32.662707772287135
27501,35.74141611555303
27502,54.76478051080187
27503,53.310506167957115
27504,48.89306990312451
27578,18.335967998291302
27579,30.762199385504992
27580,46.702749668614594
27581,39.53013019833338
27582,38.67181046099257
27583,36.810842810668824
27584,48.25161336032572
27589,57.50117852151515
27590,53.36738942981226
27591,68.32916117925197
27592,55.3272001896354
27593,64.43361059835468
27594,52.42913505227867
27595,62.27902325483501
27596,59.22803104947237
27597,68.21768189358312
27598,68.62677166229636
27599,66.35558077468276
27600,64.17590912975928
27719,16.125032927117612
27720,22.030971999301606
27721,32.70386075731827
27722,31.120554478218423
27723,33.03517213416928
27724,39.242120748064615
27725,39.50750007743853
27726,33.781658911970815
27727,47.938516512424414
27728,47.427333930405474
27729,43.937947342737615
27730,36.09660999539698
27795,45.02515151522363
27796,34.319320949820835
27797,50.80992071522846
27798,52.06161426756528
27799,51.12126805856433
27800,61.35381181477256
27801,55.37002934029186
27802,55.27189127901369
27803,56.24826337900318
27804,59.53329105523997
27805,58.601759932345544
27806,60.99576870757704
27807,21.448136580420986
27808,26.854974751898286
27809,34.317069237075096
27810,31.294053676718594
27811,32.62357676749228
27812,43.61044649176626
27813,43.53408851036311
27814,36.90385086401067
27815,58.229472013550776
27816,39.58158291833899
27817,41.832874506517335
27818,54.81123058445164
27848,13.570876233986777
27849,18.634847357511163
27850,18.439268317637094
27851,33.94353364599545
27852,44.888397976103654
27863,37.397270377794754
27864,40.842152746209536
27865,53.1076678632726
27866,49.91116364091744
27867,49.24001378880508
27868,42.72371619698116
27869,50.029728458261225
27870,56.73285205137471
27871,64.15123290282419
27872,55.62792389587714
27873,57.75681601628842
27874,60.7214827910833
27898,22.48987591165613
27899,38.3171899405087
27900,32.15918721357756
27901,45.79308066732548
27902,30.0352712123401
27903,31.64219500230191
27904,39.07828852085096
27905,53.635056425018114
27906,45.15365684881585
27907,49.931123791666884
27908,43.960947154954894
27909,49.80929431482861
27933,7.473069250035236
27934,5.5898511691099175
27935,17.29045559086347
27936,13.531454725766476
27937,17.248448095804584
27938,21.844201290609767
27939,13.629369305112162
27940,35.01168492675059
27941,40.35770182823326
27942,41.27633022000451
27943,38.0697600375825
27944,39.819842568963466
27945,32.601362004235874
27946,51.42721794753303
27947,39.40042500146729
27948,46.87532707946063
27949,37.19199265410186
27950,48.570401146714495
27951,46.613712402212364
27952,50.65941422072392
27977,63.599177098000204
27978,48.4334502154605
27979,53.421668573947684
27980,61.151436437772624
27981,50.25933566988839
27982,59.64917008818218
27983,65.3342111923868
27984,67.4611743123504
27985,67.37266635317364
28002,45.27850044583227
28003,27.828184722661067
28004,41.155189737153115
28005,34.654620244112735
28006,40.040651661299265
28007,49.65370588196261
28008,50.23700973003363
28009,56.992809364858154
28010,51.833805637204385
28011,64.69347135620046
28012,57.46780496941507
28013,65.5170867350141
28037,41.78398992290375
28038,33.00955059437399
28039,38.259872758239666
28040,40.54384594926593
28041,59.653000705791484
28076,18.681139009461297
28077,27.099555693854793
28078,55.454543074896215
28079,49.39384631703381
28080,43.543910656134564
28081,52.05343926550662
28082,47.86929562776312
28083,53.83041514015497
28084,51.827573495182655
28085,55.830940509325174
28086,62.77771367546643
28087,65.00652171250772
28124,45.76606421796981
28125,30.776967317143317
28126,38.95794428905777
28127,48.69240392325749
28128,42.13249323202494
28129,49.628290891917345
28130,54.99737000696916
28131,65.47075860842286
28132,60.63308738857468
28133,55.37933896780403
28134,68.4938225968431
28135,60.922703399189125
28169,31.71222345495491
28170,35.515706822725086
28171,34.64070723370876
28172,46.65615552909751
28173,39.157429878895535
28174,14.733284961266454
28175,22.814086012057032
28176,42.782768426843674
28177,34.66175451814212
28178,40.35786629601904
28179,40.158076572471536
28180,41.39436116479966
28329,21.130638434504803
28330,31.293507914739223
28331,34.0649860890917
28332,34.75325763440923
28371,45.218269984172295
28372,57.81705815849861
28373,59.49520012886438
28374,64.37201224287351
28375,63.661988903573544
28376,58.037836462906654
28377,64.88162411497386
28378,68.02386186808089
28379,63.41177600723896
28380,71.78646705584832
28381,67.1069451239086
28382,69.25031490574759
28399,46.69112558612474
28400,41.750836949735096
28401,46.15835826359655
28402,50.23078980670097
28403,57.36270277476718
28404,45.349589187467636
28405,59.638944884060066
28488,47.03309543509802
28489,54.573443229429216
28490,60.73862160423052
28491,60.116604049377
28594,24.73125627186801
28595,38.50552915550169
28596,31.546179558173954
28597,31.59489554717354
28598,37.73513058070292
28599,41.50322321693279
28600,46.79828644007272
28601,41.28687547806251
28602,44.275661847801
28603,49.51752296209366
28604,52.12227284467049
28605,54.89792427212063
28618,29.798117731299076
28619,31.536535400676467
28620,32.53405513002687
28621,38.08304979474108
28622,32.88699068476762
28623,3.7246262443578204
28624,5.801442497977454
28625,6.337359361573335
28626,12.261514390031493
28627,15.732715774971064
28628,14.618900908655503
28629,17.690487067264048
28630,17.872103110573203
28631,17.33042587658123
28632,18.31502611508592
28633,27.988176505634083
28682,18.896672591703414
28683,11.759122969628562
28684,16.82163454621983
28685,16.82163454621983
28686,14.92622382246878
28687,21.761407977397866
28688,30.124674820489858
28689,41.00541454374574
28690,37.826569924579275
28691,30.36490840605664
28692,44.646737725192025
28693,52.337060499253916
28711,4.595745750590535
28712,14.471362310916817
28713,11.861063069139668
28714,17.490614464795573
28737,19.81429305945079
28738,34.18015112392618
28739,32.51103283682105
28740,33.60109106245712
28741,3.6183457016208647
28742,8.262065602221488
28743,13.095506157785389
28744,15.056988231166077
28745,36.906758306960775
28746,47.4338243042984
28747,40.63005002406441
28748,55.59238596047168
28749,41.97409627554278
28750,54.39284215114571
28751,56.04782358656931
28752,51.761583473670505
28753,57.38045639385241
28754,60.64594599634045
28755,62.76675373038369
28756,61.764251015441076
28761,21.096084897728943
28762,38.98571424573729
28763,39.38917021261985
28764,31.366927067273757
28765,33.4656336492622
28766,44.01534752241006
28767,48.50804829518849
28768,48.13075941061744
28769,51.172725772172775
28770,45.09133720735563
28771,49.451847712842394
28772,57.179210782357245
28825,18.460392502905428
28826,22.375424800394356
28827,21.169019056315594
28828,35.37806751439107
28829,39.632071587809925
28834,26.10085417710488
28835,31.313505852261354
28836,38.69241077053655
28837,33.95328786498696
28838,54.57693096282825
28839,39.720555239906446
28840,45.69417874659441
28841,46.11007969289659
28842,50.82789427358381
28843,58.95883007441593
28844,21.666630639712956
28845,32.71174815715225
28846,36.939539732083944
28847,38.77966312346652
28848,53.8092985919025
28849,36.981414487471206
28850,36.85391693650235
28851,39.141647974143
28852,43.257016711283974
28853,51.52089987973718
28854,52.78933635901938
28855,58.22376327822461
28901,34.06929559550599
28902,23.813549500737118
28903,25.615715374330524
28904,19.486401211614456
28905,37.469802818145126
28906,32.84590724579018
28907,37.0116738194583
28908,41.929810665723274
28909,44.18730594660652
28910,45.8979577596026
28911,40.464495399599556
28912,42.55897792153671
28913,22.701158929937137
28914,27.76380190627606
28915,33.523920342245695
28916,34.67494506470561
28917,30.96734808230194
28918,39.310122495153344
28919,37.50213650951565
28961,38.22887619112432
28962,37.829808668041075
28963,44.85378948016952
28964,38.12103014729046
28965,39.37516598751812
28966,31.801468060247796
28967,42.91354173903561
29047,23.790639411127344
29048,33.9617099509975
29049,27.784558998362733
29050,19.092804840802444
29051,25.88744147619411
29052,31.65463032933433
29053,31.256560691574965
29054,52.28023105174222
29055,42.64326883391255
29068,19.633245480202504
29069,19.90875448468265
29070,17.168857871429065
29071,16.13958632584216
29072,29.093722431076934
29073,36.97552290754281
29074,38.64663917396548
29075,36.600936952570024
29076,32.71196520509794
29077,37.42759136852803
29078,36.675465888780245
29079,47.405363915818015
29221,10.642220416884108
29222,20.967179745349068
29223,17.46533033248323
29224,10.706966335120123
29225,18.880133994722115
29226,15.404930052234585
29227,24.98076331992519
29228,34.04467162674281
29229,37.67967394100359
29230,38.2199896449061
29231,43.45635847229253
29232,48.609959805597896
29341,12.977185280703871
29342,15.32957451141285
29343,27.04254566777598
29344,15.152064256234391
29345,21.45784287278068
29346,17.303598521505283
29347,13.691995396145932
29348,33.78341354876366
29349,35.88992052390464
29350,37.14188071134178
29351,41.39737689973513
29352,35.06781623534743
29384,53.90274576671981
29385,44.74468229814191
29386,50.43667506283831
29387,56.92784710775864
29388,59.51044830575047
29389,65.63434297415303
29390,65.29069492288576
29391,62.4432880296756
29392,70.89341360225174
29393,58.241406364847265
29394,63.05092018667551
29395,68.98671223190945
29417,52.777484188928796
29418,55.00107332265763
29419,39.9464931207578
29420,47.699422105158334
29463,30.407497563609226
29464,38.2945779722305
29465,40.83808223068748
29466,42.386826773092444
29467,41.4128569966858
29468,50.265697498995515
29469,54.7236404075795
29470,51.99476517481367
29471,45.073327427710005
29472,49.36429532853203
29473,47.673232259574625
29474,48.24825192469034
29475,28.059998833505098
29476,29.093827423040295
29477,34.133718769786555
29478,31.68950162205315
29479,38.393487302129806
29480,39.77717054299672
29518,48.10940304683942
29519,48.42325319819099
29520,54.979759560689175
29521,51.8726262469773
29522,58.02262666213515
29523,49.708056164887495
29524,63.14979201763854
29525,60.15319115735762
29526,65.42745549417502
29527,67.48487015585741
29528,67.43669320618648
29529,70.1509101681493
29557,32.77367889124412
29558,36.23324822938895
29559,39.06451532205749
29560,39.52712069233756
29561,46.23669718178406
29574,19.17509318231187
29575,43.32601882134221
29576,37.88294969888513
29577,45.60075612141643
29619,51.900798268081374
29620,43.679723368818145
29621,52.33645508841605
29622,49.19393909428058
29623,41.15379441480999
29624,46.46699702690281
29625,36.090326640159645
29626,41.19642984348245
29627,46.849126195590806
29628,52.96020520743987
29629,51.803318614240894
29630,41.68530670828639
29635,24.66841080142493
29636,27.52304832189712
29637,20.183105003550235
29638,33.87266750084305
29639,24.54858246609257
29640,40.24243020011201
29641,35.41980463099816
29642,48.93101804181073
29643,48.38543940888734
29644,43.97210161196646
29645,45.89350380045298
29646,43.01125939878441
29687,51.028558938014264
29688,38.699126841115806
29689,47.846586463812606
29690,47.31571766984881
29691,56.35565847255536
29704,27.57758102370283
29705,30.786738503619503
29706,33.54542964967043
29707,30.882232395135524
29708,36.89388788572412
29709,38.58777690376412
29710,39.213307899941825
29711,45.524209458747556
29724,8.14297871860335
29725,14.696694068074205
29726,11.963946537602402
29727,16.314412222921767
29728,20.661109870921855
29729,24.926543830429317
29730,31.22330430485407
29731,36.67892248845176
29732,34.892969120668134
29733,42.916506287113776
29734,47.139750594688486
29735,48.85105855109864
29736,17.43573205270407
29737,29.095511591735853
29738,30.74933304045344
29739,18.73473271994308
29740,32.61557878072
29741,34.415283024098265
29742,33.2392600185273
29743,30.273179401601052
29744,38.6653858662905
29745,38.55397718279214
29746,53.224043579084295
29747,47.353212662779825
29796,26.201891107878758
29797,41.11068533516541
29798,46.83304956190719
29799,52.193005538966574
29800,58.30873621488378
29801,48.602781675079804
29802,48.095577790083645
29803,61.143248223125994
29804,58.963189157603985
29805,57.57450231566645
29806,58.96213042754152
29807,66.77550562047705
29817,3.425661488123158
29818,5.5245110181251675
29819,8.360411209745168
29820,10.854259668026716
29826,46.644465553182584
29827,38.40875659285059
29828,33.81025432488447
29829,51.61531286892627
29868,3.6528599524501844
29869,5.545361929515145
29870,6.074039140007652
29871,9.399753184166759
29913,26.102004915275103
29914,18.6686929198057
29915,23.765730647023805
29916,20.085168249286728
29917,39.691839522369825
29918,32.121125599444724
29919,52.80426380501327
29920,42.56170502522013
29921,42.40946592530873
29922,44.671955850231164
29923,51.01057543640719
29924,47.73706186370656
29998,29.502978797793492
29999,32.00902031472568
30000,33.15379594709254
30001,33.218524774515096
30028,7.788027800994916
30029,13.664505983760165
30030,18.49092889799527
30031,10.617387860049352
30056,3.4846241099538866
30057,9.038150882513957
30058,5.95310237594625
30059,14.154078240123214
30060,13.61858667376745
30061,10.703649288055427
30062,16.125948517915013
30063,21.867581714475126
30064,15.446967238038301
30065,30.329717568704122
30066,34.993140992242274
30145,29.16719145378854
30146,29.193012840955472
30147,40.90113637470929
30148,36.8414387977766
30149,33.34824088854692
30150,31.77536866790201
30151,41.234658069230434
30152,33.20783795826536
30153,68.01964016267222
30154,45.89870633957267
30240,24.21915311435398
30241,40.986987496449736
30242,27.570317855502626
30243,22.661973464159082
30244,31.602583473202067
30245,38.785817792207865
30246,35.805515812689976
30247,40.31845494833513
30248,39.68577166063897
30249,54.60091945194454
30250,51.57629892387786
30251,39.088976634270175
30252,18.722907133305124
30253,26.031884806996395
30254,32.056062514188376
30255,36.557509095391985
30256,37.85619140969653
30292,13.169918173239475
30293,14.760482663773166
30294,24.111016257355075
30295,20.145631851000832
30415,19.751540182756095
30416,23.98451992924569
30417,28.610770750679738
30418,34.883214017377256
30435,9.555686231173587
30436,19.317840096529256
30437,17.341001805331416
30438,19.89157084143143
30439,22.123547513444706
30440,32.373127607688915
30441,32.27383670357921
30442,30.4497165758888
30443,41.69141497558353
30444,35.069909685760685
30445,50.175326704252555
30446,38.35919419392774
30452,52.29136778467504
30453,57.44092532938512
30454,64.50094139817908
30455,62.788008043434935
30456,68.08515723532243
30457,63.69662023526308
30458,67.19032722589796
30476,2.5551232027545914
30477,4.942572105510912
30478,8.726063241407692
30479,9.253410958206638
30480,17.100804698975203
30481,11.236909332132765
30482,15.333974025949031
30483,18.575469432702644
30484,18.992139259092074
30485,16.15274146005668
30486,15.833747128714837
30487,23.570787056767372
30500,28.380889536174664
30501,44.54636587478582
30502,46.19753078483066
30503,35.68752383722078
30504,33.92594618447989
30505,35.53008440674578
30506,36.515962436241075
30507,52.0602002943279
30508,44.61865580249228
30509,52.229622386991956
30510,60.266418892012574
30511,55.10262146325856
30517,20.46749085837204
30518,27.832529960409392
30519,32.76992214441174
30520,51.333861937914754
30590,19.692008849165823
30591,44.894083842654865
30592,28.855178783559662
30593,47.37920118635534
30594,31.719735506695958
30595,34.564004570045036
30596,43.22862424556878
30597,44.36839103987542
30608,31.66883645759466
30609,39.83310885946303
30610,37.56262775980822
30611,47.44822909366673
30612,40.6399886089147
30613,47.94102011220553
30614,57.2767210087825
30615,63.32517238603073
30616,46.77491950286241
30617,57.64592389321765
30618,58.58572422775438
30619,63.21867829453461
30655,22.591551697697493
30656,30.96785811442521
30657,15.653973268308714
30658,49.63818497252143
30769,10.137070469717568
30770,16.31771928223688
30771,15.11865858586423
30772,8.606411680803017
30773,20.90175148493622
30774,28.304945771135152
30775,39.04487525786521
30776,39.97000222212176
30777,40.537004268323116
30778,44.98296336350262
30779,34.337909218176904
30858,4.0749583372300755
30859,7.634544336178056
30860,8.649799429840789
30861,6.732690314124895
30862,12.051342600313337
30863,13.592689796238085
30864,16.793258025189918
30865,14.806704080131077
30866,18.001837814862
30867,21.50140426192769
30868,36.910082195573764
30881,29.852547083075883
30882,33.417865278172535
30883,38.36654955296439
30884,34.084519695288854
30885,48.301655513728484
30886,50.35963474219599
30887,53.943122562610455
30888,57.94189003447799
30889,54.655740520522286
30890,55.634401543304946
30891,58.452920668274466
30892,64.85670166645454
30893,26.334723943075314
30894,29.578097014920278
30895,35.994365979329494
30896,36.85965413467037
30897,44.4780390130791
30898,49.96087597773735
30899,59.23112641382715
30900,52.51466565955639
30901,57.487785517872446
30902,49.61460264009738
30903,53.97522381589149
30904,54.07471923263909
30993,33.488424050700644
30994,27.37834244806883
30995,34.95011586125347
30996,33.081603965242664
30997,26.95578645990299
30998,43.87618421540804
30999,34.09621417012819
31000,46.885563276860104
31001,41.5839447355294
31002,49.43985016723051
31003,52.74825217591684
31004,54.63203278638459
31005,25.77074252169866
31006,44.90323910861579
31007,32.59485682424615
31008,33.40755531957177
31009,10.400560973526321
31010,5.34359036712481
31011,12.904185250886277
31012,17.182921826984593
31013,17.519009290009727
31014,20.649321345823857
31015,28.045320138978813
31016,28.711655527374763
31042,28.557169557359767
31043,31.554606297389384
31044,41.16443927497978
31045,41.71033115945222
31046,32.6339585271157
31047,40.82125712923682
31048,47.070119081433425
31049,49.174625734003044
31050,47.734491540679244
31051,52.04363381766898
31068,12.76035918559613
31069,24.050385179852405
31070,39.7506272389608
31071,29.585636864696674
31072,39.11083122868004
31073,46.0400678417015
31098,12.468806795248838
31099,16.324778687955934
31100,20.82924133776738
31101,17.405295831740755
31102,22.55159602809607
31103,34.32617973902335
31104,34.714105747121444
31113,33.02099767472335
31114,49.43200296231893
31115,44.654486423490404
31116,47.73661105167211
31117,19.293443453439174
31118,10.621734426741964
31119,20.025414026848118
31120,26.780457134031895
31181,7.841659970372546
31182,10.253605063589761
31183,17.692023148772417
31184,16.945625637139216
31185,15.050214913388157
31186,19.64494307247493
31215,16.57176978452321
31216,38.71598829450118
31217,40.009784773356216
31218,40.89269963521396
31219,42.92247523668288
31220,41.97896636935038
31419,25.730330061159382
31420,28.399823335401503
31421,32.85937213025162
31422,46.97560980826216
31443,30.000060926412196
31444,50.45178879258131
31445,36.66237148971938
31446,32.39305769242928
31447,33.97987951300099
31448,55.500431048744396
31449,55.96308046200384
31450,56.49456313354212
31451,55.4875843618879
31452,51.97246104822313
31453,53.538942554185454
31454,54.73414986669762
31483,51.182855959084655
31484,45.18463604245672
31485,44.47751873323304
31486,49.53445646278802
31487,48.87443727841808
31488,14.712457530557081
31489,24.512752483272923
31490,30.536332645769086
31491,35.201505822402375
31492,37.37487102262532
31493,51.06145383293905
31494,63.11680382003057
31495,51.258102187541056
31496,45.721711239751464
31497,54.38701663290491
31498,53.46853061596048
31499,37.8132399472491
31536,30.03032442060053
31537,41.297244464822406
31538,42.56750262744496
31539,51.95636986348821
31540,32.00305622886055
31541,58.29978938522564
31542,39.97562858660737
31543,49.62172019928735
31544,43.490126555144165
31545,51.567170668313175
31546,51.321904806663156
31547,55.48605604267653
31548,16.203666186728658
31549,28.413968186673035
31550,45.006181312609584
31551,32.77155661868564
31552,44.587717390882815
31565,32.29723086338773
31566,32.569286520854035
31567,43.997632868504994
31568,33.42648404688099
31569,39.455810744811124
31570,58.79113527315203
31599,18.786022827704816
31600,24.00747761044957
31601,32.280550761291146
31602,32.068240886356634
31603,39.37590866773424
31604,33.364091878167386
31605,36.747006137844664
31606,37.16010943842811
31607,41.57495621846562
31608,40.304069329730446
31609,41.91195653939157
31610,46.24889437299581
31627,21.258993972291485
31628,35.04106128050051
31629,32.86019885566628
31630,35.41673801400137
31631,42.078738376618766
31632,48.54676879580692
31633,53.04275773569569
31716,17.528593459899845
31717,35.48339154690224
31718,34.34965614228612
31719,27.519684549724786
31720,38.806680735111705
31733,4.893888260926472
31734,9.520073519881837
31735,14.792338067063834
31736,22.770098559824742
31786,10.556359756799372
31787,13.59979932374377
31788,14.419793865379075
31789,19.102599893498876
31832,50.64291960473584
31833,51.079955104524046
31834,54.70946481719857
31835,55.65288500277558
31836,53.22107744622691
31837,60.731402793953734
31838,61.534970082959056
31839,58.957300407885405
31840,63.05194226626526
31841,62.22385661541914
31888,28.22196901197602
31889,44.54926160074821
31890,45.50079278194017
31891,41.82284592744548
31892,34.89624923969103
31893,52.23798787074944
31894,50.69996879108195
31895,63.35674035643331
31993,35.239506388177176
31994,37.11693665491274
31995,50.11313241480264
31996,48.56713854763099
32014,24.101972147978117
32015,12.907015614449328
32016,21.088534170949384
32017,33.358152831241455
32018,31.220617006168673
32019,29.577984227933477
32020,34.445245616733665
32021,37.682559337720974
32022,31.834124416439632
32057,29.585468765067013
32058,21.173438522610127
32059,33.02756867624973
32060,31.629598528107564
32061,34.08569856848391
32062,29.852547083075883
32063,35.17593168802645
32064,30.25376574375856
32065,38.37174752424045
32066,56.396310901738204
32067,41.621686916986555
32068,38.539131559616585
32119,3.570704459251116
32120,5.373052094721546
32121,9.149280077462878
32122,13.38513746784693
32123,14.45081500356455
32124,18.16772864146056
32125,20.346766129797526
32126,20.34878013979069
32127,34.13897767519521
32213,33.20864439165308
32214,19.225014580614893
32215,33.199505041034286
32216,35.27742275499012
32217,32.873509708603486
32218,41.389624693526315
32231,12.706276807000421
32232,40.664197534987295
32233,37.74204653238273
32234,40.689393427922695
32235,48.21770067139411
32236,21.910163309981556
32237,28.597592705098037
32238,29.134765793181277
32239,36.39093345855109
32240,27.502065929036085
32241,49.258708659114625
32242,37.076860735715286
32243,31.587691787476302
32244,45.12606119241215
32245,48.40772793602741
32246,46.0112114863985
32247,55.754470951036396
32353,16.072009157543093
32354,13.947045148177027
32355,15.794316273989034
32356,13.789854941746452
32383,3.7146082555906212
32384,7.376191944991905
32385,8.416737217753209
32386,9.181374105018639
32449,10.520739963897364
32450,13.303051418943088
32451,11.52672756291236
32452,11.891621131213325
32453,8.980180876290245
32454,14.249007649837335
32455,21.780489598863014
32456,15.610954461507747
32457,14.746288136946447
32470,26.58448335584423
32471,41.802437105102015
32472,38.14812928624917
32473,39.21716186329372
32474,49.81685658718249
32475,51.58866896167258
32476,55.694172743525485
32477,67.22944952016138
32478,62.69291570969016
32479,56.43430522854476
32480,68.87087350953965
32527,39.12521058450016
32528,31.135766050081827
32529,35.00322979308118
32530,32.91133513093432
32608,9.437901793699895
32609,10.537465793098475
32610,16.98135876073592
32611,13.259095597679591
32627,9.874174550146707
32628,17.17429328693222
32629,37.18399000685759
32630,31.848952248929365
32713,22.555787469876037
32714,39.33640464489102
32715,30.155009146142778
32716,32.95350752814096
32717,35.42946144326374
32718,38.58000292332209
32719,38.35392922203626
32720,48.50153454434736
32721,44.43575891565877
32722,44.94173399162572
32723,50.00897060937558
32724,55.41232681716007
32725,22.656036315676154
32726,41.01597192935205
32727,29.13955279447988
32728,35.32837351065559
32729,39.56458403765646
32730,46.03686034563746
32731,34.40826421131742
32732,52.976253058963295
32733,55.27814602092763
32734,60.19040947511705
32735,51.41725184285886
32736,60.773194071976775
32741,12.576065143085295
32742,20.13826930903782
32743,18.10953037116981
32744,15.95960679166225
32745,40.42720044208768
32746,41.92368084904094
32855,29.321720065922005
32856,22.081889577809154
32857,24.49838290741936
32858,20.068338913050958
32859,37.26414856646078
32860,33.06221062015495
32871,3.4066173658341037
32872,5.915756858799858
32873,5.690813041626891
32874,8.324137929130309
32875,19.17919686352568
32876,12.80458355836299
32877,24.59288337638802
32878,14.804746076718612
32879,19.598384954527262
32880,34.46021034556421
32881,32.79900432420565
32882,36.61894791491891
32901,16.247688339198156
32902,18.26597270054862
32903,12.970557941753476
32904,15.333765515965268
32905,20.875228107418582
32906,31.70232740307163
32907,28.194622995282025
32908,39.8078453462417
32909,52.06278871260505
32929,42.67650888566999
32930,53.41400113058672
32931,48.170953519735015
32932,50.98548488283443
32933,39.71522775924723
32934,48.52905020590986
32935,55.17699883293422
32936,61.62153977148055
32937,45.41967927398807
32938,54.995576256749175
32977,3.111602054977253
32978,5.472666913138623
32979,6.143705903490946
32980,8.961844119915861
32981,8.991640262920324
33029,40.21624059360597
33030,29.75764479808106
33031,47.4547922203348
33032,42.35856217501384
33033,47.29860054394043
33034,47.08224579133154
33035,51.48307230944724
33036,52.92561121647263
33037,46.13052782411984
33038,45.449139016271765
33039,56.6109120372392
33040,49.343913813101814
33107,40.50497611153853
33108,42.580951559629675
33109,50.42122047998612
33110,51.023222438606965
33111,53.70112515484913
33112,50.24809764427734
33113,55.47547057787713
33114,49.93422854387078
33115,40.123520978563995
33116,58.70547290469178
33117,57.96102208785105
33118,61.394015250651556
33119,29.096630622119946
33120,35.3425310678898
33121,29.7124699141169
33122,40.200134949400685
33123,37.36166000420589
33124,35.49189682763246
33125,49.74913026813526
33126,47.252585462133
33127,38.95068463463731
33128,51.60487500625001
33129,43.656346442360494
33130,48.52440498202279
33135,30.011945958982718
33136,31.806444473663174
33137,32.71086249858215
33138,34.20189109057969
33139,34.660537676527696
33140,31.790762901771195
33141,42.76653501432387
33142,40.75014246634961
33143,49.35570659654828
33144,46.32598896218189
33157,32.1421435103202
33158,44.60276419670362
33159,34.795740099065064
33160,38.778740906094825
33161,40.95960436918936
33192,15.027341431586505
33193,15.775457295260344
33194,16.400330623864384
33195,21.77359402031491
33196,20.248321175741925
33197,15.350710562738705
33198,19.994260166172523
33199,42.40597794273769
33200,33.112963868236086
33201,38.16169855194043
33202,40.51778114184557
33203,53.16565536806965
33204,25.502359018289408
33205,30.684038463490204
33206,34.58988255323728
33207,29.56313141284083
33208,42.67577979748025
33209,38.807114732037
33210,35.53093802320625
33211,43.2442822022586
33212,39.09665951085891
33213,44.17907880420827
33214,44.547924217641686
33215,40.736300752910715
33228,15.59641355162406
33229,17.86319672787269
33230,16.793258025189918
33231,18.17548140034365
33232,14.700277457856114
33233,13.90958669912139
33254,18.332570076646476
33255,16.859015860597435
33256,34.71056153776394
33257,34.83529970351867
33258,3.501254447797004
33259,5.913714631120927
33260,7.798403307067609
33261,9.33961468837919
33262,16.977638140884952
33263,17.602773319530314
33264,18.195518022862828
33265,21.681386318118694
33266,16.193444019002502
33267,12.85307695032913
33268,20.060694322782577
33269,15.227468203215958
33270,35.70626628452936
33271,35.77675141897973
33272,33.20020933149302
33273,38.590482659864804
33274,17.388002018403473
33275,11.873175677898113
33276,26.808392445859454
33277,19.22825814100712
33278,36.139048990113515
33279,34.096061588783954
33280,28.900676363572675
33281,32.942000856796376
33336,39.24364457068146
33337,26.878421179431207
33338,35.56551800885236
33339,50.2368156009297
33483,7.582340125188212
33484,11.986441687545963
33485,11.800630650986237
33486,11.891524577934302
33487,15.439155760644026
33488,15.636725604226774
33489,23.04792298651125
33490,16.80140622734862
33491,33.604051933791965
33492,40.595377990794226
33493,32.87029282685302
33494,54.2982602200724
33495,33.99844399341323
33496,38.48303985185389
33497,54.61148412150734
33498,39.16750717461817
33499,55.52941700141213
33512,33.37482346159006
33513,30.334334226436944
33514,34.24642201849188
33515,33.73698513974417
33516,44.57390665098616
33517,41.186889802580076
33518,49.329354986185244
33519,48.56602132845289
33520,59.24531817348325
33521,49.178251822860524
33522,58.32318416569541
33523,50.50277198677825
33528,28.50828282505791
33529,36.48423163963696
33530,55.17566237359629
33531,49.05823552143149
33639,9.095610020171607
33640,13.370998504118981
33641,11.491252583551962
33642,19.532479015390933
33659,46.10631005557147
33660,40.463992602563934
33661,52.23537926527821
33662,57.45207946243393
33716,29.71133051041803
33717,40.701647661255194
33718,41.84107259771977
33719,41.126181691053105
33720,46.178533991977815
33721,37.14437261579362
33722,58.885492743820755
33723,49.74368116141758
33724,45.10255997904119
33725,53.3424149818779
33726,56.61462540648806
33727,56.64773799669954
33958,17.098403450989245
33959,15.179687770353357
33960,23.32263021772684
33961,22.490835948943037
33962,9.452657464652882
33984,10.42554737253633
33985,19.194047334097593
33986,18.45714777029783
33987,20.17447449457035
34035,3.72676687920701
34036,5.52911451467744
34037,6.157382611699616
34038,7.387582037783379
34039,13.045205637520898
34040,14.586552833445646
34041,15.958226240692118
34042,15.483088375164995
34043,15.734668740792491
34044,17.75918432296607
34045,22.934638476674145
34046,29.569579011323533
34047,49.171729476462026
34048,49.493304356556436
34049,57.64360547998432
34050,59.005259008454026
34051,60.52349308992946
34052,53.548866290454285
34053,54.99843672749654
34054,59.8944045945266
34055,60.768299879467584
34056,63.20401876834493
34057,67.17972772101386
34058,73.642540339309
34063,28.32763393052195
34064,32.44250740967641
34065,50.00164454437368
34066,48.79345816692528
34067,44.10499766926439
34084,14.937895944552862
34085,11.335329708527038
34086,16.904470776491827
34087,16.904470776491827
34088,20.852188362589946
34089,17.536969403287046
34090,35.29824235036876
34091,30.27507474540144
34092,47.20602029923962
34093,34.4896243210624
34094,47.04367291086004
34095,51.917284663993584
34108,29.507121738423578
34109,27.587875271702426
34110,35.1564093572035
34111,37.806074722176724
34112,50.70630022465158
34176,19.94825375031767
34177,18.364929420813233
34178,11.829239500480051
34179,32.93829710736718
34180,33.17016662421349
34181,41.20706183269354
34182,46.28125381388989
34183,39.61509934350137
34184,43.21551718808562
34282,20.753043430129633
34283,10.032878387380485
34284,21.207942425469636
34285,22.512746180163226
34334,3.631643150831031
34335,22.700931439549894
34336,20.395558234269068
34337,18.495234338492423
34427,41.52168695017766
34428,45.66552327086094
34429,46.08524660776935
34430,43.208313759915
34431,44.34856784968683
34432,48.24674672396724
34433,52.868885775666804
34434,20.622865760285446
34435,43.09080728279911
34436,41.16546099842399
34437,44.55393520496975
34486,24.143779499504603
34487,31.70518138215398
34488,39.52370736927337
34489,29.009216509431685
34490,37.137040244544885
34491,41.6419324536278
34492,47.176786674861546
34493,38.85237825635551
34494,40.67959047598416
34495,38.87537044265815
34496,47.07311935679402
34497,42.02599490085334
34538,3.6727660868273815
34539,5.416958753883249
34540,6.480283357006536
34541,13.406454624799407
34594,39.792626768015104
34595,40.21755799676839
34596,42.72158702806234
34597,48.07835927014528
34598,13.079696011186856
34599,5.708762741986518
34600,13.645161002765102
34601,18.127980598921276
34602,18.127980598921276
34603,20.205212548324447
34604,20.87206225307378
34605,15.68102531965102
34606,30.7836868402623
34607,33.14941964959133
34608,39.80743590063886
34609,43.66640238514336
34610,27.982672316572785
34611,25.28467025427714
34612,36.804142890741716
34613,40.162675292351466
34614,36.68180116736436
34615,39.51398682967296
34616,38.19734092783903
34617,12.269171079415209
34618,18.204218026644973
34619,19.80993308100699
34620,18.190038013829128
34621,35.714133314341744
34660,15.255390557071422
34661,15.25194929667791
34662,6.596193873768347
34663,14.471726068309021
34664,37.163485688933314
34665,36.80518649315629
34690,4.186171088531987
34691,11.013404131616708
34692,15.00906005274077
34693,12.896083552753284
34694,16.904470776491827
34695,13.628713126505804
34696,14.933870631706581
34697,19.9937077931627
34698,40.25292202103714
34699,41.38620545073503
34753,7.1531923863986835
34754,9.064741450191622
34755,26.021405137334437
34756,27.210163479960535
34757,11.987226231792713
34758,33.17970763793811
34759,38.940593519658314
34760,37.670524777575466
34761,46.64735617458262
34762,37.90468846706852
34763,42.819836592292695
34764,44.8361006175037
34806,12.783063436146774
34807,18.931057333768855
34808,22.016795981738156
34809,30.21634440779372
34810,38.972356683199735
34864,9.182634805690679
34865,30.243272691491573
34866,34.20519203101301
34867,36.335751417283426
34874,23.26332776338087
34875,24.49288725469755
34876,33.031186626185445
34877,40.79689261392989
34906,30.86930120612629
34907,21.273203096759605
34908,34.50119274101434
34909,36.04918196391767
34910,38.64843584662498
34911,38.193559887954194
34912,31.248301662454395
34913,43.26423724030974
34938,40.9970263414855
34939,38.08297200872815
34940,42.97964177188054
34941,55.69822948601174
34942,35.67559593072118
34949,19.343891676592534
34950,18.234977938198654
34951,31.856438450305234
34952,33.64015501387641
34953,32.79508610235149
34998,40.09354309989861
34999,33.023998305009776
35000,42.44375607973518
35001,31.152135311664676
35002,50.34438035050057
35078,42.424654456486834
35079,22.697183982830328
35080,34.02254630418304
35081,47.80653975767754
35111,11.961362378342695
35112,13.4893418661692
35113,18.918659575559445
35114,36.8871569015623
35115,30.47789802413227
35116,30.360320043949756
35117,47.32451471168241
35118,39.345208096480796
35119,44.57421496170311
35120,41.657124771847975
35121,47.58411883310357
35122,59.21920200635189
35177,30.784139595834507
35178,35.71892132887264
35179,34.571561788453444
35180,35.974505897242395
35181,51.24634499983977
35207,23.82572004008713
35208,24.96767601618998
35209,33.743537062546935
35210,30.625076553368924
35211,33.28285312623052
35212,34.705589377682635
35213,42.93428576325632
35214,52.17555435100336
35215,43.332219753874405
35216,50.91965657609958
35217,41.664603063973
35218,50.235583106244356
35277,40.77644630504996
35278,45.67956225313093
35279,39.57037192959121
35280,52.670802307211325
35281,43.583413370035025
35282,51.94216508075749
35283,54.13086393190769
35284,54.640837549479066
35285,65.71505286490441
35286,45.11980098709162
35287,37.89058461019935
35288,38.54780846230033
35289,40.793792960011366
35389,24.306504868522435
35390,25.13315603707673
35391,32.626920779906385
35392,42.75543020395234
35393,38.64011825261409
35394,31.866888692174008
35395,40.82841610711372
35396,41.69376959408911
35397,41.74986345352985
35398,50.60028760398008
35399,54.42030814261328
35400,49.3715600224017
35401,28.81105236787204
35402,32.20142448012437
35403,36.90066691586622
35404,33.64832828335661
35405,47.438837480550305
35406,45.32196528534164
35407,40.40757787145769
35408,52.857030446829285
35409,56.876187226881704
35410,47.53558815645878
35411,55.67408138061388
35412,50.51645266964271
35438,17.605443620758976
35439,32.94959143207014
35440,50.577432216781666
35441,35.708037072040916
35442,41.14563605983347
35443,37.778736887946145
35444,39.30173348953634
35445,43.67659756585318
35446,40.696766634248085
35447,58.448279438108074
35448,55.26503077829291
35545,61.382697896686764
35546,51.300261387666644
35547,52.823709702916965
35548,51.60043326839686
35549,52.855089431077715
35550,61.59639651763611
35551,60.23242860456919
35552,61.26081910659642
35553,62.552361769106945
35554,65.32383938965528
35555,58.6669237308903
35556,65.71737821354802
35557,21.885067771963595
35558,44.643421518109065
35559,33.16454272699706
35560,39.58998262736918
35614,35.40645630843791
35615,54.634707027504746
35616,35.06893673834995
35617,37.918362736436386
35618,41.10183129112743
35619,47.17221236119834
35620,38.62329670686939
35621,19.70724787714175
35622,14.166035930176008
35623,36.77391204687451
35624,24.27581894445885
35625,21.757795877701923
35626,36.472716969615846
35627,39.29099099182783
35628,34.9410050609713
35629,44.062947937917585
35630,31.627133532224477
35631,42.2856089588757
35632,45.963046114366904
35676,56.80544132728219
35677,47.3921203281467
35678,56.0192110499119
35679,51.068096733531455
35680,48.31720622862976
35681,50.651271045003334
35682,59.44634901518078
35683,59.93519152650202
35684,55.80103649653623
35685,59.74586314893903
35686,56.41878756940542
35687,66.8289242047471
35706,23.71899212022534
35707,24.00364433389365
35708,30.589361788198662
35709,26.81985616649183
35710,14.532004481629706
35711,18.224213112074203
35712,31.519957249712814
35713,31.087745948595114
35714,33.26966584015186
35715,30.34630312924914
35716,39.63462307403942
35717,43.94755501136165
35718,22.249975746796398
35719,34.749131705564764
35720,36.16645253413682
35721,38.93803206803808
35727,16.95104757320728
35728,27.52512753660391
35729,24.356106736246886
35730,32.48702247362429
35731,35.11357215449207
35732,41.8818508484174
35733,33.255772963799885
35734,39.415753305278685
35735,41.34032127602034
35736,43.75154065681501
35737,45.99590894234127
35738,42.064120117027144
35745,17.02740471070799
35746,15.906324794458092
35747,16.378390980992872
35748,12.730580571235816
35749,13.15430375592274
35824,19.64910205757673
35825,20.468912836823574
35826,9.969125659879033
35827,13.286223434447292
35902,3.684683381720643
35903,13.001423154068508
35904,15.699018421133617
35905,20.467372240533592
35922,19.1593342411626
35923,20.474195497256822
35924,28.292445954061215
35925,35.68795360117061
35926,30.941209861126623
35927,36.80905606763438
35928,38.02596502697967
35929,35.91894731069527
35930,45.07091672293187
35931,41.041925293424555
35932,37.90897820706496
35933,47.10478587753318
35974,14.281730112337177
35975,22.115296369439847
35976,23.67034548631114
35977,15.526163009077708
35978,36.88742151383463
35979,32.881308319436606
35980,44.513220895223505
35981,39.34883669295154
35982,53.89638850032189
35983,43.96108273043336
35984,41.689330189663586
35985,45.2208373680344
35986,4.808260216539683
35987,19.59899630042692
35988,30.475436719982838
35989,35.6599836839696
35990,40.462050253983385
36068,14.893371124571859
36069,30.3908268432874
36070,34.89562766107613
36071,39.94163714661771
36120,36.443466728596306
36121,36.77190156295995
36122,52.65572647337613
36123,32.613402900632714
36124,57.66238516188645
36137,20.09963034944054
36138,25.616370725249165
36139,17.4005106602945
36140,38.06402392082445
36141,42.9170380962439
36142,39.181662015220226
36143,40.20204402540476
36144,37.03281359592577
36145,49.034900122016865
36146,53.269694066846654
36147,38.313281100388075
36148,61.26045579812803
36192,45.25921850831687
36193,42.329413014635705
36194,42.519628019413496
36195,50.29094836788402
36196,48.53029840920248
36197,55.31289370428406
36198,54.94492244893608
36199,56.32148213370297
36200,67.8556867359986
36201,70.8550409704436
36202,68.81827460718348
36220,26.451552640359907
36221,29.505718284751847
36222,28.867772399661977
36223,40.64656174572698
36224,36.50444732816057
36225,31.724060031810957
36226,51.12029051460486
36227,38.827236071197945
36228,44.024280041651316
36229,57.48509539902974
36230,53.09295010596357
36231,49.44716064101471
36245,43.16265037671675
36246,42.37892645210168
36247,38.51542081403985
36248,43.12875997621123
36249,40.36875331137281
36250,46.61817628860434
36251,52.28641111668401
36252,43.84663578338113
36253,44.60013527567464
36254,39.499727389539494
36255,29.569933567864126
36256,33.607680286624365
36257,35.3873426201992
36258,37.651180984518895
36259,38.47676114683816
36260,32.675708721145256
36261,32.8347252598716
36262,39.67211754487169
36263,44.066612224552124
36264,42.89677690942899
36289,3.502254141462896
36290,5.472666913138623
36291,6.054519591059538
36292,8.06711905101615
36293,10.141028252167889
36294,12.190919410534356
36295,17.184477597736112
36296,13.681016868989893
36297,15.993339104183876
36298,15.993339104183876
36318,25.949559244056537
36319,27.816817651546852
36320,31.010172189370355
36321,39.249550492250115
36322,33.55102816421746
36323,32.55326351799953
36324,47.651385472674086
36325,46.31830793482687
36326,45.891982315357865
36327,48.64154273132517
36328,37.157027686967176
36329,54.14989394462674
36330,56.10209145855227
36331,54.00023302260244
36332,62.054774873404014
36333,54.732837754287566
36343,21.130638434504803
36344,22.56411928261729
36345,30.10415848507199
36346,32.753236905789116
36347,36.11731664683261
36348,28.260526525126163
36349,30.207430015547185
36350,39.963480054705286
36351,48.3115986227919
36352,45.07538143383665
36353,40.80381420613916
36354,36.87225523310502
36367,9.074009143590395
36368,29.08544403621678
36369,21.140573466529695
36370,18.49588743066005
36371,22.51563195061217
36372,38.262628038366216
36373,32.625142599919485
36374,49.032610936328716
36375,38.27200138446178
36441,21.103735741185115
36442,40.81307111369171
36443,46.165204788725816
36444,40.70213086375594
36445,42.18512726735566
36446,54.32705697112438
36447,46.531052565461465
36448,59.04175782275473
36449,55.70161157872997
36450,71.98656511712022
36451,59.07589542522693
36452,52.358514689267366
36453,13.026696058027744
36454,28.945603676396612
36455,34.87001860720813
36456,42.50002593694593
36457,33.81716748879379
36458,50.26383984399325
36459,43.48041266808678
36460,57.99987280060454
36461,51.74285163535712
36462,58.29564767502238
36463,59.13636827151958
36464,58.45641911198398
36523,3.7077765423366382
36524,8.551474887108846
36525,10.537682276583148
36526,20.184481698933677
36601,21.27762006486024
36602,33.826274064396515
36603,11.680336641093325
36604,36.71853927274311
36605,42.200986821223964
36606,36.38742692802667
36607,42.551026749947916
36608,35.09662652330395
36609,39.78978329116641
36610,45.304639586294286
36611,37.02205717853527
36612,42.29968555222329
36618,35.55000942139364
36619,30.47465281485954
36620,35.84303138099038
36621,41.469008194701594
36637,38.14150144980209
36638,31.12160797153856
36639,52.05933150423624
36640,45.48410882017541
36641,35.81694752920261
36642,64.39590970553247
36643,42.19842225356694
36644,51.3725665197375
36645,52.638428341105
36646,58.65051801471417
36647,7.414086071355299
36648,12.305772188879711
36649,11.147105503865598
36650,15.916360261180722
36651,18.457123050803975
36652,20.4905459795955
36653,22.911972532401247
36658,50.376230752263865
36659,38.40251213550724
36660,46.73464306431252
36661,46.49753731292561
36662,46.67769117643227
36680,35.83298299440013
36681,38.79881291922877
36682,34.29175447459646
36683,51.36945444428481
36714,19.918386595178095
36715,15.274056944361272
36716,23.591494432336134
36717,31.1554156164984
36734,38.99185604856088
36735,52.09411153318667
36736,49.743776228306096
36737,49.283673233807605
36738,52.364381307787276
36739,51.748237768269234
36740,55.65205661296781
36741,60.34810661064603
36742,53.91571636946128
36743,52.56038456989031
36744,63.13375251433156
36808,29.39656318649557
36809,38.86216899729559
36810,27.81873865800173
36811,38.050263716780435
36852,22.051545692403643
36853,29.927847611785676
36854,25.169696289271606
36855,37.18431627875609
36856,34.45277184661741
36878,11.74354683050248
36879,5.505569515527036
36880,11.411473070032676
36881,20.72295354534703
36882,17.167682799008666
36883,26.08537574062827
36884,26.214021473574622
36885,21.628951130477855
36886,33.17930358609198
36887,33.01221295818787
36888,35.430879626598895
36889,37.28552777722891
36890,33.226679197369755
36891,52.98175458896701
36892,34.95417699718464
36893,47.981528289739714
36894,48.040091451139226
36951,29.615931681868652
36952,30.819926439557964
36953,31.4974371279204
36954,36.18518293691624
36955,33.01827070513702
36956,53.3090529115418
36957,42.15887950359361
36958,37.56575305149184
36959,42.971028228787816
36960,39.00115222877913
36961,49.65272431082454
36962,41.36788748915329
36975,29.2291521828744
36976,52.82344888274641
36977,45.61924739399601
36978,54.26075000514783
37010,4.27876621123717
37011,10.266099204088654
37012,10.470020853078383
37013,6.96071729012833
37014,13.75648601315232
37015,18.87920573119448
37016,18.330224667868244
37017,15.193796325738564
37018,40.17080781550512
37019,32.89485384944053
37020,31.331739119212088
37021,41.82434928205018
37022,47.251532576563044
37023,52.92253545076377
37024,34.96389180845596
37025,39.26696606552078
37026,49.129644019669065
37027,48.2117227543156
37028,50.83303209219879
37029,62.82933038761593
37030,62.164586616054514
37031,55.261575863919965
37032,56.79051405943538
37033,63.9793952614351
37034,30.320095615843947
37035,22.69958937379887
37036,25.651456410106665
37037,15.69974587806291
37038,33.28136564143424
37039,33.40658260066409
37040,32.231324437487295
37041,25.711275948884666
37042,9.228655173337334
37043,18.28084885773386
37044,15.658123381021353
37045,35.10511238431953
37046,32.785639173749104
37047,34.96763615479439
37048,34.37726729128111
37049,38.109095664789486
37050,47.67925867662583
37051,46.65092040234217
37052,38.246140106042155
37053,40.21624059360597
37054,30.699490367099706
37055,45.70592164030529
37056,41.4993501836881
37057,58.80302523067483
37058,50.52609855297383
37059,58.59501955570297
37060,50.046877417585364
37061,61.913068636302306
37074,28.78839425526909
37075,39.727039356889655
37076,22.124902757331043
37077,22.371661440646367
37078,34.81288007240753
37079,34.338617805020114
37080,34.359024774728354
37153,20.85587718979017
37154,31.025051861696333
37155,25.086827551836997
37156,39.9958851819812
37157,42.00881987575892
37158,38.98050004327946
37159,38.23405411771659
37160,39.737144805607684
37161,40.14607850412992
37249,20.871200857563736
37250,31.027016189401927
37251,23.277791791588708
37252,30.47672485703183
37253,35.247750075783685
37254,46.09068811057031
37255,39.18065237743051
37256,35.82714936783779
37257,52.610434498010676
37258,40.439905738333806
37259,35.68350949134391
37260,45.00395269875845
37261,7.208342812099383
37262,17.7751489635291
37263,15.408187797754225
37264,16.193444019002502
37265,12.352047829362402
37266,14.286897266105592
37267,29.8601285355756
37268,34.506384152114315
37269,34.14304489954845
37270,38.201289290327196
37271,47.23454678379587
37272,40.633198439409576
37308,32.54368319617438
37309,41.07087216300892
37310,45.270336512739455
37311,38.44895189784349
37398,34.33980288452259
37399,33.28946847941694
37400,47.36611596483866
37401,40.44030356758837
37430,19.842872132677062
37431,29.14921645365437
37432,27.038502111984396
37433,40.29771953570712
37434,33.92049226451085
37435,40.64299310824632
37436,38.45753765068401
37437,37.788915706837635
37438,31.710912737969455
37439,52.93207912299651
37440,46.45960584805549
37489,29.852547083075883
37490,51.706782308453775
37491,43.901239460548055
37492,42.448345123173624
37493,41.96432619581698
37494,48.1157535728283
37495,51.12960195123724
37555,18.054382087675375
37556,17.441328010628997
37557,13.42524652143693
37558,21.7853331053634
37559,8.696562897505846
37560,23.678836600961475
37561,33.790294859052295
37562,37.835626363833704
37563,38.60853626104984
37564,54.75978028216411
37577,29.324104786142094
37578,28.57607455993682
37579,36.374058622160774
37580,36.23422267856749
37581,43.730130024243735
37653,12.092039996520052
37654,28.309488374418606
37655,31.21162560344512
37656,34.92086834661006
37657,32.611058619642925
37658,31.476239509405897
37659,57.81425613074562
37660,50.19340286584529
37699,41.226540747868036
37700,45.75730993844363
37701,41.37433167439349
37702,38.82899168127135
37703,52.23727880024124
37704,45.26835168642301
37705,46.67033118855008
37706,50.78227755874345
37707,55.83988789169434
37708,51.63668626091711
37709,56.21323642277321
37710,59.43334378862806
37756,42.68390891568886
37757,50.58495062854359
37758,39.266778812979325
37759,52.301773622507895
37760,46.92322652742901
37761,52.88549442338304
37762,46.70223656107056
37767,21.83255361914966
37768,29.91183444595489
37769,42.31812055231905
37770,48.42254421098543
37771,41.41519693784353
37772,43.421950625404854
37773,53.202467728493666
37774,39.40064666877952
37775,53.36776472998612
37776,57.65645377119801
37777,54.376398298675554
37778,66.16405395759077
37816,13.872742054371654
37817,17.683613484348648
37818,24.11845255956662
37819,26.9086821062997
37862,21.277764499779686
37863,27.742087531525943
37864,14.4838150070056
37865,17.500100713143098
37960,23.425882980087056
37961,27.11657655426453
37962,17.952993030582572
37963,37.75029634270915
37964,37.06699720583128
37965,32.14331364034133
37966,37.44148467502206
37967,38.43366372573013
37968,55.96507382266382
37969,53.62421322286139
37970,54.69111315100366
37971,40.96536062351135
37994,30.486615616915675
37995,34.40615795771642
37996,37.179037695854376
37997,57.43244895013613
37998,57.33298545724662
38021,29.496305453143275
38022,33.87746250789323
38023,24.777593065419993
38024,37.02595345563502
38025,38.29993089514794
38026,45.84673724697889
38027,39.469882469468295
38028,43.19639692110943
38029,49.1463287423783
38030,51.42264897468923
38109,28.94181157042844
38110,21.318453589016343
38111,31.238772338813593
38112,38.43867338846856
38170,29.410020789787957
38171,28.926671323487586
38172,32.621063650844526
38173,29.113776621063415
38174,39.47272313453656
38175,42.51283133969243
38176,47.085277449354805
38177,32.328470973454394
38178,48.01246202030344
38179,43.23719328691725
38180,50.29666840990302
38181,52.96650159273203
38197,30.287746525078028
38198,33.35494939969816
38199,33.00103882761694
38200,45.95556255749552
38201,45.810320773247405
38202,42.42942100332903
38203,30.156710684068628
38204,58.76981055472529
38205,64.74965377948728
38206,37.24700340381595
38207,50.6705949001941
38208,53.67556050996826
38209,54.84436256666849
38210,55.267559419771246
38211,61.18500149736828
38212,56.821764881116536
38213,73.13260684424283
38214,66.24055723828589
38215,43.310302555367166
38216,41.87670205860758
38217,56.13076264375636
38218,65.34904793136633
38239,9.279048323785444
38240,15.663299691653341
38241,36.42070595993803
38242,34.948577152553895
38243,30.436629297846174
38244,34.535725377878705
38295,3.452605361662632
38296,27.331622678685832
38297,29.051490973259657
38298,31.592259945345617
38299,33.70900154037156
38300,32.84528693808014
38301,40.76184755867111
38302,32.01756786940972
38303,38.46734118451073
38304,39.031858051064226
38305,41.885218296618945
38306,40.002468946365234
38307,59.14151576579297
38308,68.91819672182096
38309,63.06448778262034
38310,61.33208696583741
38311,64.41024595734572
38312,19.39279939332227
38313,22.35530798185127
38314,13.881966065777378
38315,19.679127309750246
38316,22.068331704828267
38317,18.510781648803963
38318,39.02644253906134
38319,34.34756747577537
38320,30.968063546136932
38321,39.37015412394587
38322,36.17750519491565
38323,39.62321109657758
38324,28.446752877832164
38325,30.767209142409833
38326,42.61354088084483
38327,36.37104786531767
38328,41.08620334868225
38329,50.59146446246679
38330,40.717510757864716
38435,30.901183276970507
38436,27.82623938256605
38437,32.47657603877679
38438,33.587611893246375
38439,34.60938140243256
38440,38.87532799667672
38441,37.695851022979994
38442,41.43049700980797
38443,41.19266507181519
38444,45.46348685240613
38445,53.014370796649786
38446,42.68139320080711
38447,37.40078822774955
38448,28.813141875426258
38449,32.82953179789615
38450,36.38218756926583
38451,34.68915839344134
38615,15.800349655989057
38616,38.52316495773913
38617,35.5959785022806
38618,35.78117294537052
38619,30.52156767903426
38620,38.16390926123516
38621,42.81515092064355
38622,39.179779850384676
38623,43.17720515607024
38624,44.352353970359324
38625,54.60360032938128
38626,46.98624770371093
38627,18.663367415624272
38628,29.96046911733153
38629,33.058472360358266
38630,35.29948726742479
38631,19.736388067888843
38632,10.372351009102287
38633,33.32372075974591
38634,40.83275888840789
38786,32.65657629959209
38787,50.033587612806336
38788,52.43778576700942
38789,56.75235580683601
38790,54.92430224909847
38853,25.67551172106321
38854,41.026363382126554
38855,32.91563501323399
38856,44.3545324287337
38857,53.542959366093264
38858,42.29025430219315
38859,48.90530456780885
38860,54.48811832053427
38861,49.91489159200524
38862,52.81341604738028
38863,54.58413040229004
38864,60.51676549722071
38869,34.37456105918557
38870,37.58506025192626
38871,44.536787640673325
38872,43.61187005529613
38916,36.15628965217287
38917,29.948477901998395
38918,35.708124765781825
38919,32.39159619731551
38920,35.93286239238425
38921,39.36945222133
38922,32.36914145566734
38923,44.37742971040758
38924,36.017564444432125
38925,48.92677524394962
38926,40.14115260845509
38927,36.01051853987784
38936,39.23410046713894
38937,40.88822783403514
38938,40.81108384219747
38939,51.44031456784946
38969,21.15708597174345
38970,17.251205638383812
38971,18.055711323909982
38972,33.080312919613434
38973,30.71229516038081
38974,29.11718710107802
38975,36.6016560041519
38976,30.690129416381755
38977,34.99665872087691
38990,7.897067278650532
38991,13.135754854429084
38992,16.93038660916329
38993,17.890287254310856
38994,23.133818036682346
39004,45.69599041739448
39005,34.24158071540747
39006,41.50395962240146
39007,38.78557871409594
39008,49.320872290515275
39009,43.59596757213231
39010,62.07967807921528
39011,53.105727908267184
39012,59.96931233282619
39013,56.84254592329056
39014,37.92276508279853
39015,60.913873934364034
39040,17.08858136100429
39041,24.90046086919715
39042,34.40391341277966
39043,37.93443802752952
39089,27.72665388411893
39090,40.97929815337298
39091,52.96481868892298
39092,47.76584377765705
39222,11.083486408181676
39223,21.362262979845376
39224,34.47302346885427
39225,37.70707518236196
39226,45.36032220524681
39227,36.84267634692253
39228,54.78955265317965
39229,36.20574205206933
39230,42.22592848922745
39231,48.20166547951645
39232,39.28974320128343
39233,57.7726910098597
39252,19.758760087510908
39253,39.60004239675911
39254,41.009760824053146
39255,17.529488332817596
39256,39.20345296523152
39257,52.65371954997473
39281,9.47291766574612
39282,20.678332439175094
39283,21.437921769655837
39284,22.040778948017234
39285,22.0355228388678
39313,19.121395414812845
39314,17.602773319530314
39315,13.527066687211429
39316,35.893916842275424
39338,33.106498427911205
39339,31.091417640498573
39340,8.077685061392764
39341,38.322957114052464
39342,32.610241407641
39343,45.854141743082444
39344,42.40992557907213
39345,33.92407435086959
39346,42.797348217863636
39347,56.16013568301594
39348,50.61845162191558
39349,62.15140490229538
39408,19.82399158310267
39409,30.07409927227718
39410,31.136740493400186
39411,32.05501424763642
39412,37.667997959819424
39413,35.550032567142914
39414,48.587200393892694
39415,44.92135108311912
39416,45.353556478272814
39417,52.3127904492016
39418,49.47474229561896
39423,21.154770669497196
39424,27.364357389257
39425,33.03438365452187
39426,33.91175414498402
39427,34.05823093639963
39428,40.6680145916462
39429,43.21299865378887
39430,37.188046274592004
39431,32.100831163785884
39436,31.391758655180208
39437,22.924785610678683
39438,29.42240840442433
39439,48.580890379939476
39440,40.8985557096637
39441,41.39387192455985
39442,46.67506425455431
39443,54.74140338399474
39444,38.44821074502693
39445,55.290553126173926
39474,7.885403613306775
39475,16.202618326113164
39476,22.300338699859772
39477,33.947673079775036
39478,15.973785251124278
39479,22.545817284383702
39480,22.231301897855612
39481,32.835323637194534
39482,33.56106947871454
39483,31.542540176553462
39484,44.271460728993794
39485,29.58954897908775
39486,51.4535151749487
39487,57.281423063266395
39488,41.6254514252668
39489,53.91644192013055
39522,44.81675587689953
39523,39.08943294234013
39524,41.485266581918886
39525,50.00470654178604
39537,15.870951491463728
39538,14.051730117483016
39539,32.70158403442872
39540,31.956454117042863
39541,37.817833433567245
39542,42.539036383225884
39543,40.577840432314254
39544,51.120584486162805
39557,27.244141618729603
39558,29.41111925641336
39559,31.058258800503904
39560,32.350432503404676
39561,38.07855549008224
39562,35.23009174467849
39563,37.53698655291985
39564,52.1183128220145
39565,48.240166905076
39598,26.49685276672466
39599,29.860479092702615
39600,30.79510347468309
39601,44.96116363209459
39634,14.586822821725884
39635,17.361615379841712
39636,15.779672176786015
39637,15.20213984828194
39638,20.84990034479762
39639,18.233752972121994
39640,13.555075983570164
39641,50.046724366614534
39642,48.93425713201529
39643,33.44468082383521
39644,57.06794862469952
39645,39.59908977716862
39708,42.6130179543292
39709,45.4450030301799
39710,50.369042917867574
39711,53.06451303730832
39724,32.32347107900872
39725,32.138150949329216
39726,38.82534794446003
39727,39.58303459959453
39728,40.94419399183678
39729,35.68102989964783
39730,52.30855999445205
39731,54.677704441450466
39732,56.589479638341295
39773,39.472948174342314
39774,30.502917754894685
39775,29.583515685732028
39776,35.57721787713544
39777,50.60370958196758
39778,39.02549134542867
39779,29.9237357087937
39780,10.052002792028443
39781,11.474374001583385
39782,19.89157084143143
39783,31.84442863497542
39784,34.87635424272455
39785,46.42992913539274
39786,42.441846923982816
39787,37.15424675820937
39788,53.59185723081091
39789,51.7886453948852
39790,60.63826316508069
39803,25.091595025158014
39804,40.34682248394922
39805,64.62791117640961
39806,42.333714730870994
39807,42.54494753867602
39808,52.899758968481116
39809,53.851364474060865
39810,51.20308850420128
39811,57.10516562764973
39812,60.62133264794703
39813,55.27387198523629
39814,59.1089025966074
39815,66.2363798187172
39816,66.14488486848678
39817,75.53981428401592
39818,70.65283761002136
39819,67.9777935415032
39860,31.64653891253075
39861,40.013471034088205
39862,26.524470019325364
39863,33.62308761207959
39864,32.93397254006979
39865,43.77736124166356
39894,31.56488312504661
39895,30.140884656940138
39896,30.942841422043884
39897,28.87445597234297
39936,16.037429411903783
39937,15.858370295607264
39938,21.312567215909546
39939,11.70039005528789
39940,18.17424411715891
39941,19.89157084143143
39942,14.45733047926289
39943,19.878726621303457
39944,30.472573716364995
39945,31.700573914724007
39946,36.11870252939759
39947,46.83844495206642
39960,3.7155016560717002
39961,32.48388079073431
39962,36.74582404967839
39963,49.46689774381477
39964,31.231349402676813
40034,29.884038652961458
40035,41.32683833807893
40036,43.37181405579551
40037,40.94497003018767
40038,48.85247101691592
40095,32.81706717519702
40096,43.47113935576811
40097,38.29505016529801
40098,46.248164433775834
40099,38.48829710084247
40100,36.97481799568313
40101,43.532643366450294
40131,11.776131089188906
40132,13.366695579722595
40133,16.340212131304174
40134,18.17424411715891
40135,12.079779941319549
40136,14.331776215264801
40137,18.17424411715891
40138,39.30018320761237
40206,9.288294233669312
40207,13.432213864478827
40208,14.406434194250146
40209,6.939288919689159
40210,11.020865273065318
40228,11.264061371062576
40229,15.538676836524239
40230,17.303598521505283
40231,17.303598521505283
40232,17.258927214423068
40233,33.039833850930904
40234,34.11108184513168
40235,38.99433564853423
40236,36.29502581133973
40237,41.06790398366542
40238,39.657868900377686
40239,45.64566205001208
40252,25.10748047878969
40253,14.160296238010833
40254,25.941614426669375
40255,43.21406929901145
40256,42.43478251496151
40257,48.77668500202938
40327,18.821414020989597
40328,33.01288465400809
40329,39.277185505169726
40330,42.34783824687222
40331,44.9479038471174
40332,50.579116797435155
40333,42.85297190932971
40334,42.938397759150945
40335,52.20156999903529
40336,56.31302024036453
40337,59.57662700222196
40338,68.02725923260836
40394,28.744787189562985
40395,32.71174815715225
40396,29.422603986618032
40397,35.857680118178756
40414,44.807531865950864
40415,45.709114535941026
40416,57.42598783441473
40417,49.43247498867922
40418,44.6510099179498
40419,59.007947773395706
40420,14.614917481976626
40421,16.03366723978977
40422,20.29584621149134
40423,18.17424411715891
40466,27.522891202919194
40467,29.8289872744976
40468,30.456683392161466
40469,29.210043911113548
40470,45.27660198884968
40471,33.249574592792776
40472,37.397563057526774
40473,48.484444539823315
40474,48.47759658842584
40475,33.90299977961811
40476,51.115971292820255
40481,39.86473029020719
40482,31.574913606290274
40483,30.672233483060726
40484,36.601966307085384
40485,41.76836649381801
40486,47.65943555174514
40487,45.61953945440699
40488,48.236525285889904
40489,58.49279906456407
40490,65.20045389929707
40491,58.43900409740739
40492,57.49267672908108
40493,26.995378277511257
40494,43.154053316494114
40495,32.89195202528964
40496,53.38793846041413
40497,51.19696963324686
40556,40.49554593011348
40557,38.062717803729676
40558,44.73339854254685
40559,42.01880779473009
40560,51.40102540099467
40561,52.20697079022114
40562,46.12435052540425
40563,46.9102767782599
40564,54.21349361199583
40565,64.73040470457592
40566,56.27435029613396
40567,58.80697870764926
40613,25.48711999031348
40614,34.07285882544737
40615,33.90668339850047
40616,38.10184632486879
40629,9.377725074385086
40630,15.663299691653341
40631,23.133450298299564
40632,23.073331702133714
40633,22.783566971749845
40634,18.994045972071767
40635,37.470079951508346
40636,39.769914804630695
40637,40.45399706002199
40638,38.37910837888418
40639,43.187558850783745
40740,12.852387197932268
40741,11.97747998326156
40742,19.04704135305777
40743,19.04704135305777
40744,14.46424974895221
40745,17.02110603845582
40746,34.219367910836766
40747,41.67951224411165
40748,37.595679883393416
40749,35.0070331816748
40766,50.267440021035156
40767,45.63920157964554
40768,43.01144812025946
40769,53.990596758459695
40770,42.35992934971076
40771,32.55796933065794
40772,38.70726614394591
40773,33.65024322373131
40774,55.45154721882343
40775,42.808070846976406
40776,60.37800393925269
40777,55.42181984271507
40778,56.210717616509385
40779,44.416049880901475
40780,56.949587164590824
40781,62.42990178933666
40837,16.037429411903783
40838,24.00364433389365
40839,31.84895358469019
40840,25.225154262958867
40841,32.16289187377331
40863,13.27275193290002
40864,11.944826533991
40865,14.278739531915019
40866,18.09147555173144
40891,21.310642887704958
40892,10.15060829538408
40893,17.342323434093977
40894,18.58573148776912
40903,30.681143458471993
40904,37.08939216702791
40905,36.46307377405448
40906,29.436956667572062
40925,3.5663651033322528
40926,14.161492043787495
40927,15.706765739181169
40928,13.94422333468302
40963,24.67354594525264
40964,39.91853226759427
40965,31.63072509161188
40966,36.744184623700924
40967,27.701634839638597
40968,41.351525417596626
40969,43.77542247945661
40970,41.405294848639834
40971,49.12269091300756
40972,44.888692254962855
40973,47.434685325812104
40974,59.95145996403735
41003,20.954101096209005
41004,33.77768189284524
41005,32.575303249112416
41006,32.842291260817944
41079,38.87338058541865
41080,45.36979957330434
41081,36.209637597680334
41082,38.12807555905387
41083,42.93183766509853
41084,52.07174015481235
41101,28.439049705570966
41102,29.717935705962823
41103,34.11186289300799
41104,34.69821833703242
41105,35.17830160988295
41106,31.87788844113478
41107,50.118374377086305
41108,38.870886526459586
41109,51.591256049990484
41110,41.573710269929585
41111,50.865998178208045
41112,44.59766062525983
41129,38.45992439957195
41130,22.06998968906609
41131,40.77582869465691
41132,50.53075844345164
41133,36.70847909458365
41134,37.50704264041401
41135,49.98779894431242
41136,39.2872143990684
41137,45.23829155551917
41138,47.57224173825398
41139,33.11480832920837
41140,33.70669071886306
41141,41.742733349649676
41142,35.54536095586849
41143,40.1751022202755
41144,41.798024269332
41145,44.43847014306078
41146,52.47625075444427
41147,49.56833645688996
41207,16.587623718234205
41208,14.462659708868129
41209,17.420085337182925
41210,20.637504078032272
41211,32.05422624881316
41212,34.445500703822084
41236,21.10960250591415
41237,13.385784554399226
41238,22.44307198892786
41239,19.640640282138424
41268,28.885713918732634
41269,34.434273715354955
41270,34.217941325426345
41271,33.04162772986561
41272,53.6065824559758
41339,32.714001266732566
41340,42.35273039015123
41341,40.51858069437439
41342,33.723648566846734
41377,27.750156709152808
41378,21.105532367108726
41379,40.614561418978404
41380,36.193662565359766
41381,54.76300307307258
41382,36.85310268518791
41383,36.300845683781596
41384,47.17436176128023
41385,53.030723167034594
41386,43.334117920916746
41387,53.22062115732178
41388,46.597553010231174
41401,18.405850359241867
41402,29.718745031240225
41403,40.364379559243616
41404,40.961734559300595
41405,41.13858634247146
41406,38.496838196764465
41407,39.301018689492814
41446,51.31151121294335
41447,51.48886942140236
41448,48.18889368676673
41449,47.832877043041215
41450,50.40499560434419
41451,51.487382146797046
41452,54.513095411579584
41453,56.04201425307219
41454,55.44663264830202
41455,57.555231211833785
41456,62.19866972285739
41457,66.67269673362246
41484,27.664217309404194
41485,29.802725616951733
41486,48.09968397034865
41487,40.104560715170614
41488,50.29454984714592
41493,20.74651204969847
41494,17.705284050013297
41495,9.29788749703875
41496,18.127980598921276
41497,26.804487098987316
41498,29.044420024072753
41499,34.279672290807845
41500,30.667203529447235
41501,43.48123597913497
41506,29.0375419321021
41507,38.01240472844881
41508,40.10158405307874
41509,41.711401039593774
41510,2.9835695193129825
41511,12.927343691910282
41512,13.582740870952742
41513,14.291493417242892
41514,18.487885824051926
41515,13.875389083544793
41516,13.787030461295846
41517,19.049723157043395
41518,37.4408158599742
41519,36.64790291119275
41520,34.96020569444598
41521,37.53320752067335
41530,3.990467614913865
41531,11.712538599472085
41532,8.395886189105566
41533,6.923665887486031
41534,13.355236260844167
41535,22.0355228388678
41536,15.28022645956085
41537,16.444668567701026
41538,39.42779534686411
41539,37.89890147730314
41540,41.33265596996135
41541,39.37670580996448
41559,35.537497626282196
41560,27.87391921862133
41561,37.57398110501007
41562,40.143390339710535
41563,33.08334985846452
41564,52.84642353218291
41565,52.56425439192077
41566,48.72579611981895
41567,61.73134510033009
41568,68.10888754406453
41569,70.48832010707777
41570,51.95335129215781
41579,36.10084606825952
41580,38.57864253006168
41581,37.9270042897913
41582,49.2598501483855
41595,18.995394959110666
41596,33.99915647331858
41597,38.987006479502405
41598,33.868976991612996
41599,35.95771743429204
41600,44.818499020811615
41601,31.336504663055127
41602,32.41957176563523
41603,52.39065739778166
41604,50.23258291761799
41605,51.41354551325138
41606,51.42547687385023
41652,50.31003028028671
41653,53.21676573066988
41654,53.67363893432747
41655,47.22325441901037
41807,17.09457447909635
41808,23.144419344828993
41809,29.397599835895154
41810,20.727262773469743
41811,35.61169661507587
41812,30.450244968188287
41813,32.55792121485332
41814,42.480484793938494
41815,30.708626313993815
41816,35.8892927491903
41817,40.6161008615147
41818,45.48032070680805
41856,3.6099132119845083
41857,5.580325983660234
41858,6.16217866158115
41859,13.444558574991396
41860,14.396883661921649
41861,3.6884516596139423
41862,4.923325247333272
41863,9.197543209982289
41864,13.7436494780004
41865,16.230847302828636
41866,9.831105379396886
41867,17.341001805331416
41868,15.889303291878377
41869,18.69128691808338
41870,16.873444367751198
41871,22.462204465981152
41872,37.97178783902852
41901,20.708751124515288
41902,13.199772696312284
41903,16.945625637139216
41904,19.64494307247493
41905,14.063058380392668
41906,39.8751106822426
41907,33.55445341924195
41908,40.87034984464255
41909,38.94473428466872
41910,37.08594250457914
41911,39.83352342638885
41912,48.292173975146454
41929,36.89563727971173
41930,41.29187940813734
41931,31.717688634881647
41932,57.468734746520475
41933,37.545962111946366
41934,41.03744477652353
41935,39.20653197919518
41936,34.5246170793756
41937,37.60303727438791
41938,38.576706310345564
41939,46.35645577846299
41940,46.81618506349163
41941,54.20056132635381
41942,57.46097434261894
41943,48.20393324034037
41944,46.824333737902
41972,29.13574733329323
41973,29.237728922341077
41974,29.159563906575404
41975,34.1530828147077
41976,32.735160964987216
41977,41.87373242838825
41978,49.076119599783105
42010,50.01800472501556
42011,36.107473675909965
42012,51.89991920129717
42013,53.4996224077952
42014,54.9965433342527
42015,54.008375455651795
42016,62.93236194516736
42017,58.12739798632196
42018,65.98367980160702
42019,14.73293321265773
42020,18.468271252169057
42021,16.98090675374457
42022,13.6564307541655
42023,40.15301810010167
42024,37.95481814317724
42025,41.402982761320025
42026,44.94773238436982
42027,45.63787792205566
42028,40.59258226336053
42029,37.14440014301537
42036,7.897067278650532
42037,14.760752423452047
42038,11.420083481432957
42039,17.057044942483362
42040,16.181966032277064
42121,11.467847611475571
42122,30.034479300522772
42123,30.389126931823615
42124,31.68032910867437
42125,29.861484881331034
42126,31.963295699875612
42127,42.344404344465
42128,38.04322368614327
42129,51.47586128484196
42130,52.842104333169125
42131,39.68791578876643
42132,49.11688735893242
42133,21.128737942586127
42134,22.555347981445777
42135,32.128047239695526
42136,35.54432307069485
42137,40.658187664677484
42138,36.04721213478621
42139,46.99505805234848
42140,44.92946805000097
42141,43.37440538936476
42142,48.06710097149079
42143,50.21529187121712
42144,44.81461658751641
42181,11.761606255709092
42182,14.272787642212458
42183,15.300274660290427
42184,14.403154042205573
42404,39.26785261920854
42405,42.46189155167464
42406,53.55677219301341
42407,46.303594300536105
42408,41.39905806258459
42409,44.01259855765871
42410,44.45455987268098
42411,39.806479582642474
42412,60.955677148298726
42413,50.043382342267016
42438,18.75698097890691
42439,24.53969925496737
42440,20.082784388698204
42441,20.72754402753191
42442,35.850244117418356
42443,39.08826457655512
42444,32.69214892803034
42445,37.11055048331534
42446,45.09191187868275
42447,47.66542633322023
42448,50.689704893556005
42615,33.38176886151952
42616,22.33974551080501
42617,24.527728764344474
42618,39.83755074743634
42619,49.35239502135637
42620,41.01957349652109
42621,44.34184482440625
42622,35.9537658685369
42623,46.68301637156269
42624,51.12607391753331
42625,51.02386536180084
42626,62.15343175050669
42639,26.572165555555696
42640,21.47184986973462
42641,29.118364823252257
42642,38.15229144180333
42643,37.88819776819204
42711,10.584384124676872
42712,11.55188944179198
42713,16.230847302828636
42714,8.957559197038954
42715,19.89157084143143
42716,19.89157084143143
42717,16.297363204874333
42718,21.828323878246884
42719,15.596640298005001
42720,39.875788756689
42721,48.15805295109641
42722,42.17936094354696
42749,19.86038309231157
42750,37.27507636544146
42751,34.32213839367107
42752,44.024223599676105
42778,25.547971757802983
42779,32.43607914750798
42780,30.377889954110316
42781,33.65632888684776
42782,31.88476937728872
42870,11.027034903311986
42871,8.714878621342015
42872,12.695983331720239
42873,17.057044942483362
42874,17.057044942483362
42875,17.913005428391177
42876,19.739225372797396
42877,34.56395219820253
42878,42.76175480014081
42879,33.39908478315827
42880,47.515644145474724
42881,45.379723005568344
42977,4.3276002978774475
42978,11.331402367207373
42979,15.327058288331434
42980,18.055711323909982
42981,10.183684737211289
42982,17.99667296195759
42983,40.17347618942308
42984,30.695738127175634
42985,43.35524456394408
42986,47.7260601562519
42987,44.5641678646904
42988,35.52107780155586
42994,44.59738279741439
42995,55.47451016569576
42996,43.14509627421686
42997,47.441881397164536
42998,60.749220640584284
42999,49.48422828395693
43000,54.22539488694515
43001,53.953468139878105
43002,59.69968265717258
43003,56.498101765148775
43004,62.03092689460777
43005,61.165821619382164
43018,14.764530141440789
43019,20.22013448768742
43020,34.411036085357836
43021,39.83219397970892
43038,19.788644476214085
43039,27.116215099873216
43040,23.63008603811875
43041,32.98087353769331
43042,31.174529690088853
43043,37.269914941103636
43044,34.986054910120245
43045,41.896216503390974
43046,35.14758215776258
43047,45.542297562403746
43048,52.530710510216416
43049,48.60444083714784
43050,35.012416667239684
43051,39.02100398760162
43052,29.173155201028337
43053,32.941023431774155
43058,16.424845926049894
43059,21.714164570109823
43060,19.100741017108117
43061,33.85439143092619
43062,32.61186844887603
43063,41.17382014276037
43064,40.6481166374976
43065,41.74190158167596
43066,42.272844454569366
43067,48.6502031768817
43068,45.68814241383638
43069,42.01648479434283
43120,17.798073998020545
43121,31.92263031423547
43122,13.833793364239524
43123,31.46645410656391
43124,37.732788456609285
43125,32.19098148301179
43126,46.85671118264916
43127,40.36127515217525
43128,48.2552590896488
43129,43.016356528593
43130,39.48288889277669
43131,41.89702163664956
43132,12.329049533121438
43133,21.395998689958006
43134,31.723678803880627
43135,31.774131942430188
43145,32.99510882340904
43146,23.875851942766243
43147,37.223938179548306
43148,46.90330425529901
43149,41.80453399468576
43150,47.104006508880154
43173,26.543987131209317
43174,33.63368016144042
43175,31.486603007429448
43176,34.970182105306925
43203,35.74060639704946
43204,45.87010564307064
43205,49.483326826468286
43206,42.769083656084206
43223,22.314794980368955
43224,24.661942011208822
43225,35.931639336543604
43226,28.5134095597659
43227,34.49681418428329
43228,39.00870982909481
43229,37.412492206276255
43230,38.14344722255618
43231,35.14591473468428
43232,40.095152337243775
43233,45.84539479587554
43234,43.602438560749434
43279,19.928023174942997
43280,33.143777700868554
43281,32.942612790224345
43282,33.15212975866408
43283,41.36015237829481
43335,26.262241577922875
43336,34.43318789909485
43337,30.60777664921013
43338,34.72282607759617
43339,41.569910876127004
43340,33.51374593017975
43341,52.66318876810184
43342,39.56439006394868
43343,44.98184419471267
43344,47.791099428626914
43397,45.58715069494119
43398,23.072052236279806
43399,23.593833189661765
43400,35.08346157545548
43401,35.04321842895592
43402,37.93919134162345
43403,49.70962662732302
43404,48.64115643805415
43405,40.813743075661655
43406,37.278338431488734
43419,34.089038666483425
43420,45.90838239272497
43421,27.23123935551787
43422,48.516978035102504
43423,33.71128656742715
43424,49.0480658124809
43425,49.68230932790351
43426,55.41442224713718
43427,39.70874983106144
43428,51.301244504723826
43429,48.37968804703844
43430,58.08919481627648
43457,17.854433370667476
43458,22.42652762046714
43459,27.502152590814372
43460,38.53550608487687
43461,40.44410852554274
43462,32.80277109872213
43463,32.64904466712241
43464,42.081894106926704
43465,33.12390287307119
43466,52.232066680794325
43467,42.69129122821858
43468,45.18475906885251
43506,59.75989311052693
43507,35.150222054281535
43508,51.98438761609521
43509,57.77724659434955
43510,47.77454163674232
43511,55.61630857571078
43512,48.16317071614868
43513,62.203782493972376
43514,50.659917928718066
43515,51.19709040824985
43516,57.67215674540806
43521,4.701785649223087
43522,8.97786083790184
43523,13.833793364239524
43524,11.7794735871394
43532,26.9280284268105
43533,22.912875256355473
43534,34.35515883818931
43535,34.0201276985706
43536,30.38799410683559
43537,37.59212939787477
43538,37.581188803537486
43539,40.916099246146615
43540,40.57824759113758
43541,39.266732898992615
43542,41.34486460631057
43543,42.852545954615515
43616,30.804511201507278
43617,21.89347830658558
43618,32.445081873571944
43619,31.054518101234805
43620,31.613680021183217
43621,31.752625494913314
43622,34.55383629255291
43623,40.52055067067747
43624,45.72738045573381
43625,41.84959610512421
43626,40.467794039662586
43627,45.06501018267866
43776,19.144003498817032
43777,16.92364917494814
43778,19.59422998398253
43779,21.897504775597216
43857,33.64009493415147
43858,36.443009639759154
43859,32.52070403842714
43860,38.995866806017965
43879,4.594456745782111
43880,5.356685017664551
43881,6.004277580483953
43882,11.625238399698802
43883,13.362853170682545
43884,16.15569564723954
43885,15.239385484454221
43886,14.417002229552557
43958,50.57033583305085
43959,42.317556643374246
43960,43.92857979991783
43961,41.62502617156966
43962,37.22207687326912
43963,48.13380406662067
43964,46.25167313412615
43965,57.83516819549406
43966,56.434379388536584
43967,60.42292344218238
43968,57.790220270279406
43969,56.876779472978306
43970,15.027341431586505
43971,29.344146908333336
43972,10.58419537040371
43973,29.362493232071916
43974,43.41127790261881
43987,17.947713479077915
43988,36.61625096916107
43989,32.274350457580255
43990,51.23434299095441
43991,37.67711518428387
43992,33.54884881955466
43993,31.957224280708125
43994,42.30031644683167
43995,40.44887513507992
43996,50.83492049250992
43997,51.467641994010876
43998,43.851813009636494
43999,48.56322104317426
44000,53.52366074743152
44001,52.81132200073275
44002,54.92981466947775
44074,31.930428603785572
44075,39.243070431536644
44076,39.01010926557303
44077,45.88284993610736
44078,42.616693251482
44079,35.525854960580396
44080,50.58457295572692
44081,42.771780078028385
44082,58.13533713331589
44083,57.672380161602646
44096,45.20868294262837
44097,45.20343150436918
44098,35.16895734255077
44099,52.228862035051556
44125,30.699989090581905
44126,12.94587855456553
44127,32.11652360963872
44128,38.51425117118118
44129,35.05667468230688
44130,36.113307596147266
44131,49.04357255746462
44132,38.29202738093116
44133,49.24874705061362
44134,48.80541469803634
44135,62.891509023544465
44136,58.922807143242686
44188,13.561139744222416
44189,14.276473768025905
44190,18.514809066864327
44191,15.46644716589148
44192,21.612535564002158
44193,15.769407254152986
44194,30.048849366358308
44195,19.578876141595778
44196,36.02334823031286
44197,37.56119441928091
44198,42.506185130782214
44199,43.99117794179318
44200,9.245282378903372
44201,12.331681572215322
44202,19.25521805668502
44203,13.52424481095251
44262,14.350718556930945
44263,14.334342484431241
44264,17.417378693293056
44265,15.219007881280493
44266,19.172971247196813
44267,23.160826207954468
44268,20.125927695326567
44269,30.564034160488482
44270,34.588527244582444
44271,32.85372907024384
44272,31.35342177774542
44273,36.42149283886283
44274,9.281309244347659
44275,18.66787366106621
44276,13.975455411293037
44277,15.382575354827377
44278,17.152431814580343
44279,19.751458735625366
44280,45.48201829904761
44281,38.29670844282652
44282,47.323460385716864
44283,40.682657991696274
44284,37.909398984263895
44285,51.79655356681839
44286,50.85303269860963
44287,41.54518637338463
44288,56.558947212093464
44289,41.48046424906234
44306,30.926941361205262
44307,40.67676030268841
44308,37.255639698572494
44309,54.498642579142874
44310,39.48635115992433
44311,33.08163698365622
44312,54.04158949213402
44313,56.48241153978251
44314,44.11479634630752
44315,58.047847994893786
44316,3.6183457016208647
44317,5.457289620158733
44318,6.039142298079648
44319,7.269341724163411
44332,19.820572007586513
44333,32.79784379991555
44334,25.821798451300943
44335,30.985752517511195
44336,33.91458845745562
44337,34.42325771288329
44338,44.99254327497694
44339,48.07612578209974
44340,50.77188395899504
44424,45.587399268314094
44425,44.68141074828994
44426,49.473362475086496
44427,52.609349210041
44428,57.04173135505307
44429,55.75086854218265
44443,42.03367189931765
44444,48.037041934028096
44445,38.483219966198114
44446,54.47220441415583
44458,3.477639714908181
44459,13.374661789919882
44460,15.327058288331434
44461,14.107853177337116
44474,49.16082098869128
44475,34.203806675344985
44476,33.324914892796144
44477,43.951711641676155
44478,35.4550928440217
44479,41.19028041652417
44504,47.699071601897565
44505,49.514742922060236
44506,52.18995456629391
44507,50.230963904577266
44508,53.884483529901246
44509,57.475075946701615
44510,63.715715298194645
44511,58.077288586405665
44516,34.11047998824505
44517,40.73424169149857
44518,51.15691883472594
44519,52.46676644753751
44582,3.791140984355033
44583,13.987941521784055
44584,20.688862574723977
44585,25.676566303973583
44586,22.252872774915826
44640,49.0291472047783
44641,44.470526069674534
44642,50.26399246937133
44643,43.14990876288006
44644,45.61683503247721
44645,44.10590877943773
44646,50.72402571722788
44647,57.60378334434477
44648,59.71349406479698
44649,59.1745966056737
44650,56.42958107387413
44651,58.489789977802936
44669,29.68718621464907
44670,40.64633434323393
44671,40.6804371420771
44672,34.63516894916233
44692,43.231062459996004
44693,50.29892858489382
44694,50.81267004675979
44695,50.158394214695605
44696,55.82593271974739
44697,49.518833889717286
44698,60.79333454729429
44699,54.89231383200407
44700,50.98892021714774
44728,14.975069136562897
44729,17.454492459210048
44730,36.38332569615328
44731,33.64871286048957
44732,30.72733821998459
44733,36.36220248023201
44734,39.672763478119286
44837,21.010738203504303
44838,17.680902913133377
44839,36.35393201122659
44840,31.753751031049738
44841,35.299738531566774
44842,32.69790134756792
44843,37.82702762276892
44844,36.45505770291899
44845,41.588403315900806
44846,47.4953100236822
44847,54.49412580557549
44848,46.861667562550956
44849,54.74372073892333
44850,57.225643854787194
44851,61.75802116068897
44852,58.956346430325546
44853,29.0281547285865
44854,24.839245508837298
44855,36.28277796141638
44856,28.453166403667765
44857,27.991274828249313
44858,45.3336914399686
44859,36.11483456583848
44860,44.053262983716245
44861,41.09342009254042
44862,40.090923018867386
44863,47.413319889753126
44864,51.993807491539116
44885,33.37338289764236
44886,27.395353213214786
44887,14.426959827268664
44888,23.725104174207278
44897,58.452107215010535
44898,60.10251920882727
44899,55.04070258198481
44900,52.237203091174386
44901,71.74428602487298
44902,60.41909933730737
45041,23.69096775234784
45042,27.777707324427954
45043,28.813765661084318
45044,32.544047098820876
45045,38.108103884278655
45046,37.84153069399317
45047,37.60243622597543
45048,41.605241480067924
45049,41.77147135522653
45070,16.160889461131614
45071,13.741050758272106
45072,11.895460820477359
45073,17.584152771389874
45074,8.309290950750444
45075,44.783727337135396
45076,32.7323698584266
45077,31.296774312151694
45078,38.226712938775755
45079,59.30565876714809
45080,49.17092620543837
45081,55.879071889740366
45082,61.26549620934913
45083,42.89632914029763
45084,57.80491161395865
45085,47.3309512820495
45086,60.82147107560119
45087,53.538379548816586
45093,51.963045421520725
45094,44.850053486043244
45095,56.63100904962018
45096,47.51349942554307
45097,43.29158591903063
45098,46.005889038053105
45099,53.57973327524522
45100,61.92700134256122
45101,59.417764771077174
45102,55.69676325220844
45103,62.35148678950867
45104,60.22122770451104
45105,32.35122083998619
45106,29.023772682482903
45107,45.84829350314338
45108,35.992679843874974
45140,17.350345172117372
45141,33.000855081382326
45142,33.647031719195134
45143,37.057270443304105
45144,36.40614557752586
45145,43.7578390659734
45146,42.667044153259745
45147,41.124403321529854
45148,38.82763796271952
45149,37.27158412478873
45150,43.368751367500764
45151,40.971111575636094
45176,17.080148871367935
45177,33.84667891173982
45178,25.92216936207117
45179,31.76512904134214
45180,46.407928043411765
45181,30.006131821398135
45182,41.02884095768285
45183,54.037934099676185
45184,51.15644025807628
45185,40.66381541986639
45186,37.35220776229962
45187,39.14116163820839
45253,17.149433128493794
45254,21.179692824865135
45255,34.34591766907888
45256,33.73864867241525
45283,37.849172404468995
45284,40.13164874776109
45285,46.3458382440141
45286,44.60642764540737
45287,41.15045302073387
45288,48.70310174711783
45289,48.33280226430846
45290,55.22969876163453
45291,56.06396328551701
45292,60.035037247111205
45293,44.75254115633414
45294,54.29460811766365
45354,8.285400573913353
45355,19.23705242213967
45356,16.29035615779172
45357,15.20213984828194
45399,14.933659022101569
45400,30.1266255636355
45401,32.1078785422385
45402,31.002043673881758
45432,14.429315156888615
45433,22.977459972602567
45434,24.454445885956712
45435,29.587488230405555
45476,30.132952300810146
45477,32.35950800860587
45478,30.792465604407788
45479,44.85942310426768
45480,3.596904779096788
45481,5.214340464943924
45482,5.832582363204612
45483,9.724785543037914
45484,15.074702231674857
45500,15.162777318187478
45501,28.24872248385049
45502,27.984750906668882
45503,30.456834728628444
45504,33.19340536367715
45505,31.18535810510453
45506,31.207676858080497
45507,32.24470511117658
45508,38.23545137631743
45509,41.46476336771386
45510,30.751783998437237
45511,36.02566985336633
45512,46.08247676222616
45513,56.83526637586175
45514,45.387615136250545
45515,53.002175026670415
45556,18.198962924240817
45557,34.02204334445868
45558,22.09027943045297
45559,36.047232192706744
45560,28.561653117608746
45561,33.39155173781312
45562,32.504868531560184
45563,41.54464500547621
45564,32.51030679503872
45565,31.655701806881176
45566,30.59686925765077
45567,34.10899911467553
45568,43.77452822597916
45592,19.322964895367026
45593,30.012275036438556
45594,18.54465644280843
45595,31.905546644636658
45662,31.330062052400883
45663,40.474975186348935
45664,36.98615248353494
45665,34.24765872553113
45666,41.31345053173689
45667,58.75181789114343
45668,44.21500171263227
45669,44.20497442153786
45670,47.9615857199842
45671,49.85874478635336
45672,55.67935051259459
45673,49.555218860082725
45690,21.17683184932434
45691,22.218150861261915
45692,35.854721617488245
45693,45.75894822188086
45694,37.72760366029551
45695,49.07827628194897
45696,34.49047151426995
45697,41.313762339488406
45698,19.78730441057755
45699,19.609338686402545
45700,22.667097210654145
45701,32.77684660282315
45702,32.69149949288612
45703,29.68122381575267
45704,40.115999313547874
45705,49.187462422782104
45706,42.40234638783275
45707,40.796344113750905
45736,12.563854951690418
45737,23.920731333546733
45738,18.25533465772722
45739,17.41184231808491
45740,21.678334002054875
45741,36.95871854621189
45742,35.120100416278255
45743,37.27004029654866
45744,31.147094861090807
45745,36.05400597895234
45746,36.16300641449521
45747,42.173255468767096
45820,3.796485885947879
45821,8.834932050456436
45822,10.94238996723907
45823,7.4573010445242485
45824,16.74668556663556
45825,16.74668556663556
45826,19.709569585902948
45827,18.50896225405837
45828,21.543009548778517
45829,47.53422202749343
45830,35.76704688068297
45831,38.8362068717193
45832,32.56563945860843
45833,35.70836880949225
45834,54.96691331024514
45835,42.19010683585844
45836,51.893880175878486
45837,61.47071735139554
45838,48.79157341480427
45839,56.834367400461616
45840,60.216353204173075
45841,60.35639203962703
45842,60.694455914449684
45843,62.50112337493684
45873,32.77019364302416
45874,44.18237196210587
45875,44.01277713731172
45876,47.91993601982396
45877,39.91371493656021
45878,63.57327051369502
45879,57.82906657457626
45880,57.908801922580494
45881,52.01398583142132
45882,65.81953054772875
45883,68.40447596682606
45884,57.01438251339779
45920,43.77028395107329
45921,33.684583244753895
45922,36.45055977089105
45923,60.34825130432435
45924,46.203345155499676
45925,35.12280665400233
45926,43.33552608338026
45927,56.27272167221229
45928,58.12888180606606
45929,52.341830660590496
45930,44.697289686713546
45931,59.10866422534167
45944,26.4725026302163
45945,45.182330761207766
45946,31.42584030321699
45947,37.14109566134048
45948,31.72912606861548
45978,30.284665130678047
45979,54.23267979897827
45980,46.46693063014474
45981,50.74154584729039
45982,46.304088389171376
45983,52.889002557106274
45984,52.79916368939916
45985,56.17220400703359
45986,50.52915569758352
45987,56.059946653801454
45988,57.896138405061265
45989,66.94234843033242
46068,26.03018290286756
46069,36.697143267808784
46070,45.13701507118823
46071,43.65717814407865
46072,48.43104545658475
46073,58.9978782956952
46074,50.82122232973426
46075,53.289840085390054
46088,42.06499291311734
46089,43.14746598117777
46090,50.89644247134826
46091,54.141469623724596
46092,41.842474504287985
46093,44.097115792441755
46094,54.38754522071119
46150,38.085231692673524
46151,22.38272336778389
46152,33.29971953016597
46153,29.09264342941834
46154,29.629045906687974
46155,33.8446180549035
46156,50.237857848790306
46157,41.42109321624668
46158,41.475223998400004
46181,33.20384788546633
46182,52.16346029297806
46183,43.658244184950604
46184,45.86459270941043
46216,53.2973644061952
46217,31.89365818384006
46218,39.92821978042561
46219,39.402783931854714
46220,46.22308628989881
46249,44.974560524535136
46250,33.24750655713486
46251,44.43958696740933
46252,32.460448310988944
46253,46.98849800142929
46254,53.477839925967444
46255,43.53146345335977
46256,64.96773470267131
46257,44.98611691526187
46258,48.925104486165466
46259,57.04863125151479
46260,54.412418099227175
46272,10.42554737253633
46273,13.519683122543448
46274,14.493903452314767
46275,21.223509503463966
46276,32.48068137227327
46277,34.31825110905875
46278,36.404431009073406
46279,42.7313216688455
46280,38.14569195130001
46281,40.513590591055845
46282,44.02946103956075
46283,43.551999103921275
46288,17.08858136100429
46289,12.922736335414804
46290,26.137680877739783
46291,33.06532128700177
46312,9.150760445872306
46313,16.364217036118234
46314,15.270288458369354
46315,21.3199435333958
46316,55.25055687850929
46317,44.68918334509796
46318,52.23367220765061
46319,31.424263338155722
46320,56.56655457886914
46321,52.85788420738478
46322,56.7143053831864
46323,49.864239651352484
46324,47.70033182475781
46325,54.42754931876735
46326,55.48195759771804
46327,62.2090946649543
46340,33.20864439165308
46341,41.553837068029026
46342,46.483378118618134
46343,31.66217167590426
46425,4.088444917589547
46426,18.941494817819777
46427,22.315683233604272
46428,32.81269562895366
46429,45.15652163515209
46437,31.008770620150997
46438,34.780268422081
46439,44.622035369216896
46440,35.02024135876454
46470,21.4532818034837
46471,20.195865525559643
46472,29.421360331246053
46473,30.170951480841822
46474,32.547287049693374
46475,29.12865858094911
46476,42.7106401756155
46477,48.967152391535535
46478,40.258603651880335
46479,41.86828534746684
46480,42.6785331764549
46481,51.77258591163329
46530,31.539273849978805
46531,32.04406148650602
46532,42.74283815671776
46533,34.82558400532946
46602,32.57844927342022
46603,29.517913612818965
46604,39.522372616499354
46605,38.180348742210214
46635,30.553752381655507
46636,34.53700777451508
46637,31.682586788146654
46638,36.60664590640057
46672,25.204888713796066
46673,32.2710713724673
46674,30.330172086916317
46675,33.25856347108125
46676,31.138961591687476
46677,35.74126641699008
46678,47.7809343901714
46679,39.97120471462372
46680,13.415029353290569
46681,21.077402901320713
46682,32.07708886459298
46683,46.93637216222068
46684,36.676762600067775
46685,46.50887214190331
46686,42.53569382400213
46687,50.143677387785274
46688,40.81983709042197
46736,50.29387585225237
46737,37.44136828140044
46738,41.51078864925583
46739,37.49932056879824
46780,21.947688891338416
46781,23.661328346723163
46782,15.963130006017401
46783,32.895391540504065
46784,38.69577495919403
46811,21.13058491501134
46812,50.99099937542856
46813,45.683674011642026
46814,47.556348276968265
46815,50.585484191472254
46816,53.844452167449674
46817,53.50591779257261
46818,53.686812494676936
46819,55.56531286737257
46820,61.39746663102902
46821,66.88059337528797
46822,62.58221036577962
46839,19.039654421434474
46840,19.045362715673118
46841,31.00463437379278
46842,20.700824676337216
46843,30.37030930503826
46844,30.10720621757652
46845,35.77827610573824
46846,39.23705068508223
46847,31.42875842101404
46848,50.003259898791406
46849,54.5278180287366
46850,49.531074067647396
46977,9.472773230826666
46978,8.315855552524567
46979,8.56023282672264
46980,12.077079021381882
46981,13.83208800471316
47007,14.854050271370747
47008,20.22975582435143
47009,18.697008557568317
47010,22.169472783183142
47011,35.516020053393675
47012,12.317943511737596
47013,13.893286214626505
47014,15.034975885412228
47015,32.35999700480347
47038,19.85811116065299
47039,29.942081362168153
47040,37.657678109377485
47041,37.870416089756475
47042,37.74766111025606
47043,43.526240767420724
47044,28.580784331223885
47045,56.34176049201739
47046,55.817993225484024
47047,44.203938415642796
47048,42.186536119181696
47049,54.79279050605449
47141,37.82254769703641
47142,47.19588694021882
47143,50.49814171279867
47144,50.72895787821744
47145,47.57061771513249
47146,49.977865759678885
47147,44.85579678480704
47148,60.96183482122693
47149,62.136258967036525
47150,62.49100871985738
47151,66.29213152137339
47152,73.26322677773327
47211,3.7321783625243046
47212,5.731018003532803
47213,6.426923634276626
47214,8.323668771329208
47215,10.39757797248095
47216,12.49214043792963
47217,14.309638803166372
47218,15.139658442840025
47219,22.396988160151952
47220,19.040807631999325
47221,19.82624441400408
47222,20.23908738915138
47223,54.75409412891992
47224,50.65123673811569
47225,45.33133348075619
47226,44.161434309876775
47227,11.606910722287788
47228,22.36092414845564
47229,32.80983740321746
47230,35.718694033563274
47231,42.02014010179453
47276,3.3994423567088057
47277,5.448131148183981
47278,10.334164800573177
47279,20.886512456960293
47280,3.6183457016208647
47281,5.457289620158733
47282,6.128328610511056
47283,6.995342082810511
47284,8.193862936067587
47285,12.804837472002488
47286,13.05709513633414
47287,20.062562513170736
47288,15.884323236475835
47289,18.945670760811296
47290,23.097372111499862
47291,26.30639020436831
47292,29.64995614875571
47293,14.686950135117398
47294,35.66835326491925
47295,49.389622765281416
47296,8.14297871860335
47297,15.775457295260344
47298,13.046748076693108
47299,30.072478561291344
47300,35.21877489809461
47301,34.3251656673345
47326,61.821895001561316
47327,53.96559503736712
47328,57.2937269007123
47329,50.26907511696019
47330,60.737789905212274
47331,68.38158361680603
47332,68.26506688852903
47333,62.29661886124473
47334,56.05300134836628
47335,69.16708051759652
47336,66.39830225659503
47337,70.94723251597613
47377,20.670088202680727
47378,15.165444960101473
47379,20.927631690167463
47380,19.61776876385454
47381,17.229148904818327
47382,16.166691496124542
47383,29.513135611979703
47384,36.856126322583705
47385,34.08174168588434
47386,34.12823402724553
47387,40.8657140868538
47388,33.898964940225746
47438,38.32915662651779
47439,36.116726546116475
47440,34.16196950446334
47441,34.816679980116156
47442,34.418226589130526
47443,35.17322202321127
47444,33.45864767535125
47445,37.81608868746836
47446,44.20350792680771
47452,42.93005441002904
47453,54.042498329566115
47454,46.43274210412803
47455,52.923993964486236
47456,46.870351893206895
47457,47.48435761603682
47458,43.23092907091619
47459,16.242894787967654
47460,17.041704062628583
47461,13.94268490023715
47462,21.16038031197939
47463,34.695732795286666
47464,49.20173367628285
47465,35.88562996836955
47466,32.26354910232299
47467,49.65091538256584
47468,47.06789388416095
47469,38.55840282287605
47470,43.42888565252749
47490,6.918749575568062
47491,19.930844550598277
47492,31.70265501432357
47493,37.898625505766
47494,37.55176373187925
47511,38.10624563349608
47512,41.03000299528633
47513,57.96238144010264
47514,52.031306920369914
47530,21.401985219689607
47531,44.48097748319504
47532,31.679685161461123
47533,36.33987234240526
47534,33.5995271163692
47535,37.52546317116135
47536,47.6576737819274
47537,38.28085689594938
47538,49.949621662100654
47539,48.780286271065705
47540,49.96530096967432
47541,60.2946763183956
47551,15.839732979733942
47552,13.821606206306525
47553,8.935105262338384
47554,12.893759727353588
47555,15.03036893301959
47556,18.5499061741624
47586,44.81907694093751
47587,43.323416602940966
47588,54.706574470428706
47589,60.67266911905283
47590,51.62847384284426
47591,59.603618181918534
47592,50.748391590771966
47593,62.328707941249505
47594,58.85282565867403
47595,63.74767758706593
47596,61.8148850756695
47597,69.09251002132453
47598,30.404313113429897
47599,31.33725460342859
47600,36.308574354296304
47601,33.93306606471567
47628,17.027148918208827
47629,11.039319964288167
47630,15.820232106660503
47631,19.629704044499004
47638,26.930681297407922
47639,17.497330652623003
47640,13.595469317915635
47641,11.098687014202705
47642,21.966809592149364
47643,13.884124083337694
47644,27.796319964486713
47645,37.16878308753358
47646,32.5672442904968
47647,35.624051656235906
47648,36.341439015602546
47649,38.601732450798565
47697,12.357622106292785
47698,21.964654550969026
47699,5.156348880344696
47700,13.744426102635186
47701,19.253052084803645
47702,20.65020063480175
47703,28.704753188003643
47704,37.35435129225031
47719,14.081107793234791
47720,16.95059615149865
47721,15.684956116807356
47722,22.385851688007325
47723,21.474016892479426
47724,30.558930217191136
47725,36.069277691255145
47726,34.32609478134598
47727,13.102542671108884
47728,16.012977347090075
47729,17.26883607235831
47730,19.597888070859334
47731,24.715906600923276
47732,21.315514384148987
47733,35.0630763489959
47734,31.310285002009053
47735,35.89095945808138
47736,38.54331114654721
47737,38.14729143968108
47738,27.16258279546837
47739,45.80347130076574
47740,33.908219081668726
47741,45.41931432210845
47742,46.00033654266252
47743,46.00033654266252
47744,41.53944296742806
47745,56.10918421350728
47746,41.78171573330303
47747,43.7886384302176
47748,47.85570080796652
47749,48.31679716319626
47800,41.14407317430674
47801,25.844660424571142
47802,34.14473171325522
47803,44.042085961393354
47804,40.11614065148457
47879,26.44665346021681
47880,39.247653770492626
47881,47.043952520278346
47882,34.91812209541051
47895,14.932676684283972
47896,18.71248882994229
47897,5.662704313016319
47898,20.44714791944311
47899,19.12858789800632
47900,17.746364522852588
47901,38.67824900234981
47902,37.28823633316632
47903,44.23197113266224
47904,39.10538123961373
47905,38.11824396560685
47906,43.28194600618888
48043,10.777948542371037
48044,23.105604683834702
48045,22.046029024156386
48046,23.255713206264254
48047,40.008212685337334
48048,33.10408100396555
48049,35.11832317758878
48050,47.45943880205438
48051,44.08936647795576
48052,36.53298619603862
48053,37.21205054682041
48054,37.42867643159726
48055,55.701390601470635
48056,28.60341194517489
48057,35.39274744666927
48058,48.55553422433418
48059,50.837386837028234
48060,41.8324095002257
48061,34.787235374512214
48062,36.40469878108418
48063,32.46696388066328
48064,40.95145552442275
48065,47.24416142576416
48066,52.151770966606975
48067,47.59776468529511
48068,58.91980266021814
48069,47.90436578874121
48070,23.388321663170448
48071,25.820545667470032
48072,20.193920363936137
48073,29.89517496253335
48074,30.831993366997818
48075,37.99983558895409
48076,35.990374889775005
48077,39.56407176165333
48078,44.526811905475
48079,42.48417374516172
48085,33.12772559458513
48086,41.01890159669355
48087,44.70272087748291
48088,38.32867371342644
48089,57.61308805206087
48090,59.633677694230094
48091,18.725577338879397
48092,30.835996397973197
48093,40.47212027124755
48094,39.89500303519968
48095,48.5384225665841
48096,55.57100747016988
48097,40.51451016684732
48098,46.41593068985071
48099,50.230641210182235
48100,58.29029856980128
48101,56.42304560347772
48102,61.769437716841786
48128,7.407845425715304
48129,8.354858014470969
48130,10.736315572606504
48131,17.376766033152872
48132,19.949425135168514
48133,16.33312743269579
48134,13.262657727209854
48135,40.05587307244312
48136,40.48205034705106
48137,40.87044518710809
48138,47.43364756270921
48139,39.83568263587326
48212,18.475631530881355
48213,34.00881316573203
48214,34.338751990732234
48215,28.929334727101832
48216,45.16519765849288
48217,34.47290257742317
48218,44.88008149996967
48219,37.084925259091385
48220,37.538530810421456
48221,46.784255411395264
48222,51.98108422159114
48228,9.858935522170778
48229,13.336142191291897
48230,15.300198659829888
48231,13.651262575141436
48244,33.38477029104434
48245,34.73766782913066
48246,36.73477333161247
48247,32.19889161542966
48248,44.38222821921985
48249,32.70891400622422
48250,52.34201826899929
48251,49.9166605534207
48252,52.1769628624899
48253,50.44681444267421
48254,61.340185592280214
48255,68.24100317633601
48256,61.060311475384744
48257,69.75140924854497
48258,61.49537480793448
48259,68.05848064539057
48272,18.411187089175588
48273,20.61920329520246
48274,30.43750949903342
48275,34.4525595531851
48276,35.03933833917238
48277,31.374052744933238
48278,37.97593265094617
48394,53.04646334266462
48395,36.413131632135645
48396,46.313996134434824
48397,44.15338795331312
48398,55.133923068103435
48399,60.7162736049893
48400,52.296385733048794
48401,59.98651879161542
48402,61.94924552205569
48403,69.29161499397608
48404,58.13476590472514
48405,67.48581002175334
48406,44.74417210521454
48407,44.338390656054294
48408,41.94735720922896
48409,31.95714441196627
48410,41.71879871595023
48411,50.72001654493911
48412,45.42279973400316
48413,48.42913361027255
48414,51.423022659122765
48415,47.57737833020828
48416,55.7255348972396
48417,36.44776240953158
48418,43.03992636774255
48419,43.715035303453256
48420,35.641641145395745
48421,41.04878280242597
48422,56.45497779986841
48423,49.507585277042395
48424,48.33052846992884
48425,52.08829087079907
48426,53.35708112166514
48427,54.48377636390647
48428,12.394614982508992
48429,20.113339666149283
48430,17.54108012211848
48431,22.72341960321345
48432,9.631759396768135
48433,41.6903125158712
48434,35.515452687727134
48435,47.16688024809735
48436,41.912646102046146
48437,38.69418178897457
48438,42.835635043968594
48439,46.38612032921946
48475,4.706351304244583
48476,9.130453703188659
48477,5.9730867932996
48478,15.421618674125735
48479,20.90175148493622
48480,16.20687489537401
48481,21.15581249450562
48482,32.81697249626368
48483,31.444414887774872
48484,36.20441090981365
48512,22.001302390030112
48513,18.120477595910344
48514,17.885665698040867
48515,8.752645401227111
48516,18.792311026026205
48517,18.95915343959895
48518,36.613281332910844
48519,31.452461756966287
48520,41.09550877474019
48521,38.31646955637572
48522,43.22706608626887
48523,52.847953397427375
48528,21.33579130700736
48529,14.046112763931175
48530,29.525454560787395
48531,30.768286851004962
48532,35.1963048070233
48533,35.93612225393495
48534,31.24741246600748
48535,46.818320308338016
48536,38.53535350413959
48537,53.08575187955581
48538,50.32257386792515
48539,59.686071004387394
48610,20.855732754870726
48611,23.284517243324146
48612,42.331273836425986
48613,29.621093738846003
48614,30.213230973263787
48615,34.44689171304062
48653,15.679584345884765
48654,21.169641851751788
48655,16.193444019002502
48656,28.052327913914713
48662,17.103820388980218
48663,17.703393530085368
48664,12.836745544408418
48665,15.146777651191801
48666,29.90767596358117
48667,36.551739787443445
48668,48.542108890341964
48669,47.599408323261656
48704,19.06679635209147
48705,34.8378059906983
48706,32.332480263160264
48707,32.031278719914134
48736,18.766566087404993
48737,18.952662670385465
48738,16.55710243042572
48739,32.300014008298
48740,27.249284203243413
48741,34.30781591591637
48742,35.60392094176906
48743,46.726725047293726
48744,37.18830721844924
48745,55.400735422992526
48746,26.312478904595032
48747,34.270784596245946
48748,47.83056217573746
48749,38.20036925759017
48750,35.780914548239885
48751,46.73663650661793
48752,51.52539671630094
48753,59.17234088232008
48754,45.942199753982024
48755,45.725131235453496
48756,54.823921121930915
48768,63.57010769241408
48769,47.330669441855164
48770,55.11808728182891
48771,53.886275962953945
48772,63.545020433769466
48773,72.84414019990611
48774,64.61772689654765
48775,66.34543879291469
48776,62.97202855739802
48777,59.369754728513804
48778,59.373759752575104
48779,63.1010972112207
48828,29.226716520689315
48829,16.326332969647623
48830,31.094612520868942
48831,29.730651271998163
48832,11.408664195637009
48833,30.290463037319054
48834,30.386795013194064
48835,31.69939855751713
48836,43.876575241718406
48861,29.491905184436867
48862,28.14210479023642
48863,36.716969654728516
48864,34.3857346053825
48865,37.211906923846115
48871,37.48487523123721
48872,41.17588402241693
48873,47.036774852100926
48874,38.801629293964545
48875,50.04361854746795
48897,19.69477788867524
48898,15.81721688373476
48899,16.21425793273086
48900,16.421981825475047
48901,22.28636363059067
48902,14.522910737911213
48903,37.06991799322808
48904,36.20800923706305
48905,43.91092272553378
48906,38.4200136169707
48907,42.27005247438568
48908,54.88396783095563
48918,13.756936741034343
48919,17.64044146663571
48920,23.65343041198195
48921,34.48060722021822
49051,29.217729821544406
49052,32.63613433950251
49053,33.733526129386256
49054,52.69638083826542
49055,27.089346032597362
49056,55.275518245704674
49057,31.138896632207437
49058,34.29150610176225
49059,34.210457208058045
49060,47.9665072446763
49061,41.35246407911255
49062,52.87160584934721
49063,53.399213372931
49064,53.022242881436
49065,53.134264115197034
49072,14.291885339740935
49073,8.862768441790436
49074,17.443490477486073
49075,19.994059513586087
49102,26.372814701278173
49103,31.533264197348842
49104,51.15840406974818
49105,32.69022623024089
49106,43.09126390374425
49107,55.7415071796489
49108,49.703316954842975
49109,50.93191379402566
49110,48.881798549620704
49111,49.1169101014405
49112,45.60372646296259
49113,54.35910254810571
49126,25.56494957964044
49127,22.74747388403979
49128,34.20946910766315
49129,32.1083100218522
49130,39.27266636550816
49131,42.81935850467517
49132,47.833290103769095
49133,42.04520769821866
49134,44.559070428558584
49135,51.60659347730106
49136,51.9333425050839
49190,30.126744375934674
49191,31.100854141009105
49192,36.20105803122868
49193,51.481574285127
49194,49.899783270026326
49195,48.53646320373236
49196,51.62611057106343
49197,51.139150811039144
49198,54.676944468204056
49199,61.06327596599187
49200,60.5192330134423
49201,65.63835655377234
49212,35.43485060815935
49213,40.991708867541504
49214,38.4836466474255
49215,41.01557047561117
49216,62.045170692101
49217,45.229648215525614
49218,59.59464974334588
49219,52.79777172262804
49220,49.550112715697
49221,55.9066155231036
49230,21.676150841368337
49231,15.129578463168091
49232,33.54201687323445
49233,36.541478591483994
49234,40.531522285093644
49270,49.48186851331264
49271,54.17071108981746
49272,50.572736607360916
49273,62.67476362663519
49291,17.46763755633034
49292,19.51287722053322
49293,44.93917587858917
49294,33.78918087201922
49342,17.414116466514997
49343,29.20518276252666
49344,31.944111265373465
49345,29.993656411721634
49346,32.716270532089545
49398,9.068240769554274
49399,11.881445913817483
49400,21.369689431958385
49401,22.204517553973556
49402,13.182730711275163
49403,20.546642578019966
49404,33.23383860220348
49405,41.95624359842724
49406,41.40598044626246
49407,44.103515050251296
49408,39.914122168545575
49417,20.91952135056968
49418,29.19011369110375
49419,22.7359577732726
49420,27.88228803074269
49421,33.43037730811189
49422,26.262740309682176
49423,45.774734521242046
49424,33.050389165673266
49425,42.10387738507996
49426,43.93323860501301
49427,46.054398827282064
49428,58.92362745571056
49429,59.71474172457352
49430,57.311974736809674
49431,70.65963381124544
49432,51.78772061957929
49433,7.283189304674859
49434,18.64394550891953
49435,31.30022758023057
49436,31.759569171135492
49457,25.730973468482503
49458,30.979834371965808
49459,37.23401758276189
49460,41.438497330523305
49485,59.05665510492336
49486,30.280978998118936
49487,37.74760726333681
49488,44.93314826227136
49489,40.22961250508433
49490,56.86771339125098
49491,52.739863766791956
49492,49.25133761539914
49493,44.46853144933206
49494,63.31106518966176
49495,62.11806469392448
49496,66.49122415698153
49497,48.866370956900035
49498,33.05375051875224
49499,31.857440083669676
49500,51.536908020330515
49501,58.90203960868141
49502,40.07761411261924
49503,50.16942713345057
49504,54.03336200016701
49505,44.66233385451444
49506,69.57681868319436
49507,53.897440638522355
49508,61.649107754470755
49585,20.470865280123988
49586,26.26763041792197
49587,14.098874808118396
49588,18.620363374224965
49589,33.876723046548406
49590,33.51765027887574
49591,36.29035625608636
49592,47.72744933979911
49593,41.7688817789612
49594,39.3936054568338
49595,47.23012481195749
49596,63.03378717153341
49647,10.150180975688198
49648,11.915563821800163
49649,15.584044634142915
49650,19.993076097957214
49651,22.305202841802828
49712,41.35801383572196
49713,34.02606322674167
49714,34.73534145706557
49715,42.335677562536524
49716,45.553090614698576
49717,50.87482463402112
49718,48.800159100117924
49719,43.55401579905176
49720,61.17145939812029
49721,57.05820328100945
49722,64.95915823256415
49723,62.384991936954776
49770,49.15495767882289
49771,32.171463599565016
49772,44.295537226060254
49773,50.52541015585928
49774,59.61184974014673
49775,43.95008968442445
49815,14.933659022101569
49816,28.63714681669391
49817,20.428535504139752
49818,20.17447449457035
49897,21.300269914753393
49898,32.02157627725008
49899,28.312799918630677
49900,31.342589113110346
49901,50.74734910069674
49902,44.515742048121574
49903,48.89735630278054
49904,57.149619087081554
50004,7.426969830363265
50005,8.468868888675926
50006,11.784137870757748
50007,14.262150198407506
50032,21.96798077231051
50033,32.395560299338875
50034,37.846067705982136
50035,41.433958709774366
50036,26.551940412508046
50037,31.026400136212576
50038,32.9331117625354
50039,39.83176150547569
50040,41.86464897351275
50041,40.60213695418352
50042,47.48661899264049
50043,49.44598004883747
50044,48.0115152914893
50045,53.90428133830895
50046,45.73467637549787
50047,47.93398093919055
50096,49.402327415535446
50097,43.1049208123763
50098,47.349273348043035
50099,55.511094046657504
50100,61.08318610107878
50223,39.11293087806287
50224,49.2786330349699
50225,47.09592372148339
50226,51.56713035784218
50227,50.228653180550104
50288,27.492668939466505
50289,16.67634198773044
50290,21.575417893621605
50291,24.102735218455845
50292,30.64219995568681
50302,9.235524517154172
50303,11.218372316217808
50304,14.940217716316761
50305,20.40034056783394
50306,40.72391024052187
50307,35.27690350073833
50308,39.30541972878371
50309,38.714594587718594
50310,47.20058976762579
50311,46.31987528895105
50312,36.54938478399276
50359,30.65659344085635
50360,32.44033016044447
50361,33.54736539840856
50362,33.26734430767536
50363,20.770183567310752
50364,23.752495246823774
50365,33.66966843825072
50366,37.50276214188505
50407,20.562260325837116
50408,31.501488792735042
50409,21.93668240998446
50410,22.44888759429696
50411,33.19432692603329
50412,30.816909402448452
50413,37.84953663504271
50414,29.580736195743203
50415,41.67738643281496
50416,42.61652831621328
50417,51.750419753055844
50418,43.09579978857824
50457,42.7683637039691
50458,50.68145722960679
50459,51.07868943450236
50460,67.16650573692766
50507,14.765417427814175
50508,18.9362193549953
50509,32.19922324137092
50510,31.82621265978285
50511,44.044586885880314
50512,26.46292712851073
50513,53.3260127143602
50514,30.629624523975934
50515,37.21715510444781
50516,52.57619540928238
50517,47.73062492447796
50518,55.68099200430369
50519,40.5421772376325
50520,58.89072246355911
50521,62.63428626083299
50522,48.26033929688385
50558,27.78010607246604
50559,37.024570987740574
50560,35.26249535113084
50561,37.78772953781827
50635,58.389985588920915
50636,65.81350229505442
50637,65.74728519439633
50638,66.07519957197125
50639,57.88758124415145
50640,55.24738845083163
50641,70.53743615951686
50642,66.71081511816999
50643,66.92994697689913
50644,73.73231773853517
50645,61.780930830470766
50646,60.96609017673914
50656,14.933659022101569
50657,33.72542836474373
50658,28.067587488855928
50659,26.112982400060467
50660,24.587591695071115
50661,29.092882285160346
50662,34.336820473814704
50663,26.260734026255175
50664,22.329944169989094
50665,27.558429534171875
50666,47.69329069831158
50667,45.0257177686736
50668,39.12054993869349
50669,50.880438629323784
50670,56.56334405335666
50671,55.80858448231323
50686,22.425073777257445
50687,30.869973188553764
50688,30.972233143983484
50689,36.13839198089957
50735,8.328380391104933
50736,15.960858967761926
50737,20.896167324598878
50738,11.802878727442552
50739,18.825713852639804
50740,19.994059513586087
50741,15.735994586275046
50742,26.37752225597751
50743,32.38881187933127
50744,33.002184530657885
50745,44.53964434293697
50746,45.62940788115437
50752,32.91347984339486
50753,39.521473811361815
50754,30.91551179223463
50755,43.082298354724934
50756,43.16398973080299
50757,41.816260507341546
50758,41.06210717691463
50759,47.94647454923296
50760,43.62239197228055
50761,52.600305767400144
50762,52.59657936038083
50763,66.00176530339296
50768,4.009284724513212
50769,15.229502972727099
50770,15.421618674125735
50771,19.900248237562682
50772,15.224048830542987
50773,17.345722651742054
50774,19.900248237562682
50775,35.618355846069925
50776,34.94628397437164
50777,38.477385895662074
50778,34.95457596494097
50779,42.215775926382015
50792,40.43275141005179
50793,48.8532338108113
50794,42.919727934231915
50795,46.250457731198566
50796,46.39557801865024
50818,29.496305453143275
50819,33.39903003031724
50820,31.129397607034672
50821,40.53937854162423
50822,44.8855195200521
50823,51.96907161830461
50824,50.96923752350179
50825,51.88592179854613
50826,37.31766735967212
50827,45.217057937195925
50828,51.40598372874311
50829,35.63325447368582
50848,39.90803012030301
50849,41.59463637820622
50850,50.80071650827137
50851,47.43998289352781
50852,56.4694109746129
50853,62.40034476838991
50854,65.40461478771667
50855,62.841999607026345
50856,60.917621652315475
50857,59.47559040813131
50858,62.552168473463915
50859,60.68658800193217
50860,30.34408069357205
50861,36.209165909385085
50862,36.039590108401214
50863,32.934160328398995
50864,40.56665272370277
50865,45.95996508998734
50866,52.58410523244829
50867,43.49721947501318
50868,47.545034976186926
50869,50.939054575309235
50870,54.108593804383894
50871,53.08486266815312
50890,17.113642478965172
50891,22.13891790475297
50892,32.6600812417377
50893,34.35363404714526
50894,44.74070162135109
50895,31.901726941916017
50896,41.338363840288324
50897,41.4493904548441
50898,46.15469136248453
50899,49.04850668610744
50900,52.412646055504055
50901,37.18610887680458
51021,41.06045785372846
51022,39.49533826208445
51023,36.96440222060832
51024,38.282457577344104
51025,33.647319625611
51026,48.84650667086985
51027,56.12101316412044
51028,48.57508495221823
51029,54.12248836681413
51030,55.40938457104257
51031,50.21521615714682
51032,63.50404215828181
51088,37.23106377142502
51089,40.028668466358795
51090,62.459805795985986
51091,49.96469956894503
51111,20.67613378576321
51112,32.206214964205586
51113,30.20853978746899
51114,46.8269467168845
51122,44.815199048443944
51123,38.583724895613884
51124,49.71106254547794
51125,42.81141239330552
51192,10.923856746398675
51193,18.878369458816643
51194,17.66135002240526
51195,50.72823849431803
51204,47.485577299836265
51205,50.64766540764247
51206,49.325369645586655
51207,56.186782916474144
51208,48.54154459549712
51209,50.228098115308974
51210,62.26334629507524
51211,60.077354900715285
51212,63.1630259820731
51213,62.9852787608717
51214,66.95012567295917
51215,58.220233243387455
51221,10.336116531820556
51222,20.61920329520246
51223,25.060449831407546
51224,15.131538623215873
51225,18.918659575559445
51226,11.05195221531605
51227,29.893458403981683
51228,29.120320746787282
51229,32.07435559172774
51230,40.990856661750435
51231,35.6665685465491
51232,42.83396824190848
51334,14.06443093669342
51335,11.107734459692503
51336,16.945625637139216
51337,13.957668135713911
51338,20.289702711308635
51339,22.012057401637325
51340,38.955446926481045
51341,39.54774232727833
51342,44.05772730956707
51343,34.1748116496508
51344,45.87539051416306
51345,54.85172956777574
51400,18.322086882766957
51401,13.649269779342927
51402,15.49284582528419
51403,24.701783536116587
51404,20.97319070917243
51405,27.993874208519753
51406,32.73564175020977
51479,19.847223559893806
51480,19.93514126596567
51481,17.4078026597931
51482,13.399415436054555
51541,16.061244331418656
51542,34.08512944717659
51543,21.75446961566695
51544,23.28047414689734
51545,18.992756918798985
51546,36.383206735034044
51547,34.04369294672192
51548,30.18521284491904
51549,38.42610163864563
51550,40.68008077343195
51551,45.89593339967135
51552,44.620518680818705
51577,28.611481226440556
51578,45.942454529491435
51579,49.15985982395598
51580,44.52604585953999
51581,53.86812356699958
51582,47.961108644537525
51583,56.928139084256834
51584,36.37859319582404
51585,52.781228577550436
51586,54.91239399108976
51587,50.44439750042232
51616,46.00390514789839
51617,33.59511236964186
51618,48.316073930569466
51619,55.25574484507288
51620,51.57722623926851
51621,67.44324720047429
51622,63.788906169733536
51623,66.11766368819349
51624,56.442658068990696
51625,63.01000227273711
51626,59.397159669840775
51627,74.3354007497559
51674,27.25986121197305
51675,32.799530402008436
51676,46.23975044578564
51677,37.68343576585774
51678,39.69167941987668
51679,36.55679225119731
51680,61.60336764908052
51681,58.186990293950515
51682,52.20236163647689
51683,46.95192159876282
51684,63.40609734092574
51685,50.216006404939414
51702,33.54992966155201
51703,30.411698221249022
51704,27.98770880773006
51705,49.27062965981702
51706,43.356666138358804
51707,57.70492377180182
51708,55.622687345925826
51709,66.89847702846694
51710,62.690958856382
51711,61.94017493132048
51712,67.5404005365932
51713,66.27047455505381
51718,19.082035380067396
51719,22.09995662073567
51720,22.928246585583764
51721,46.37583421973138
51722,42.45118419077903
51723,36.37989958607906
51724,43.1792486366506
51725,31.66495232114883
51726,43.00601744634714
51727,49.29366141747662
51728,42.654365758122516
51729,36.474180777632064
51730,32.84528693808014
51731,41.28251994120285
51732,44.986088807681845
51733,42.21536922017838
51734,50.83835759963277
51735,56.22697378124226
51736,50.673984322456434
51737,67.66459973818347
51738,50.903577802517525
51739,61.8862886177896
51740,60.66002701773994
51741,58.622733075436685
51747,25.052997903611374
51748,21.234018960637183
51749,30.704216613076948
51750,35.59369591400164
51751,36.81151370671387
51752,39.461254639286274
51792,19.758760087510908
51793,27.37007586445851
51794,29.111339275424022
51795,35.591539206834234
51796,23.03486360794651
51797,33.476546224982975
51798,43.82987024580595
51799,44.71030577500019
51800,45.917451540588374
51801,45.902542708310826
51802,61.134570388620475
51803,57.64750229387737
51812,10.084141270213248
51813,17.5320244912577
51814,17.297212593388224
51815,14.92622382246878
51833,27.917084280678917
51834,29.58210234141517
51835,30.548684374692673
51836,34.45168414539554
51837,38.794084922193385
51838,31.39495667948303
51839,50.91557285611576
51840,27.766906634145286
51841,40.67711934227601
51842,43.009674264208755
51843,34.35283792614119
51844,32.66120053597525
51845,45.69605866340938
51846,46.48007766942125
51847,45.45992675539786
51848,37.53986793732238
51849,48.70859401741518
51850,48.608621073078304
51851,47.97258600264448
51864,38.82681611571829
51865,34.15501711319701
51866,32.8517683092836
51867,51.68649704454563
51868,39.390710680015914
51869,32.003917371367045
51870,48.761577658280345
51871,48.71531171362545
51872,44.89062760475668
51873,53.536846278102864
51874,54.1412227837329
51875,60.16750858716156
51891,16.453805178696413
51892,14.26400277427048
51893,23.39051129507155
51894,21.28935177025848
51921,13.182262577790006
51922,34.01370917566881
51923,33.19742594051666
51924,20.8466127216611
51925,36.24450744460833
51926,37.795144892765975
51927,38.70964856399938
51928,40.869267904763
51929,40.37191216877342
51930,42.68801703229437
51931,43.704245322490195
51932,47.154966139483705
51937,40.391428495117864
51938,47.81820144721278
51939,46.01790036523942
51940,49.99978818910896
51941,57.378473428125076
51942,45.707323439557854
52202,29.082059958068985
52203,34.07787211828643
52204,33.58478442443173
52205,52.95164932393731
52206,17.027148918208827
52207,17.33456749036933
52208,24.79983030058489
52209,35.89910410754222
52333,31.910174528424673
52334,32.926540834159496
52335,37.04151240059419
52336,34.08754918389386
52359,30.857917504931496
52360,36.38372138693965
52361,23.017253930657475
52362,36.36517997760522
52363,55.472598546245116
52364,40.59236679022284
52365,43.760283297381605
52366,52.93802239124624
52367,51.14389884802258
52368,49.813305010894986
52369,49.2862971981198
52370,47.9119794617118
52377,9.156215454619929
52378,11.328138596943505
52379,12.65906009845946
52380,13.81577077441791
52381,16.974719907818557
52382,17.890287254310856
52383,18.632114324015852
52384,33.12742067470618
52385,40.27865309671649
52386,37.55498628640072
52387,34.76732302009374
52388,45.86752062537481
52413,59.638879687088114
52414,50.68153755773311
52415,45.76589226441184
52416,48.13899011022955
52417,49.934379963466164
52418,49.56542027381551
52419,60.69622821084262
52420,62.5629962242534
52421,54.82023609689945
52422,23.90669008061598
52423,17.72178857190968
52424,15.24696663789873
52425,17.445337449911285
52499,21.416970131301156
52500,32.37800780712435
52501,31.560210170987265
52502,36.317574870966766
52515,25.930125852085414
52516,44.78501946917351
52517,44.5362574969137
52518,52.41211836814817
52524,11.357486049534575
52525,19.848820022132898
52526,19.01343505312174
52527,33.67501628700934
52587,26.76183269500749
52588,23.36331489722001
52589,31.17372586782694
52590,33.75090701398398
52591,31.07966516662627
52592,38.13915176571471
52593,39.26960259664249
52594,37.50089222977365
52595,46.15559262003348
52614,29.34735341265831
52615,31.486526659644166
52616,34.708543042479796
52617,36.04766775675645
52657,4.481897318947838
52658,11.587653669613442
52659,17.376766033152872
52660,14.262150198407506
52661,41.491496763330154
52662,39.50219599618586
52663,53.280095911694076
52664,55.691313823948924
52719,40.555463641687275
52720,33.8125440560749
52721,32.401152078662506
52722,35.199132533663466
52723,36.296665282780765
52724,43.88833583654738
52725,50.414170051482394
52726,42.42098722657902
52727,45.628717245999084
52728,51.52719029032289
52729,51.952279208771024
52730,50.96855956424007
52753,14.750178399838246
52754,12.952981076318537
52755,16.69348345709874
52756,19.18893392208769
52757,10.486717490649019
52758,18.10953037116981
52759,21.798544418301386
52760,20.041915244257517
52761,18.71161512685269
52762,30.909075940537655
52763,36.65299906188152
52764,37.84067019688237
52802,46.4981915164585
52803,57.34478083149441
52804,54.01733202621875
52805,63.42464874063987
52806,64.17189311360647
52807,69.54460692646937
52808,68.5055293642406
52809,62.39334366640119
52810,52.93441841289249
52811,58.970807135151375
52812,67.58895671457746
52813,69.3404548040999
52861,11.614262298152552
52862,29.438673428109713
52863,29.954855709708855
52864,33.51750926617965
52865,49.82507416776484
52866,52.593210588413214
52867,43.93221033982637
52868,40.99105044230118
52869,53.7051586902421
52870,44.4179722432932
52871,55.84653239595876
52872,49.32926579992475
52913,19.723257183300003
52914,17.35842872804195
52915,18.969950114466357
52916,11.888655717253588
52917,15.683191512371144
52918,21.526319822220312
52919,17.578602236122194
52920,18.73000249424961
52921,35.325343978235644
52922,33.12166633734848
52923,7.208342812099383
52924,26.019742966674187
52925,21.192477164685695
52926,24.042898181011555
52927,30.443897438801102
52928,37.6628972395991
52929,34.05629829169767
52930,31.0866300850043
52931,45.17701027322474
52932,36.784919628903154
52933,48.22813513274578
52934,52.84835773394639
52955,21.192070877300267
52956,49.189044764898156
52957,13.712920675935925
52958,36.061405514772794
52959,58.36953770843371
52960,43.44519055533729
52961,46.809336243268724
52962,53.54266359664355
52963,48.24071295045299
52964,58.92378205823452
52965,52.3081483163949
52966,61.85003486371896
52998,40.09397704049255
52999,28.45392879358631
53000,34.79814047934284
53001,47.69885808665132
53002,29.906602966258376
53003,26.247739383526905
53004,41.54856186338177
53005,35.74979400629058
53006,44.680147069338695
53007,40.82828966208062
53008,44.27158621682001
53009,47.916407355231485
53010,50.21273297530128
53011,48.38695543482821
53012,50.81334552658112
53013,64.68434019246365
53014,21.58782017125086
53015,26.816603106406284
53016,32.434171222159996
53017,34.334076974515774
53018,32.16072856945014
53019,33.804579254875975
53020,48.623754041683554
53021,33.9582150729516
53022,35.87908175965466
53023,53.35749464102554
53024,52.07992580913874
53025,50.8595680901371
53141,28.558468085940444
53142,22.588927316261106
53143,41.354679431492826
53144,34.89850098952392
53145,34.23821474092291
53150,8.656901615336311
53151,16.728035416997283
53152,16.408327006113378
53153,17.49654331562315
53154,14.703700839066146
53155,14.995094692766582
53156,18.655957403657787
53157,34.52207231854715
53158,44.568526442020314
53159,32.58992894190092
53160,37.13685168015649
53161,41.00053162085028
53162,24.017428074741318
53163,23.23573899318418
53164,29.86588165104883
53165,36.82858675754196
53166,29.507121738423578
53167,30.573765019220218
53168,31.069227350532724
53169,27.86236326497715
53170,31.958762899518142
53171,23.517630957915046
53172,31.212719219396014
53173,18.205468259125176
53174,30.568937631373682
53175,31.036112614956657
53176,29.789056151735053
53177,17.62245474195247
53178,38.48838610387269
53179,42.87689148385527
53180,46.16102528138585
53181,51.292080085102455
53182,50.59321159899953
53183,37.53758134605189
53184,36.693931640130934
53185,44.63130300471761
53186,44.852919521842274
53187,45.82296200951571
53193,30.46409770419263
53194,38.982063525204296
53195,30.66175790363001
53196,35.985474443179335
53197,37.57368213339175
53198,48.44661077022987
53199,51.50156478784955
53200,54.35786609504502
53244,29.951817898863947
53245,42.27615997191337
53246,28.744083933943138
53247,41.989616176760755
53248,48.31821390309882
53281,23.64384614970626
53282,20.186851921395714
53283,25.102172509714393
53284,31.43069798443736
53285,28.782569208851008
53291,45.33552940058962
53292,39.67512430387285
53293,45.964814439993596
53294,40.75124317199666
53295,41.66923828687582
53296,54.34003661675053
53297,64.33802001394936
53298,45.81544579942954
53299,66.05446687952283
53300,53.483031047497185
53301,60.565214996015264
53302,62.310855107303
53318,32.6646870416774
53319,27.105701164827725
53320,49.31870036707433
53321,43.01922468778156
53322,56.31513959360669
53323,54.75135602285616
53324,48.40945134626391
53430,27.68075606975909
53431,38.39441868900213
53432,40.541552774637154
53433,30.612579620804905
53434,43.26627879692845
53435,34.83727197569327
53436,48.45513856473738
53437,42.23661573051141
53438,46.018369070695194
53439,48.540304553218
53440,42.29290046100197
53441,37.256276708494546
53442,23.554755599348926
53443,30.94892735493139
53444,41.9397884167845
53445,31.024214535160386
53446,43.08908746622644
53447,39.959057887262304
53448,38.43557165809552
53449,41.478516284622565
53450,45.211623301454445
53451,48.882160113431894
53452,37.34959348733937
53453,45.63233555724417
53483,11.783772257488417
53484,33.43924568248161
53485,32.49786821968549
53486,34.8573825108093
53487,42.03859581613153
53488,44.29596843521244
53489,50.324091388632084
53490,58.613526330427206
53491,56.273914553306845
53492,49.67896965086591
53493,49.219442362730625
53494,59.901017569055185
53527,40.9970263414855
53528,27.07229689403202
53529,42.503135385474245
53530,35.8807055588842
53531,45.638076709576076
53544,25.328513995066075
53545,40.7856093674087
53546,35.60807436437872
53547,46.83746235034925
53589,48.72078453450682
53590,48.02188847909446
53591,56.70116393420024
53592,51.63576423746479
53593,56.24079841314286
53594,55.954435382943686
53595,60.012491696676086
53596,62.173469746788896
53597,63.645092114694364
53598,64.97133524061549
53599,62.066068995480094
53600,64.26107380709216
53651,34.575250184152935
53652,59.392745335587115
53653,46.410962172280186
53654,54.91081742573156
53655,57.941549060792426
53656,50.03609829626188
53657,34.75232921441065
53658,55.1240328293925
53659,55.19841675820071
53660,61.901611789278114
53661,55.94634575390201
53662,60.409554172824265
53663,49.290612298907256
53664,54.55839564525429
53665,64.17875585320752
53666,50.212129317015815
53667,31.787166197319085
53668,31.988344120668028
53669,30.076635136121833
53670,35.30977451327356
53671,37.45017161968923
53672,40.66382375284729
53673,40.41026947559077
53674,41.614624305899014
53675,45.58170025084715
53676,56.5645775220368
53677,40.26262082908526
53678,54.084575677680206
53703,25.511768764177617
53704,35.08725735198848
53705,37.29374017679509
53706,45.37512734816361
53707,54.16892940330275
53720,4.505964675564197
53721,9.291939914518649
53722,6.2574173716664605
53723,18.31612762841173
53724,17.81961084954498
53725,15.262461792908896
53726,23.008201566457327
53727,14.332564729778076
53728,19.751471099001147
53729,38.965767832285685
53730,42.83782351283816
53731,43.016181983533706
53732,20.739301419380602
53733,31.076425135168144
53734,30.706209440220967
53735,34.827116138397464
53736,41.283089312880236
53737,34.75034932641588
53738,28.532091514734642
53739,41.209061642270136
53740,36.008065662315765
53741,38.804923479027046
53742,46.47409318554145
53743,46.132855397156035
53794,15.17441151961433
53795,20.324582837792665
53796,15.445591081580362
53797,34.11673415530176
53798,15.445591081580362
53936,41.31489489025558
53937,44.677213569875164
53938,43.335443979464436
53939,45.86136429248927
53940,53.69720347515591
53941,49.09548392475868
53942,56.64702172333967
53943,52.093274830900306
53944,49.91115337961955
53945,58.71750497572578
53946,54.27850203331939
53947,67.4816179956979
53954,3.3986706568520497
53955,5.549023754164347
53956,6.24492938490817
53957,10.840219631746308
53958,13.027542037611287
53971,29.955300904583236
53972,34.22616816563991
53973,35.66317220982355
53974,36.72094782163194
53975,36.94751069974202
54001,24.683069027625212
54002,23.965037206361753
54003,30.839159540754792
54004,40.969293421847645
54017,21.566795351524156
54018,32.17331899499152
54019,35.886835339405
54020,28.745345224010446
54021,39.25080951073271
54022,36.263567390050426
54023,42.97174079016861
54024,44.995673841076936
54025,41.706462812954626
54089,37.20163149835834
54090,26.334948445527857
54091,38.812518965588055
54092,38.68809988562625
54093,46.482645969866496
54094,43.961003422806016
54095,59.54565434990244
54108,50.440188564775426
54109,46.43431324970829
54110,39.37487878946339
54111,40.149471932026884
54120,12.787723202962232
54121,10.56651454076287
54122,15.307032671776671
54123,15.307032671776671
54124,16.39524898128645
54125,20.11833308843118
54131,4.534627498294868
54132,14.092893602701626
54133,6.395718084559701
54134,17.516794399002485
54135,15.510616985886754
54136,19.171787746594994
54137,13.708769967846413
54138,31.956446481327955
54139,40.512788088824195
54140,40.00755704627863
54162,23.70510712489134
54163,40.548970316630495
54164,35.02189474319061
54165,38.35064676635004
54178,3.4973153527191783
54179,6.00802667382707
54180,9.72461138191022
54181,14.087566217954882
54182,18.16772864146056
54183,15.564629869880111
54184,17.774107027781884
54185,14.357714084579694
54186,18.35018819065875
54187,31.162977026035918
54188,31.48049947433238
54189,35.98987361328288
54202,59.10776453212622
54203,62.75870840730978
54204,60.31188541319167
54205,63.004441192175044
54206,65.10331129355858
54207,67.23273844714312
54208,67.73946564001548
54209,68.84279714172166
54210,70.99956389099955
54246,7.869399515037368
54247,10.897257810340268
54248,13.739180554127698
54249,6.585358689887804
54250,16.943148088409508
54296,54.526992120121214
54297,35.06295757547101
54298,37.26346020199643
54299,50.3685601636115
54300,41.697052183121706
54301,43.95251978912154
54302,57.44733355420791
54303,60.72553910853424
54304,41.34307617051173
54305,67.05525085711238
54306,67.02178193704987
54307,57.937941161062184
54323,20.29302517970906
54324,14.357811921628459
54325,15.548280406321453
54326,18.276933441900002
54327,18.9149963595162
54328,16.879722404483072
54329,30.785030062833354
54330,34.513735163011106
54388,21.329603787172058
54389,37.82637323564579
54390,32.651121733676554
54391,45.418048025513855
54392,42.645457150882905
54475,4.185927314681371
54476,13.611564809423191
54477,14.29067999699538
54478,15.509885107989698
54479,16.37602428615385
54480,19.116217078562297
54481,16.37602428615385
54482,20.137821960655465
54483,17.910613180430616
54484,17.910613180430616
54485,23.185589111363534
54486,17.380827892601253
54493,31.643613084363363
54494,30.180182089680944
54495,32.522973006332336
54496,33.726231287153645
54549,14.650979909406788
54550,13.552703438131893
54551,20.205140705963917
54552,31.361396774145874
54553,36.42982224947793
54554,32.7827251665595
54555,44.19995471026096
54556,38.88619432736982
54557,48.97496920589092
54558,42.37498186899028
54559,42.21543188962169
54564,3.479027820512267
54565,8.831611603438922
54566,14.075975719374464
54567,13.884633080489248
54659,12.967116169111183
54660,20.893377438405356
54661,22.35894221845662
54662,20.2340091244209
54674,20.097004183496992
54675,31.189938585488616
54676,33.58481509862159
54677,30.612021828507128
54714,20.526372578922867
54715,21.097596165977727
54716,24.31832760464607
54717,35.03655154249981
54718,43.84133361629152
54728,30.411247035541848
54729,40.3666357056267
54730,31.78745825255977
54731,43.35885547186325
54732,43.4111842223035
54785,23.71899212022534
54786,34.34376898804358
54787,36.39709839910667
54788,28.37951225613289
54789,32.846169066047494
54790,41.49578569951035
54791,20.084254878021017
54792,9.237787626414516
54793,21.854690754780844
54794,20.355355066454425
54795,30.66813250169428
54796,35.80358726152128
54797,37.284305843057275
54798,45.66569840996571
54799,39.21797395869
54800,54.25925770043132
54801,42.0058470008482
54802,36.25873760130709
54851,22.323589399385433
54852,33.172880187116405
54853,32.39034373688161
54854,37.17459763359344
54935,33.48119711765808
54936,45.53838151053973
54937,50.72760393861981
54938,47.572449765431585
54953,51.86942939698067
54954,63.458892679353326
54955,54.059857278441974
54956,63.80402304635115
54957,59.520934635435424
54958,61.021808636442515
54959,58.62230625313486
54960,60.435584987300146
54961,68.1088063020506
54962,62.10627486337648
54963,62.69045056875283
54964,74.1719247719266
55017,40.422680296685996
55018,53.24713990031832
55019,30.291094911068
55020,49.30025667448997
55021,41.826021892700616
55022,61.967456620568925
55023,52.285799153413365
55024,56.87902572042852
55025,61.351201998977345
55026,52.842912615863085
55027,57.17854887000212
55028,62.643673197515575
55041,31.776157672146596
55042,38.02676030862164
55043,48.251517293973436
55044,55.657428320880776
55045,53.617448983738434
55046,41.90489782322983
55047,40.93076757242655
55048,58.594572757539844
55049,39.549176201986214
55050,52.41790774067742
55051,49.73626537035408
55052,59.231088553746226
55060,42.94603027679822
55061,39.61747742661167
55062,51.646890566662236
55063,52.608585619585156
55095,39.025091908336705
55096,41.562413109047995
55097,41.11955653407484
55098,55.087043608123416
55127,36.16994619968466
55128,29.83408979642045
55129,23.002486352139957
55130,33.52202604965536
55131,28.728725709664047
55132,33.53454551627604
55133,32.993999449300254
55134,42.722021978666774
55135,55.46103272614411
55136,46.80414482835148
55137,54.15627488079161
55138,46.31974441234551
55179,22.37833580155511
55180,37.67169540350663
55181,34.49056387475316
55182,43.36975571783538
55183,40.6722450794609
55184,30.7375924189582
55185,52.62684079920435
55186,58.61263805033202
55187,40.579865834076614
55188,42.533270169182806
55189,47.302432539533626
55190,53.249800766582965
55191,61.72490720627345
55192,49.90807450793915
55193,59.86403844911248
55194,63.44920566502766
55220,13.67586871540133
55221,20.5214252342896
55222,17.66135002240526
55223,34.017058351080365
55224,38.109189725223516
55225,37.64524260956878
55226,40.27062037198259
55227,46.21304368690032
55228,42.212080332253436
55229,53.53963303905193
55230,37.10722148144559
55231,41.42438501990799
55261,9.508537458648128
55262,16.452991823922982
55263,16.44337960226962
55264,15.355163292759848
55265,14.008446881458756
55266,20.045064778920022
55279,44.07195941170301
55280,46.9774653907765
55281,41.37980565924217
55282,47.73876705830441
55283,53.38200273523818
55284,58.770619422123765
55285,54.671025858100904
55286,63.06353369094147
55287,63.07648324612722
55288,58.63252542639609
55289,60.62777994008286
55290,60.475410213056705
55349,51.862766729449184
55350,46.08466986316092
55351,52.80670423998637
55352,52.07139907613755
55353,43.430169947740765
55354,52.305281923432425
55355,60.63919104803049
55356,54.098860623065
55357,58.03656323146025
55358,64.5904531175865
55359,59.7348921279311
55360,62.53503495618737
55517,10.43025060878735
55518,22.365767851043582
55519,14.290204458140684
55520,14.053128050048564
55521,9.528905210407506
55522,17.167743884793932
55523,17.167743884793932
55524,17.290321566150695
55525,24.628967467650014
55548,27.97606668990534
55549,26.993093529273906
55550,17.25163458448367
55551,28.87129995299439
