Index,target
66,21.507381101871633
67,30.189394657712068
68,31.358988412081025
69,35.225768492961784
70,33.42907068895782
71,40.633776123343615
72,39.761614829751075
73,30.852300048285162
74,50.32127691501542
75,41.46249382979586
76,57.47487881496551
77,52.06993785789368
141,32.06096611209084
142,33.795723890291164
143,39.39884795329703
144,41.937571997577514
217,27.623638930995703
218,35.14177608413955
219,43.78081744729638
220,33.943079128941505
221,14.108697373496126
222,20.985024303503646
223,12.8207644290327
224,17.66970953336863
225,14.797558563671014
226,17.268895071398678
227,39.563878294866775
228,36.275039192743534
229,45.445973669646754
230,36.14438494051523
231,48.868975481743036
232,44.49220395588855
233,33.87427765289279
234,47.9042957300294
235,46.8103292054898
236,46.48400302314344
237,45.82632952962031
238,50.93643611182118
239,55.34044711327005
240,50.47004389568341
241,82.09632851455213
242,57.143180972451546
243,64.02653744135887
244,66.87573782441643
423,14.190469893397667
424,18.20865887835279
425,30.118968857809428
426,35.167699198137235
427,37.128679920744595
428,47.650839930466574
429,46.1037000579635
430,38.991035888261266
431,49.54865899569614
432,46.696286155541024
433,44.33966347570126
434,38.07469696055009
447,17.949742304374713
448,22.29713383518314
449,21.17635252771173
450,33.23258325247554
519,26.324939404067358
520,40.23506838781002
521,41.69299312373747
522,39.25433193953987
554,13.170064730303036
555,22.817983183547252
556,46.38687722530469
557,38.693937492466944
558,39.74776161400437
559,15.771258671520176
560,19.443911589181198
561,18.732030661904474
562,22.060863980986326
563,33.44838456265682
585,30.189994363585033
586,39.197377151657825
587,33.56584850153128
588,36.01583482111743
589,36.490319835664316
590,38.96319710284587
591,42.895051157055626
592,43.823503940406965
593,49.575199239051294
594,45.91745443614124
595,38.4584887953946
596,47.171209938955734
606,27.399781610064426
607,25.872196481317797
608,35.66661910252135
609,34.608968467689564
610,33.36876067064894
611,33.35374608999122
612,39.594547151084704
613,38.506407905283076
614,34.5820311849193
615,43.27729181909843
616,39.69396322472273
617,45.903690261130166
618,22.649184431430736
619,34.97498759499671
620,36.93164040624033
621,49.24041904609312
622,41.766373561047395
623,40.78591490028721
624,44.98527037915785
625,58.60758061458583
626,52.658091139837246
638,44.420333037676244
639,41.02795975860072
640,47.19776941106921
641,55.42313806052935
713,47.92618551294549
714,35.81535930553252
715,59.76494885132168
716,57.46644496576979
717,58.911610144565785
718,50.342565713773205
719,62.441104067432406
720,64.8171769540684
721,57.059650525502974
722,58.02754503454887
723,59.715843416834744
724,68.3968448546533
731,31.691134573192944
732,24.891764326796782
733,28.582322388471425
734,31.589049618093227
735,30.618108501635348
736,34.42518717081017
737,37.765725847441
738,36.293266427767
739,42.207759921377615
740,39.144333590756546
741,50.18970734322667
742,51.05347697027623
759,31.647745827835767
760,45.29414437214264
761,36.291731068809824
762,35.28050159101435
763,44.13133794834582
770,32.27147719726632
771,39.08828459233175
772,33.82070084245402
773,37.64234291028291
774,41.994378768498215
775,14.253799930596932
776,31.363754190926514
777,29.150758269771007
778,32.576897690042955
779,41.93765626952318
780,41.09791136611542
781,36.46368893686777
782,29.07631451511846
783,45.74798722903194
784,54.63137729125051
785,55.99567782422346
786,44.68428895675323
787,40.81736453853249
788,47.73979529479309
789,44.00686009341247
790,51.23243786963483
791,52.09738813842073
792,58.54406566505384
822,36.618873158763314
823,41.968034511673565
824,52.957079887320624
825,46.57399838770703
826,54.58051089226993
839,22.588693723505955
840,22.008654632329744
841,35.399500183800335
842,37.83810325934103
843,37.17675564032398
844,44.4008606505828
845,43.44193582190487
846,43.46266288870206
847,41.0249798279456
848,43.62568304859388
849,46.79308554225211
850,47.76992263398999
911,19.82163117597897
912,17.671440769550475
913,30.8518232139926
914,21.850953064195917
915,21.288579624591595
916,34.5232787443628
917,37.955991654116616
918,50.65274589066683
919,41.80282837043541
920,42.18275588720535
921,47.43681248048989
922,45.93386167872017
944,21.769212127731567
945,34.53704724012883
946,32.04504975368886
947,31.514623753899592
948,36.23710955410857
949,48.410285525344484
959,44.36982900872151
960,52.67194492579392
961,52.74841403557245
962,51.36593867951637
963,53.32377294372231
964,46.49558400110719
965,58.5591262044938
966,60.702554150498706
967,62.55357022183479
968,58.644691100111636
969,61.71007583282081
970,61.82213652706219
1097,25.30566139017529
1098,31.076596054035605
1099,29.821054766330757
1100,32.47759740908497
1101,45.818520781509655
1102,46.16955070599302
1103,33.26763409748965
1133,29.879198226041282
1134,44.48626575097741
1135,46.36520221830604
1136,46.82300248022547
1137,59.66743682847915
1138,59.52370861294219
1139,30.480086118473555
1140,36.837204565347065
1141,32.7881772131067
1142,31.046051121213367
1143,47.17251655709542
1156,33.76111892495518
1157,25.832043954438483
1158,33.28362562326725
1159,38.09214015031255
1271,29.555448570891528
1272,30.512249505732154
1273,35.52149011798369
1274,36.594804656845916
1275,37.10483487605234
1276,37.37181940542261
1277,55.512788241565396
1278,45.41344679323906
1279,47.70416282741367
1280,51.328259280480204
1281,52.226861258431974
1282,54.72061615213812
1294,52.624252873845826
1295,61.92656928177776
1296,60.212569454104774
1297,57.378580769153146
1298,56.427605396321425
1299,55.49299572233125
1300,62.80137121310784
1301,63.16500264206633
1302,74.11011236464863
1303,64.76160195255373
1304,66.88221549004689
1305,78.4613905946003
1318,10.402751158218145
1319,20.904976616800273
1320,9.85754042664544
1321,21.60186197852987
1322,17.962487696844025
1323,30.142406007864338
1324,32.90578656256804
1325,36.29977708129076
1326,38.85225708618059
1327,46.120139834987334
1328,38.864539660490415
1329,61.78056215647154
1443,25.253157088497474
1444,34.92174516383887
1445,43.62400653780776
1446,37.64706705639827
1447,31.132710239569242
1448,34.91658798751
1449,30.257393862832814
1450,37.17372559489313
1451,38.64158606963791
1452,50.15277033834287
1453,51.080760136690955
1491,24.008350736754828
1492,32.5349491426674
1493,32.40809970662117
1494,48.045851388219084
1495,39.66236218258581
1496,42.39113111814766
1497,34.22635816744306
1498,45.75111358055637
1499,34.68621153234168
1500,43.46435168215668
1501,38.58647094382438
1502,41.1429974544625
1540,41.66842552892937
1541,49.4061544725799
1542,42.623349612408575
1543,37.98858870160248
1544,51.67562447780928
1545,34.226209035213465
1546,49.01999346343752
1547,50.057847089407886
1548,64.12886834356684
1549,61.54658115790341
1550,63.79550352642181
1551,62.01025537244514
1682,32.51136795047511
1683,55.75334683407105
1684,46.90079348133685
1685,52.755672211998984
1686,46.716857225951685
1687,55.95452542664392
1688,55.38107741051037
1689,60.5690885789452
1690,57.16312125229466
1691,63.59369922190188
1692,65.325598392291
1693,62.80325578554139
1788,4.563765280814898
1789,4.742202903313686
1790,5.619787938299139
1791,6.0682722802458615
1792,8.141665610080135
1793,10.135773665633097
1794,13.80060564571705
1795,22.72542675255673
1796,17.066261519298383
1797,19.055811174610916
1798,22.735865853501693
1799,24.51791346997976
1823,3.75371623081908
1824,32.21418158999701
1825,33.741756467718425
1826,38.92899467180187
1827,40.20337134926712
1828,41.226630430765944
1829,47.07904895151897
1830,42.91419396969105
1831,63.15817874600345
1832,59.60000343003681
1833,39.02638094963796
1834,56.844226029792104
1835,4.437602535404096
1836,23.48534312986181
1837,33.23449929475588
1838,31.383872300381608
1839,38.81177412471234
1888,9.9359450434092
1889,19.696030155901564
1890,19.773189439914084
1891,18.291921853138618
1892,20.04115786074948
1893,24.490227338450456
1894,22.105231004798906
1895,34.49669722917576
1896,37.56725805119038
1897,44.56309412180926
1898,61.03260699028129
1899,58.888112830584824
1900,14.290135135961357
1901,36.47527817477872
1902,31.789451696751584
1903,35.25915327511292
1921,19.415114412253335
1922,28.635778000988985
1923,33.46175299762785
1924,32.45520385774658
1925,35.25779821451826
1926,37.668967647609776
1927,37.19652657501419
1928,36.752125351072195
1929,38.351896023215
2057,20.39839212216502
2058,22.220604179744125
2059,24.308891759376337
2060,43.528025062308096
2061,32.00598633919678
2062,33.303764857965874
2063,31.747143734342284
2064,37.55264122534513
2065,42.87178914343968
2066,50.68345908362337
2067,51.0120388581926
2068,58.72336702852226
2139,48.27969037711934
2140,43.17568892590503
2141,47.01692791126207
2142,72.24849204359208
2218,20.87479227700686
2219,38.6254092709615
2220,28.78158575822543
2221,35.932260325013196
2222,39.08903132020016
2223,41.6237856469401
2224,40.04060406857388
2225,49.80805293372558
2226,43.23996605160863
2227,42.936723096050194
2255,39.90824528850744
2256,30.844445536057915
2257,36.36883460976018
2258,33.815038976604306
2259,34.152249766599994
2260,33.56650946417155
2261,42.51841421407137
2262,49.713465173238504
2263,47.944234515623506
2264,41.917980802976494
2265,49.54641206898249
2266,57.72738326963845
2271,31.061569863128465
2272,29.921272577551953
2273,37.467153337281346
2274,35.32562426033956
2287,26.25762334702321
2288,18.85017807416158
2289,30.79914452853984
2290,41.91101053011417
2336,12.649988133690943
2337,30.000150535312123
2338,33.455404203488314
2339,35.848058693188555
2340,43.699313065929516
2341,44.1770034659677
2342,46.34362323916755
2343,48.14978637572371
2344,47.98588130788261
2345,42.298440099970385
2346,47.439446306997446
2347,45.15856675404555
2413,17.411721741752697
2414,28.9734271773563
2415,14.78455572203458
2416,25.77008363807832
2417,33.07350806241739
2418,29.51922693885238
2419,40.642139411071284
2420,37.45421904822814
2437,38.16102160859691
2438,31.10361674441315
2439,43.62453825459659
2440,58.562801702702124
2479,39.2483477754791
2480,44.423409720288724
2481,33.5720790018533
2482,40.24328068618335
2483,22.38308661494256
2484,19.23451871246616
2485,32.137318230951735
2486,31.900209722346226
2487,30.362103264320506
2488,31.489655562703383
2489,47.2926345309236
2490,51.19167404081877
2491,44.449911100585766
2492,31.385754691254
2493,40.190244495791326
2494,51.219068931731115
2535,44.37424028808921
2536,41.52341753021994
2537,52.98398699527088
2538,50.48855807153988
2539,55.49510382896426
2557,29.036978379083795
2558,18.20553207374352
2559,31.057747353519687
2560,40.827496536528436
2561,35.29798755998311
2562,31.304808564959984
2563,37.575690534425306
2564,62.15656942646888
2565,47.92162317948772
2566,44.333302328194726
2567,50.71114325136538
2568,55.95929699401146
2573,39.20722249570481
2574,42.42657865609682
2575,37.70472712670297
2576,60.3693414419521
2577,34.0114354862734
2578,49.94749212324686
2579,51.3207509865515
2580,41.64106087670159
2581,55.21385487792748
2582,56.807882195038545
2583,60.6903842656082
2584,63.689512693447504
2585,17.931940560843284
2586,14.364212902251674
2587,19.007996324383754
2588,9.405020902236092
2589,36.16565693784458
2590,38.78653037904249
2591,47.40552029000786
2592,47.41851646454908
2593,51.24761939594496
2594,30.030583012700035
2595,33.6518958599278
2596,32.34566373539609
2597,36.16787162200604
2598,57.707669922791844
2599,40.370490142741225
2600,45.6827110902589
2601,50.51893806124668
2602,35.59059910639586
2603,39.53709383241495
2604,54.93015376764162
2605,46.90103360055689
2606,12.190073478269163
2607,20.5430952743794
2608,13.95265537974535
2609,19.306465209983354
2610,17.78684943952538
2632,50.865884277189615
2633,41.00796948558408
2634,52.971435718152556
2635,41.75944533751697
2636,25.587967583121692
2637,28.73349019349391
2638,32.42122475924009
2639,35.065067527572765
2640,34.23898201912131
2641,46.73100143546379
2642,58.32727791995345
2643,45.68068489910045
2644,54.81279928703241
2645,61.863973336843365
2646,54.17673159148559
2647,51.609862481333685
2672,8.16720767189192
2673,10.322172533289292
2674,13.683480547134268
2675,16.60360549120629
2676,13.953740850804037
2677,24.483934249516413
2678,20.77484106454169
2679,39.51700217049407
2680,35.545066958847976
2830,32.64664763926043
2831,15.55268748627631
2832,32.54040995394959
2833,19.37828234216962
2834,37.4306444575243
2903,10.119651366685511
2904,8.290518871092
2905,12.492828263369372
2906,11.413036693776245
2955,37.04983755198201
2956,45.77801983535331
2957,38.3432795549093
2958,37.167593026536636
2959,40.383475964563885
2960,46.11080457320419
2961,48.77745646965539
2962,57.51309386109138
2963,59.955330794700714
2964,33.576323914243076
2965,43.11768654954237
2966,51.437583200655176
2967,47.775842904312434
2968,46.06943631249394
2969,48.82367185888409
2970,61.4876171964347
2971,54.8261385471143
2972,54.92772365911298
2973,58.61568480400003
2974,61.131961355788604
2975,56.7235046616399
3006,54.70100353631174
3007,60.83605807387662
3008,53.69746377588203
3009,68.99518789931182
3010,58.42384909096832
3011,66.95401916215026
3012,65.50253343663363
3013,61.857552104549875
3014,71.4253302018225
3031,28.99645353456359
3032,21.531248338607465
3033,48.08835349556559
3034,53.82794339334775
3035,39.40240311944443
3036,54.127629012205546
3037,55.05739021391898
3038,48.526454941188206
3167,17.578016734625773
3168,21.080757400317886
3169,22.48009583336195
3170,13.354982776983626
3175,33.384227108067044
3176,35.575770249982355
3177,34.531268705784974
3178,33.134362115118975
3179,42.60064217003476
3180,44.057282439699776
3181,50.48098632966482
3182,59.12183628788107
3183,58.13762595805617
3184,43.31667840299302
3185,62.51931893698772
3186,57.5117197057971
3192,26.755271786779662
3193,22.030568006123477
3194,32.71447908304633
3195,40.58251173187251
3196,35.09071758737782
3197,9.828814466571709
3198,5.5341822419087885
3199,21.285554795431764
3200,15.455155554981772
3201,31.713886410771455
3202,44.036819815697875
3203,32.020367117130405
3204,50.327691228668655
3293,41.63894784567406
3294,42.888520771606686
3295,33.689898202618366
3296,38.529086008644676
3297,32.25008137228994
3298,43.14794539603892
3299,50.049685512415714
3300,39.84125559432738
3301,42.35623192630321
3302,53.016748317495214
3303,53.95213469840505
3304,44.75944696202377
3305,43.73515155822044
3306,58.39277285980429
3307,58.46824541762445
3308,45.26655542142508
3309,14.901685947790744
3310,20.642798598240233
3311,36.25666525329446
3312,35.32969070201512
3313,42.30950068076894
3334,17.759891296873807
3335,34.28409683629716
3336,35.88908970045367
3337,32.52853659635365
3338,32.036149334902944
3339,33.557309377048504
3340,32.53506686086777
3341,37.383701201813984
3342,35.57338536831018
3343,54.93059097190633
3344,43.465701831184234
3345,41.27232419268251
3346,53.737757914426005
3347,34.559886572182585
3348,41.75566480199359
3361,19.910558348799483
3362,19.857627051620124
3363,15.885117204382498
3364,40.89208004612178
3393,18.715724239275804
3394,19.850454780699305
3395,23.618998346913063
3396,26.800699094683946
3425,32.14580479834286
3426,33.755185600525245
3427,36.84501604481258
3428,58.38750089007298
3429,49.557216032365424
3430,53.41571889559634
3431,54.77802284560801
3432,56.56706590358881
3472,14.341107735217447
3473,23.049436732341743
3474,15.951005745556815
3475,16.95668669179949
3476,20.73375465492295
3477,39.787669966914365
3478,40.51872237044689
3479,39.837708849790545
3480,42.489439580205634
3481,48.40118185159512
3482,34.72639693189504
3483,43.696865274249454
3521,18.953117579435386
3522,8.493887357440983
3523,15.99047618892703
3524,23.2815833317002
3583,19.545373407397012
3584,14.071595721476534
3585,8.83917949222736
3586,37.25386690082158
3587,38.120054744879
3588,37.86103391624679
3589,41.17796921866885
3590,48.46193428575832
3591,47.428076110250615
3592,52.840045923981606
3593,40.01560770586358
3594,14.41738977510574
3595,25.921112656053758
3596,29.422830142158016
3597,40.87764995884732
3598,36.632705212647814
3599,5.572665608346402
3600,6.142939710094021
3601,13.604262344553016
3602,10.483769783198165
3603,15.037312447210386
3604,18.516969445764786
3605,15.281445443739523
3606,27.517880119411792
3607,37.97426001373652
3608,35.09093475342224
3609,41.43786943870025
3610,36.08820431760833
3644,12.95157969927867
3645,14.956122208535744
3646,14.840446265650533
3647,7.732123391708553
3648,17.504775129518645
3649,19.962490937027084
3650,21.058641404952663
3651,35.72087040873097
3652,34.5079198358698
3653,40.89833383845476
3654,42.684929395645796
3655,44.15770272462522
3812,32.423471716923636
3813,32.79172500019433
3814,35.79680550763561
3815,36.932025761374845
3816,55.3223575565521
3817,55.15330357383638
3818,34.61634921115262
3819,34.15277678055638
3820,43.658709097023184
3821,40.23483129473649
3822,48.80690853353135
3823,43.344880863062905
3824,53.25259705497814
3825,54.5727126836527
3826,64.25771083288993
3827,50.432794892094954
3828,49.20250992378333
3829,62.147026634549924
3886,29.346395588595982
3887,31.060846978500773
3888,39.668212240913206
3889,32.98672824154962
4051,14.291345367413491
4052,22.97605715785879
4053,21.783800760693723
4054,23.75406893877059
4055,19.859659324334206
4056,13.298718752272405
4057,17.005673643839692
4058,22.721014714958866
4059,33.13829955243963
4060,35.259909138729185
4061,35.046070687586386
4062,37.06718684868001
4128,14.822430299864696
4129,18.361675824247545
4130,27.340082596388587
4131,19.41979135831207
4132,30.822063507394205
4133,30.314282051345742
4134,28.1518759720525
4135,37.25345253444485
4136,45.45214769736738
4137,42.28883172479283
4176,19.156477007989967
4177,28.342019758353548
4178,32.726463338852696
4179,30.358366381400696
4201,49.275024948826214
4202,51.42014909733542
4203,36.863550464596244
4204,34.57781813326116
4205,40.04700503596191
4206,62.30757238092842
4207,72.29552047061246
4228,51.522263491960956
4229,56.42950245250474
4230,49.8594992227945
4231,53.03877913370561
4232,53.553827134951334
4239,22.841925879188896
4240,28.58168266461655
4241,36.24232730449566
4242,36.88947818621676
4249,27.610289739305074
4250,23.66992525465891
4251,26.280884739596434
4252,38.60193905175035
4253,39.44713586103203
4254,40.573013919966186
4255,41.24778357912828
4256,53.96506749882138
4257,36.7009472321905
4258,38.250651861201135
4259,38.19444403661145
4260,50.24413827934075
4270,45.4211084244866
4271,34.21108062468713
4272,46.180775501847464
4273,48.203935211969565
4274,41.1129715634589
4275,48.017320604460025
4276,32.837005497800654
4277,42.583924320648876
4278,38.57960559340879
4279,49.06536713618232
4280,51.24364297376235
4281,40.535247082424725
4282,54.51848098240015
4283,44.6207942122284
4284,48.54268119553324
4285,61.916425902289504
4323,9.975692247001124
4324,22.090944754463045
4325,31.77172456042416
4326,31.177833358084392
4327,38.478406550606984
4328,34.55368741471249
4329,35.413159635593075
4330,54.93870839716278
4331,41.40973669079677
4332,48.678088070049576
4333,40.62376576622095
4362,7.063050779943059
4363,17.231106761242977
4364,18.940978404444245
4365,3.8492826526507247
4366,10.93737033790637
4367,44.92395801623992
4368,14.454851536831354
4369,35.29313777688391
4370,41.27200242791242
4371,33.04418657973567
4399,31.899497788423172
4400,33.8726175923607
4401,36.947987716509296
4402,62.550250482768774
4403,62.744469516500345
4425,25.124116047490055
4426,36.89343498043856
4427,53.504331820823744
4428,38.210639710101375
4429,36.928860417464804
4430,35.555194966774906
4431,38.24763848422614
4432,48.17058725892962
4433,46.0642833303044
4434,50.112969726055184
4435,51.634927309621226
4484,14.422999997804661
4485,15.739246780172767
4486,23.255493619266293
4487,33.760499467000336
4545,19.988615468809222
4546,27.072340214351566
4547,28.34170017459222
4548,36.80284421776106
4549,35.788190328873604
4550,50.36166480225215
4551,43.25001146452177
4552,40.755219246795676
4553,47.52311121628705
4554,47.08321835595067
4555,47.81844873104623
4561,12.896058993958464
4562,20.126211877773287
4563,20.239287723213952
4564,14.460161765281434
4698,22.05186130930836
4699,26.38246508995364
4700,38.151369849946995
4701,37.975186677898385
4702,40.892854863847504
4703,40.99551508320872
4704,42.781709926093534
4705,48.266583383492915
4706,36.0389554424893
4707,47.706144511784736
4708,39.5016194624032
4785,14.83162249063806
4786,19.214356061080142
4787,41.994072388103646
4788,32.5229893259968
4828,28.646859463581475
4829,38.09548938245123
4830,29.91916525019329
4831,36.40568479862516
4832,47.7505199652376
4837,4.816963751071831
4838,8.482319564668716
4839,9.821690791866528
4840,40.07587966574785
4891,21.936966566196233
4892,19.094062551832874
4893,20.88691865263075
4894,29.57257628041573
4956,48.931104445150574
4957,63.042587251501764
4958,66.99044658072766
4959,58.42920749067427
4997,15.297996844665597
4998,24.99832825300862
4999,30.489984651515
5000,30.506947625055766
5001,29.236426591364822
5002,33.97916049866034
5003,30.010649284524717
5004,34.759068523658996
5005,37.301259130951706
5006,35.05461259079262
5007,46.17242660281745
5008,53.488225976367616
5045,4.943214148789335
5046,9.529054350978008
5047,15.214404655621038
5048,17.162626672203892
5085,17.54831656836134
5086,11.640166958237566
5087,13.31029952019044
5088,21.41246911064146
5089,22.861140644049215
5090,36.70663230485466
5091,34.419994016941494
5092,36.50628671860486
5093,40.65929518056019
5094,43.999510639221285
5095,37.850530986458416
5096,45.2205442752192
5097,9.90797534639558
5098,27.926701044554964
5099,30.761613437314818
5100,30.793208162464797
5101,38.80780958438728
5102,38.83416628619834
5103,31.1247172613047
5104,59.941444591205375
5257,8.842930890672253
5258,10.751271685462275
5259,17.4883891047741
5260,9.737453544446064
5261,18.10523239464997
5262,18.115701855666206
5263,29.583254964900025
5264,36.2901447819582
5265,35.45663770780693
5266,33.469565400485976
5267,47.02770364604436
5268,42.87363369745555
5372,48.592079672869964
5373,40.94814323682352
5374,56.4654876766741
5375,52.62313702328945
5376,60.83810342463037
5377,60.77310325260505
5378,54.681144611415284
5379,60.41909727944676
5380,63.60687427682693
5381,63.77808751538356
5382,67.72649168393339
5383,66.39643119712962
5419,20.399769535161205
5420,15.28615044544838
5421,31.977341241231112
5422,31.93234756252878
5423,46.5160169969491
5424,32.85376259666434
5425,44.894302745455846
5426,46.7253032070998
5427,52.49107401050789
5428,54.16647355429355
5429,42.1932863913746
5438,41.39500094280168
5439,46.808552695504375
5440,53.76227089739287
5441,51.72612892526384
5454,45.830219011134766
5455,27.451539938213614
5456,33.82610770016022
5457,39.47731744830559
5458,56.33735868498966
5459,59.30099231390521
5460,51.91142644026056
5461,67.58960965373569
5494,17.686175192393865
5495,15.118307331098976
5496,31.251693343347284
5497,30.909266204228953
5498,28.99885294365215
5499,37.23033050951737
5500,35.51669600202687
5501,37.832438789849114
5629,2.77513767302418
5630,14.681358244483658
5631,8.382690620060181
5632,15.761161227422534
5633,36.20452469413805
5634,32.71426034680033
5635,43.45698606419971
5636,51.12529625065235
5637,43.43256679830588
5638,48.263916428407384
5639,44.405804683064495
5640,47.43411523924726
5641,51.17956386613796
5642,47.76728018932109
5643,52.737028457340585
5644,56.3440085055584
5645,5.432385130135054
5646,17.72204477170975
5647,11.247544228922436
5648,20.739793477689854
5649,19.723216668849464
5650,26.308674041067377
5651,35.19731341015059
5652,32.63723573007427
5653,34.58895782401678
5666,39.41846628359075
5667,46.52095493316911
5668,37.789009101088475
5669,43.96248066920265
5670,37.40856313715977
5671,37.45031210796716
5672,54.207726111186695
5673,57.913599979895515
5674,60.1078750497555
5675,52.20481685881607
5676,59.5232495129131
5677,57.98263280239635
5732,14.810315419640354
5733,33.70043800228563
5734,20.905896748882796
5735,30.89236634591877
5736,37.20523444148521
5737,37.57978565063475
5738,39.71559043398797
5739,45.127654129182986
5740,44.636900743008454
5741,44.32820598755935
5742,42.240559156569326
5743,47.646046016533234
5863,52.49675360005191
5864,38.8584688598366
5865,55.68474477680645
5866,54.68113969188481
5867,60.54765676230331
5868,57.06934578007926
5869,64.67693500938563
5870,63.48992602276418
5871,63.65867290660625
5872,63.78914437071578
5873,59.96793713874969
5874,65.33122306777622
5907,35.909880518405224
5908,36.90026477008983
5909,42.48608303926663
5910,54.495455719868
5911,40.82845535488433
5912,40.97183711690123
5913,38.58389149859133
5914,46.80365571162284
5915,51.78832237663312
5916,65.43258214144356
5917,57.20173991944899
5918,56.26365611184179
5940,28.984396859388912
5941,32.53528628207909
5942,35.118986927734035
5943,31.520992261423075
5944,12.316153098079619
5945,18.657081485220253
5946,17.090025585795804
5947,23.791643448794105
5948,21.165854517916827
5949,36.14542604271305
5950,35.31600878634284
5951,33.71218401899932
5952,43.65905866360327
5953,41.375973249624764
5954,40.66436317064428
5955,58.53746498934527
5980,28.490547672670033
5981,34.50711883979021
5982,27.459088597522427
5983,44.47816271923953
5984,50.599705303515975
5985,36.03898230612036
5986,15.463691668656594
5987,35.374418898965175
5988,47.63041321990881
5989,45.89054328732737
5990,37.21043359372974
5991,42.722777989491284
5992,53.29851849853197
5993,40.84294922536824
5994,42.30534207390632
5995,52.072541832930675
5996,58.65145176213896
6001,32.72315732723613
6002,30.240760440656768
6003,29.582768048028303
6004,49.89138234562094
6005,53.548715084802105
6006,41.058664090610314
6007,63.10319229120092
6008,66.38448163465303
6021,28.347165682007102
6022,33.5102224459823
6023,54.73586860102171
6024,55.62666053697826
6025,64.38449419995645
6026,55.69019944236425
6027,53.74808377156623
6028,58.90248848947963
6029,57.354593281731
6030,65.35008708425383
6031,57.66555772446465
6032,65.46095950237408
6122,36.000482834972146
6123,19.817802003580436
6124,45.55440557312305
6125,37.406547705041376
6261,24.556194314103273
6262,38.21906962189456
6263,49.79886363715208
6264,55.407322193566465
6265,46.44836712372222
6266,53.04062977661313
6267,56.197460399034455
6268,49.15478891668449
6269,52.77592586719078
6270,54.51948135057498
6271,55.20656066507232
6272,54.731589909195954
6313,41.58808600393178
6314,44.504235504760814
6315,47.19997259109325
6316,48.00209681168717
6317,58.834024595294906
6318,38.99002079236937
6319,54.06156443325795
6320,57.658199578536546
6321,3.612313456564682
6322,5.291376300772014
6323,14.285115459309424
6324,14.602256534545768
6325,14.657703397299025
6326,14.52779478121965
6327,14.52779478121965
6328,28.622459836246588
6329,27.465379013733415
6330,42.91094685161995
6331,41.45055527077123
6332,33.710275773397065
6348,8.71417566073497
6349,14.3869223731483
6350,10.449520372904976
6351,16.32498892212069
6352,13.82181858313428
6353,16.601127213932976
6354,12.95384959456668
6355,25.888590987677123
6356,22.42800842107263
6357,27.598039084300236
6388,28.87171735157054
6389,31.150312030256234
6390,17.296405163752365
6391,31.408226980759895
6392,38.95716658698636
6393,34.631605160726345
6394,30.79854429309236
6395,47.86576873043748
6396,35.19272729257293
6397,36.127886873335115
6398,50.02128044234483
6399,40.940033061293015
6462,9.116418259360836
6463,17.321606487331938
6464,24.942600947994794
6465,33.41255577670605
6486,3.8793854332188618
6487,21.381449796407907
6488,19.09575237933825
6489,14.624906583516578
6490,24.315015779701007
6491,32.50245436725341
6492,33.844999828333926
6493,36.989915342269214
6494,37.972997274197255
6495,48.00808477299433
6496,42.63293575583037
6497,51.1233647479728
6538,28.344943887090174
6539,34.64604382274722
6540,35.73968181944279
6541,35.46629410448254
6558,31.96815273818183
6559,41.47579579140047
6560,37.923830974651935
6561,47.127083405340414
6562,12.24883160603019
6563,19.389714203700724
6564,14.167410885468447
6565,27.568745133541864
6566,35.193817000160095
6567,38.62133563731498
6568,36.47193229108585
6569,31.301331336526363
6570,44.59158969504918
6571,42.57475378289254
6572,53.48603411337804
6573,51.34525804244915
6574,29.517017354585658
6575,34.337778298408665
6576,40.859624600993754
6577,35.083833119284535
6578,48.95954239170507
6579,35.30880190782171
6580,23.57141234920473
6581,30.48211797962834
6582,33.97899725441961
6603,30.065321450502417
6604,32.85119725309428
6605,30.649873761359885
6606,32.36983723237264
6607,35.40459388163583
6608,32.58175298234989
6609,52.23877685621711
6610,33.32539985269461
6611,36.56519375735969
6612,40.59340402308961
6613,41.76756502148077
6614,47.47011754930017
6643,9.651725361352387
6644,14.271829684164251
6645,11.289736722067941
6646,16.583972500505258
6647,21.886212682155914
6648,15.382930315672818
6649,15.272065114417698
6650,24.310346929326087
6651,16.350459467651838
6652,34.36235784066784
6653,34.92395150745577
6654,35.42065713794443
6663,29.783233539790697
6664,40.01376403378652
6665,33.824803323737754
6666,43.93420771517233
6667,38.58233164136979
6668,49.10599793079805
6669,45.39623275116963
6670,46.854295279297126
6671,42.4352177770213
6672,47.69085146139691
6673,53.15623138449588
6674,37.29870704878999
6675,25.212914246488413
6676,29.90515902288111
6677,29.41018775283882
6678,39.53481031531321
6753,45.07252455918606
6754,51.39495893760989
6755,58.020837905538876
6756,57.525284313025146
6757,36.638780531613754
6758,41.07411893040639
6759,49.12518965139375
6760,50.21770621616883
6768,33.677263594823465
6769,48.98322934728041
6770,61.156313447797174
6771,55.323198014463486
6772,69.26542400046509
6773,55.0818894495134
6774,64.03706894731438
6775,50.92152587230306
6776,48.47927977631958
6777,59.93786570362645
6778,59.356020480361614
6779,57.72168477988636
6788,12.860009288247673
6789,15.44370722463617
6790,17.073567949053672
6791,14.779343483663784
6792,16.014995050584606
6793,17.435184861377756
6794,19.642063668636446
6795,17.99777109329415
6796,22.833728226294735
6797,35.40424687126455
6798,35.72533310745856
6799,45.59135678374474
6842,33.46150129674557
6843,44.499979905607155
6844,46.34373628684232
6845,51.64497061524571
6846,47.2724679331918
6895,29.360980227238553
6896,39.155277036484904
6897,35.171038655877865
6898,46.74339692363082
6899,41.962152174220414
6900,41.881634383329185
6901,45.33377031489817
6902,46.629924058959396
6903,49.229935234825476
6904,53.71503009440367
6905,57.428775442665135
6906,52.4372606660835
6907,58.18123841338929
6908,51.9538615574715
6909,59.90131010712843
6910,50.91031407469071
6956,28.505923276976027
6957,37.58790605878696
6958,38.0010627684557
6959,47.958859232966745
6960,49.101311475854835
6961,53.377233624673124
6962,36.81033233800347
6963,51.631075537218265
6972,22.866076352940578
6973,31.62953709420418
6974,27.330271265414552
6975,39.90046630357108
6976,47.95735140662573
6977,40.386908903628814
6978,36.46276220268179
6979,34.70325862956122
6980,36.86531728235115
6981,52.660868408489144
6982,49.455148051004635
6983,49.817281947768336
7052,36.263699632432335
7053,34.15910509953283
7054,41.08600051531129
7055,41.267447114923165
7084,3.4105296583476745
7085,4.095337575817396
7086,4.955995864419303
7087,5.244532643726266
7088,12.905747090729928
7089,12.143963897346259
7090,14.604025875303064
7091,21.759615611339875
7092,18.32427844931032
7093,15.874749665045618
7094,21.064561671093095
7095,17.314441704950298
7096,28.50595539932037
7097,41.48654171937297
7098,42.958887325111306
7099,45.58745396709165
7100,63.683352200651164
7101,42.4307318863568
7102,39.11431809225193
7103,42.014327849588064
7104,46.358180898904344
7121,12.087473725431432
7122,29.602489078220117
7123,29.648043401205804
7124,48.14160879193939
7134,55.28902263718006
7135,31.623629186802066
7136,47.561232138037454
7137,62.304466165041255
7199,21.129069204638736
7200,20.180027307498705
7201,42.66809034204639
7202,41.2609952332712
7203,36.36493505433818
7204,33.2761367406937
7205,39.5761267649549
7206,43.6001072613997
7207,37.31339767074768
7208,47.08361162691331
7209,45.0803009062355
7210,47.43391668326525
7279,20.255280712086073
7280,9.291247501484861
7281,28.031236526815423
7282,29.89867899665503
7287,25.255021961898045
7288,20.891359378596654
7289,22.123353800931778
7290,31.404795207636685
7291,36.601501525931724
7292,31.676862301322863
7293,45.55897728112556
7294,51.47761568418071
7295,36.65756847408617
7296,46.61408550340229
7297,50.31073431394213
7298,49.55494793142778
7371,7.633588291314724
7372,12.685498140309694
7373,10.878363311327359
7374,16.573186379862438
7375,17.371063306495316
7376,17.473017268730995
7377,22.13450289432449
7378,22.47063617456774
7379,30.68617432520185
7380,32.47607720154192
7381,37.732643254454096
7382,37.45352916555076
7510,42.82523633772587
7511,44.296533837554435
7512,52.6213527610545
7513,42.284529765285875
7514,50.11755259730196
7551,3.1281514677715343
7552,5.246908670381204
7553,5.582054573524505
7554,6.75753585052255
7590,24.08701924704857
7591,28.092980957683796
7592,34.34334150554146
7593,34.42200306142066
7594,42.23487763476742
7595,16.100872168731524
7596,33.253385439186815
7597,38.485297601656825
7629,28.190171300755157
7630,26.13149196573533
7631,33.81730376349758
7632,31.448878788316755
7633,37.094921100824386
7634,48.92210892168784
7639,27.53113967277879
7640,35.46617705289712
7641,43.047183008807615
7642,44.228423160180306
7643,49.55362345035365
7644,46.62184194388456
7645,51.59233291169665
7646,57.26971971958279
7647,49.92485644912901
7648,14.23643564034087
7649,20.10639864458958
7650,6.92817569680993
7651,14.227964496706813
7652,17.15591373366993
7653,15.923149842875628
7654,14.225618146308632
7655,32.60571537195718
7656,32.626259781092116
7657,37.77139033668829
7658,40.65764166228117
7659,39.3401550034597
7690,13.255346827182303
7691,19.311800331955283
7692,14.536099864522388
7693,30.51747742779845
7694,29.30276653213771
7695,32.11069626964452
7696,26.982248560009836
7697,38.24589773607135
7698,28.468158765276936
7699,33.77502336325852
7700,42.87926515182413
7701,44.3934284604872
7734,5.128648511313211
7735,13.96395052623353
7736,18.874235379884205
7737,35.71558163654505
7738,37.423974389263684
7739,32.193203304811234
7740,33.57235560561944
7749,4.85049482835723
7750,14.598615663919695
7751,6.5667517731364295
7752,16.989293211535195
7753,14.83493636421493
7754,14.538297043529019
7783,19.837431536378528
7784,25.381484628747234
7785,37.81543874094481
7786,30.52108258223543
7787,35.592118113637156
7788,4.771362914145215
7789,15.555598594950162
7790,15.474582657218455
7791,7.89030196218107
7810,33.79228494024515
7811,49.775876722497046
7812,35.98845550672708
7813,52.682686988174595
7814,55.38130379777214
7815,52.04147667216298
7816,49.015401324325104
7817,60.608749019589084
7818,51.02591427234095
7842,30.932914940873502
7843,45.85582041624602
7844,38.73720032403149
7845,47.01883459521106
7878,33.831351090890514
7879,34.03312399699421
7880,35.49175551145441
7881,34.329239877982786
7882,37.93565204658037
7883,31.278927478428123
7884,30.190336350684127
7885,48.28992719182039
7886,45.46995562081196
7887,38.17774270423582
7888,45.93446506827037
7889,51.23421966399956
7895,28.615134665156074
7896,28.31827656369641
7897,29.353209105295537
7898,29.228884559509986
7899,37.24413545342265
7912,9.901159206101157
7913,18.602718941240553
7914,24.53539412576798
7915,22.171448876673228
7916,33.63483962400734
7917,37.283006422160625
7918,38.73212509612638
7919,40.03420254265288
7920,41.533292018990856
7921,47.186467241776924
7922,44.46670631971584
7923,43.28166608893388
7957,32.485845032571994
7958,40.470714817296894
7959,30.659170996828784
7960,37.07999569234214
7961,38.67303546036136
7962,52.884849330890795
7963,53.70187504636901
7964,41.648050071276586
7965,51.755845725812144
7966,49.55427806286781
7967,72.67260162956015
7968,42.20437816031759
7969,42.46865076720782
7970,56.77167574275364
7971,42.643285997097486
7972,43.323758137745415
7973,19.845003130182473
7974,36.69025841716842
7975,30.41399757831639
7976,36.13894477921803
7983,12.790424071093698
7984,5.809346954352063
7985,14.974242036928562
7986,12.025565571496367
8027,43.313236153469106
8028,54.06549683583331
8029,42.94161880395929
8030,47.639789617478094
8031,42.991348729496146
8032,37.33943955430286
8033,43.019211115835084
8034,48.66762212724384
8035,44.16035950293708
8036,45.33376170978131
8037,51.7122429758414
8038,58.50304215897023
8101,20.803539073671455
8102,40.859601745103255
8103,32.221196567790415
8104,32.20027551696627
8105,10.281792931290495
8106,11.475658881025105
8107,10.954788346739907
8108,14.676253740574259
8126,39.482639720748224
8127,42.37627196007095
8128,55.72646427017878
8129,52.14078981086241
8139,42.56255939994015
8140,40.329528367620945
8141,42.99825178220991
8142,29.60346446911458
8143,54.81286792882445
8144,45.838390296588344
8145,47.93261446708644
8146,19.43767667740914
8147,12.927625822885755
8148,21.39675535469856
8149,16.0252162408266
8150,12.963169712959216
8151,16.094540158441003
8152,14.05588875985325
8153,16.739560342950853
8154,14.359893883427327
8162,44.426216473004644
8163,48.451781671315366
8164,33.44399781709549
8165,40.93878517608501
8166,42.6144041066209
8167,44.08245159783509
8168,39.476207899943354
8169,48.97890230433182
8170,53.41279336576663
8171,53.30848298583494
8172,49.41521488360824
8173,54.2798881264913
8203,16.692550190091726
8204,16.86821021897736
8205,23.415756273792166
8206,43.06384920899438
8207,37.251443373046705
8208,35.11975415315481
8209,37.62020210490118
8210,40.405226263296534
8211,53.581683948851904
8212,53.43181661579377
8213,61.17576857151204
8214,52.575319318896504
8215,3.0672878781594357
8216,5.70266549000282
8217,13.272961067069568
8218,16.8279556694178
8219,23.387474291607187
8220,20.178543011693467
8221,21.00567356684806
8222,19.263451993304297
8223,21.69933525715296
8224,30.88599389581706
8225,35.0184301640645
8226,26.05346895850849
8305,13.438907751084203
8306,21.375725222295983
8307,19.544749632431305
8308,32.767874105957965
8309,29.4860026335507
8310,40.63986128043513
8343,18.233244706839372
8344,16.5992863730053
8345,12.577917459025214
8346,8.346980312596704
8468,28.445535232008712
8469,34.50556986542773
8470,30.729303812338465
8471,36.33882564414635
8472,21.522252920783494
8473,33.78792590458341
8474,47.79156309629714
8475,37.593997858702615
8476,32.07684763023718
8477,53.05747364235635
8478,56.32438453291343
8479,47.7323802387019
8480,55.81475929801207
8481,45.60396579924272
8482,55.645947417590214
8483,59.33872304267216
8536,23.97102054705905
8537,37.02893845939102
8538,45.111216299074286
8539,40.07430189396073
8540,13.24617866102924
8541,18.005030732018774
8542,15.220484508185947
8543,10.96458744545864
8544,13.957639238238016
8545,31.97671759802713
8546,28.23373726656339
8547,33.06379299383117
8548,30.89746891749735
8549,31.623026927709713
8550,37.42691680623663
8551,39.93988998313959
8564,21.631456228556893
8565,29.793346068150964
8566,27.530266576106563
8567,37.91165363277828
8568,51.65333680591534
8569,42.38382545247292
8570,54.055817326419955
8571,56.64681464685995
8572,60.384567856298695
8573,46.85459326637218
8574,54.45348713136656
8575,63.017051359158394
8604,16.31214867740025
8605,20.767843146190444
8606,29.442943843517835
8607,29.428577204235694
8624,18.324169593493895
8625,18.631462547960094
8626,21.017558077828006
8627,16.60589244568204
8677,20.149907833608236
8678,35.59342085567075
8679,37.84209663529511
8680,33.462994794053664
8681,32.734064188680705
8682,34.0175260254146
8683,42.799342280548565
8684,42.242644966051664
8685,33.209181379026255
8686,32.93994235541227
8687,45.85752304219538
8688,37.7486590404552
8732,51.25443325217127
8733,57.67290918195574
8734,54.59069048591286
8735,61.59976343231829
8768,34.92292727055249
8769,34.98859318123305
8770,40.45626047970784
8771,37.01196485133046
8772,46.03579466263297
8773,49.833512844045536
8774,53.078828248681106
8775,31.453318464042308
8776,19.578639113121223
8777,23.178802402584605
8778,30.10460066306808
8840,28.2704663255969
8841,31.64270167038409
8842,35.42379264260681
8843,39.292474710535835
8844,34.99541678414403
8845,44.06640163979402
8846,47.64693387123572
8847,43.93640208612737
8848,47.46017005283349
8849,46.786103638867694
8850,55.586432627483504
8851,52.38584960726386
8852,29.58246555374715
8853,37.637431065235816
8854,50.56250653144419
8855,64.77801774560197
8868,41.12194548115569
8869,45.69032843100449
8870,44.89401481614542
8871,44.60371175754597
8872,47.21720147969833
8873,47.78252978136972
8874,55.4238819330734
8875,63.20248066492058
8876,62.61391323121763
8877,52.86841777777491
8878,64.12427821984146
8879,54.73169314367332
8898,41.60502817669875
8899,18.022946809554387
8900,17.76458574711543
8901,40.52254073936192
8902,36.02471285632803
8903,34.5223219721675
8904,42.466156375374766
8905,41.33587610736824
8906,34.568401458737284
8907,52.05798413368239
8908,43.39299761160269
8965,33.50292063783466
8966,29.350153516365662
8967,34.370262659937374
8968,33.83057663200775
9070,28.632086558682367
9071,37.19941305862666
9072,28.195876982401597
9073,41.18276211864522
9074,29.576692713069896
9087,19.217797464082352
9088,40.18630637667129
9089,43.32388416466607
9090,26.10303030602196
9091,14.577890283779226
9092,22.228190389688763
9093,20.626667916131513
9094,27.792218688049715
9095,29.815021348963732
9096,33.818707093882885
9097,33.117044807779635
9155,25.084991864312403
9156,13.546219771433847
9157,32.216696745731134
9158,31.375750090844083
9159,45.37335876602256
9160,41.48655703873493
9161,33.167528616694725
9162,39.467915080541026
9163,46.61557132574663
9164,56.3643049744252
9165,42.15650297774216
9166,52.430079132246
9167,32.49807486337753
9168,33.283324012692646
9169,40.49335162955917
9170,31.64273338381459
9171,48.363295974330455
9172,47.86628556316763
9173,49.150382450853
9195,17.5100199714661
9196,12.483749324266393
9197,20.309649650102013
9198,17.335914813726767
9282,30.303534915583068
9283,18.212469310468457
9284,41.01109791720336
9285,40.259593777410835
9286,38.34000223650912
9287,45.01070826729235
9288,47.16235789247411
9313,16.035062123871093
9314,24.136986261952558
9315,23.400926184517395
9316,31.66363613123157
9359,29.651906458283715
9360,45.63787940590843
9361,49.101060655393965
9362,32.97098756960435
9363,23.50227265969551
9364,31.113887409524892
9365,46.57454610467471
9366,58.25630745257445
9367,62.80164898937812
9368,29.134998183797688
9369,30.225554730488618
9370,46.93603193866582
9371,31.538677387035378
9372,54.478205752306664
9373,42.672268907889965
9374,49.07838419442198
9375,49.577060081363285
9376,33.89260836048537
9377,56.26786985056705
9378,59.66277182409023
9379,45.31495537241801
9380,25.194053441005334
9381,35.35822715325017
9382,35.46176045530445
9383,37.5501120960152
9384,35.306512826895926
9385,37.88069202357335
9386,34.29384504263611
9387,33.07012374926801
9388,40.25439569979475
9389,36.695972628628425
9390,44.62851460416676
9391,49.267069812676
9392,29.5747195166439
9393,14.925835972286208
9394,29.838984501316737
9395,30.190895531329975
9396,35.029949429036954
9397,32.64417337819469
9398,34.64218561614664
9399,45.13404535573784
9400,44.923473033041525
9401,42.71631667452877
9402,36.56636109308486
9403,35.42792296073509
9502,28.861569336608298
9503,16.297176454841043
9504,30.7323345494623
9505,31.517436958574486
9506,31.64609311027146
9507,32.90924536508886
9508,40.68064501554497
9509,29.138686183020155
9510,31.508604410422823
9511,34.06603736018918
9512,39.639807120764246
9513,37.09216274233028
9514,39.33838125392149
9515,35.79467086663561
9516,32.36657325274227
9517,48.499519190497985
9518,52.551015030218025
9519,36.58191125964486
9520,42.309409584233244
9521,36.84825217660595
9522,40.704157506960684
9543,58.37800080479915
9544,56.45975019408936
9545,53.20194643058203
9546,63.274310935336715
9547,51.07414429030279
9548,59.89308646210798
9549,67.41427447351691
9550,55.9653416546721
9551,53.87058737720135
9552,58.36284495820446
9553,67.66048865415738
9554,53.36127798958173
9724,28.47603349876591
9725,22.48771673289746
9726,33.697417168470245
9727,33.65056652896052
9728,28.910006746393133
9729,32.531433916271844
9730,34.848850214815776
9731,25.595546024936535
9732,43.12049816832175
9733,44.10095455678225
9734,45.743126066719206
9735,48.67273241258178
9778,27.10952141234491
9779,33.07501271313433
9780,41.029265385849925
9781,34.058781797544306
9826,36.2436887285801
9827,37.545264121654945
9828,32.05982156146654
9829,36.346058570009035
9830,39.07653640131189
9831,40.69812108481686
9832,34.858904968276974
9833,51.03823058179099
9834,45.94567443971125
9835,44.5880091157945
9836,45.8563117885493
9837,43.87824462036496
9850,31.80286603969874
9851,33.521640009770046
9852,52.422181833377905
9853,48.03208136173457
9854,42.79236716247784
9855,37.50700335732536
9856,54.80006088782681
9857,55.58179842588278
9858,54.93850753594064
9859,30.84741360857323
9860,34.56566264941254
9861,33.42861351288592
9862,40.49573917719757
9863,34.15349568814709
9945,30.24325018342145
9946,53.80578966526327
9947,36.67725684011268
9948,53.44184622664851
9949,34.842614719076174
9950,43.19741932046674
9951,65.92180673809594
9952,55.55959473323116
9953,45.83641309130201
9954,50.447118063476765
9955,59.76230807496386
10058,6.986962549754328
10059,25.80080650351153
10060,21.46713515525837
10061,19.51082884246008
10062,37.211917014970446
10063,32.20055139290021
10064,33.24530986050378
10065,36.457056790869444
10066,44.659301260096974
10067,41.441263634693506
10068,45.67491222328222
10069,49.611897121123434
10070,49.20320850102596
10071,36.01931793837732
10072,39.29131768725507
10073,43.06600871240639
10074,56.17449876906802
10145,19.43362894823488
10146,28.74443795303497
10147,34.624511422712295
10148,33.004167157948835
10149,38.90060274160005
10186,43.15041167203915
10187,31.115290015019546
10188,50.420317958376664
10189,45.29780259715755
10190,39.164598203804594
10191,46.42504334739793
10192,47.72502974632682
10193,56.08725257636726
10194,48.79699200785434
10206,28.65404555588114
10207,30.48251026866692
10208,38.149722495034545
10209,35.15096612943756
10210,35.97879786082877
10211,40.65584101391345
10212,35.30759241405877
10213,44.46665800737554
10214,51.32786703633989
10215,46.88743690478054
10239,31.188131360945246
10240,33.61263148760519
10241,40.14985945369212
10242,39.30183511727472
10271,16.386232415162027
10272,10.216914104617498
10273,18.09045227129414
10274,21.67974473871908
10275,14.32822892821167
10276,35.97408722168945
10277,38.70136919782795
10278,33.56973930808809
10279,55.800368859139226
10280,48.165200837253956
10281,54.93731706043307
10282,52.851076686982125
10283,8.95000461948616
10284,15.179981605931813
10285,21.57241275786438
10286,29.93805492413286
10310,37.32291396167581
10311,32.52881371146855
10312,31.09662553289185
10313,29.063328148719737
10314,36.38188319634014
10315,45.5052041716434
10316,48.51651236664316
10317,39.68684913681309
10318,44.26397245266806
10319,50.37673292764714
10320,60.19117987838943
10321,50.60101640437803
10322,21.61623699899895
10323,35.27616457435175
10324,39.800955290006435
10325,40.163700417038605
10326,43.12300612809267
10327,31.981095334486305
10328,28.571964028474568
10329,46.71413405260701
10330,38.81648306910433
10331,43.59821379394661
10332,38.03289448099799
10333,41.11666737775566
10334,53.41452443759997
10335,40.2819414404069
10413,23.99930039027792
10414,41.82019637351951
10415,36.38460299537871
10416,51.800082392170395
10477,28.2218863642297
10478,27.295596911554508
10479,32.491917673909775
10480,36.14196088666543
10481,45.63278276899754
10545,15.85836297970896
10546,29.740159019777508
10547,32.9952332930911
10548,32.60404163214509
10549,32.62197207165999
10550,35.76515389911564
10551,39.33667399484881
10552,51.81046618592036
10553,45.00453946070894
10554,34.72466480397615
10555,43.388512569101394
10556,48.71948247238338
10634,40.710271629663936
10635,33.551668557296686
10636,51.26327094144293
10637,49.36993358913341
10638,41.0759837424968
10639,43.41728373414888
10640,49.14838944632159
10641,48.08050847594141
10677,22.975900843056618
10678,18.38402327977215
10679,29.007861705690097
10680,31.593460689681212
10681,32.483778411023515
10682,42.35018765638052
10683,29.878371849167358
10684,43.60325469970785
10685,36.657783704160686
10686,49.12105917102554
10687,34.96661655160336
10688,43.76376015297296
10689,37.86627779524001
10690,46.647225450642836
10691,57.73832003812936
10692,48.399367607362734
10699,18.62621635516869
10700,31.341262928898104
10701,50.838432252907175
10702,39.333673256445124
10703,36.05692396779505
10704,42.78307230699893
10705,43.63662762290195
10706,58.15328408805928
10707,51.510642822906156
10708,45.52008362158296
10709,52.742062718130136
10710,48.97875097999828
10772,24.93157835157354
10773,35.62350669301304
10774,44.08289932489618
10775,49.235151305154226
10776,43.48967852798652
10777,40.96014544147878
10778,39.8553447498918
10779,53.18304047948927
10780,54.61379683253136
10781,64.22068710435343
10782,49.44457881575081
10783,65.42064160953693
10793,10.170944027032963
10794,16.488118758148328
10795,22.985905316672365
10796,24.375741889942425
10797,33.301295497508846
10824,50.686416653155035
10825,37.295955661279564
10826,36.46365140927103
10827,37.197612247332295
10828,44.50769866524558
10829,56.29756164684342
10830,59.75799366097134
10883,8.315659092691828
10884,18.10994229792724
10885,15.224524233666383
10886,19.231001274433304
10934,29.903694488104502
10935,27.41831908750553
10936,20.80460248775095
10937,30.53226814218168
10938,35.218007912849885
10939,38.479109122932066
10940,38.52599464752504
10941,38.5874925354465
10942,40.29165114201773
10943,36.500154279591776
10944,33.589735933569614
10945,49.368611531881356
11128,20.275412745346216
11129,28.892557145673347
11130,35.778610866847565
11131,37.24729182448233
11132,44.11104229073411
11133,36.25817364233912
11134,45.31041294978655
11135,53.47854987995161
11136,50.85320586696682
11137,51.19176155093828
11138,44.42598962284372
11139,47.769850846463
11189,28.351175937235574
11190,42.37891463103502
11191,33.08119634298349
11192,38.076528796905734
11193,40.941364844521125
11194,41.66665006781823
11195,44.81422978078273
11196,46.30898754203947
11197,46.543014046267665
11198,46.614083854791424
11199,41.94145074392382
11200,51.86218749951388
11236,10.17098084160124
11237,8.369975271715488
11238,18.553867061472694
11239,18.579777072010405
11240,18.039581470929942
11261,9.592554459911675
11262,7.883729035228204
11263,13.625507666916763
11264,29.31322783138681
11361,47.404962267622196
11362,43.1515101520943
11363,49.53636207326357
11364,42.51061719673815
11412,5.257426020363966
11413,18.657415710257517
11414,17.762946628216817
11415,15.794286863392287
11416,24.10315415211713
11417,30.67082878424795
11418,30.382676574778973
11419,30.837284745425443
11420,39.997336710951096
11421,43.79319830556836
11422,56.101657686547036
11423,53.32134878093619
11424,10.672835008603311
11425,15.292181901984065
11426,15.283910016565157
11427,21.68602909031905
11428,31.177196056350553
11429,33.74236003266008
11430,42.43544964989588
11431,43.63765607154379
11432,48.30194508171423
11466,14.621122809021895
11467,15.674963940159966
11468,21.358133273764725
11469,19.842399552390667
11470,34.529612872995074
11471,32.95781589284985
11472,34.22004917818692
11473,40.515557986444236
11474,36.05430663899099
11475,43.58634435419317
11476,44.48749384618407
11494,27.237055458230873
11495,35.43549716979342
11496,37.96077420250975
11497,33.743606397490296
11539,28.409750277802726
11540,30.772573517790025
11541,39.71781345975909
11542,31.99054951939848
11543,36.65675513809577
11641,5.6520635224598585
11642,9.718931563652648
11643,6.245036069598409
11644,13.492363205038515
11645,14.447720321350028
11646,15.375142098721897
11647,14.009731708169245
11648,15.482069545046583
11649,16.835377250621814
11650,17.88041470687022
11651,26.7304500306636
11652,23.81061750153024
11757,39.44077772205892
11758,13.08378570511576
11759,41.048903493669606
11760,22.583156764434495
11761,37.6506020893021
11762,49.81390768008584
11763,50.24101378620491
11814,44.494276653336115
11815,35.32242611920266
11816,36.02997259009656
11817,45.81081808338108
11818,54.446084264446796
11819,36.49193260551345
11820,25.760500897073946
11821,33.71131213809293
11822,46.978440858870215
11823,47.96520460108038
11833,3.231556376189074
11834,3.866696687171303
11835,5.173222751620513
11836,6.411971272496788
11837,10.930381275905386
11838,9.436002382200996
11839,16.203403840980016
11840,16.45428251700003
11841,18.32239978622628
11842,18.69381965244125
11843,24.569422727803612
11844,46.95261993399441
11995,4.319995128448969
11996,6.643947416437682
11997,9.973984968373024
11998,10.225740842987806
12009,31.573849608558366
12010,22.799850723891613
12011,46.658625166506674
12012,46.56591298228703
12013,61.17805240979647
12014,48.72811046762755
12015,42.528647731140396
12016,38.433543451767406
12017,58.95682660384312
12018,42.20400709181276
12019,55.59005442889696
12020,53.93222495031494
12032,39.83483242215222
12033,43.27179378815487
12034,41.86984384925786
12035,44.410568584518124
12036,52.75637675594664
12047,26.176195185166154
12048,29.22364625074428
12049,30.47469416309732
12050,46.88534792995891
12051,49.631980758112384
12106,52.08491891686125
12107,51.673920345455315
12108,53.03544738163689
12109,53.56022845405593
12110,66.61831724899774
12111,57.12516527293926
12112,63.9554888472829
12113,68.60737499763566
12114,65.02905293579589
12115,70.053006291866
12116,28.168688817881574
12117,37.92990386488562
12118,46.13567984277214
12119,37.786658548422864
12120,44.35538843294376
12121,46.68738528984763
12122,40.533836479915564
12123,39.61530419549979
12124,40.722679227598164
12125,49.36436578738102
12126,53.901577302175625
12127,51.03885686390072
12132,53.534701651562436
12133,46.926952861561475
12134,42.88905813747557
12135,56.45089728021529
12186,30.2418464146257
12187,28.772527190716925
12188,36.899681581113285
12189,32.45263987111387
12190,40.33524677191545
12191,44.03656820076244
12192,37.87417804037734
12193,38.41601195908803
12194,45.81164779190218
12195,40.998172154191934
12196,46.12344588732608
12197,45.54913580537974
12210,36.56013174930104
12211,19.657120699374826
12212,29.57019792367127
12213,36.231470843337775
12233,12.92065521482207
12234,15.720449035889377
12235,17.05779673573059
12236,22.454950381348112
12237,33.15891181363346
12238,36.92065644591051
12239,35.24515037552084
12240,36.83533535275627
12241,39.30165947321698
12242,37.9693961928473
12243,42.606244405055754
12244,45.50374818682593
12245,39.23803042673802
12246,60.18086026890788
12247,46.178350294940806
12248,42.93827930987368
12249,57.96568448654017
12250,57.357453982244564
12251,52.22235687798183
12252,57.10179543935619
12253,59.48359660906369
12254,55.13473954557517
12255,50.140592994417304
12256,62.726724062659464
12269,44.72876517309036
12270,43.28214381259422
12271,54.875307031415744
12272,57.97599815883552
12273,45.176817566333085
12274,50.22243044341664
12275,62.9684834746344
12276,53.082017309338106
12277,69.74701116627581
12278,56.445829544370945
12279,72.64164120109248
12280,67.84766087718394
12307,16.40611176048606
12308,16.302768775129607
12309,16.1059250218128
12310,32.26213324843955
12311,31.900753826844873
12312,36.92703616257706
12313,34.65748705614316
12314,49.22942888754993
12315,50.51259638208297
12316,47.94168283500023
12317,35.49027194502606
12318,41.06247142512563
12363,19.610259943908165
12364,17.573758710968217
12365,23.037019872093026
12366,27.668005618054394
12367,34.14002906540892
12391,35.7075637793526
12392,37.197701661269384
12393,42.28611184600684
12394,43.19996816330448
12395,45.88917581379652
12396,48.494303123110406
12397,42.36152764889798
12425,37.93554346827136
12426,43.33007281342136
12427,38.600663897723486
12428,51.56105949756963
12429,61.45082666657297
12430,59.84169495534864
12431,65.49955358899484
12432,57.88981875858947
12441,16.454037894791288
12442,30.37383757896953
12443,36.027880310426085
12444,30.76574399746358
12445,42.807199749878
12446,31.286657746174363
12447,37.06023528754859
12448,38.69479515043735
12449,39.073014792586385
12450,42.600132737153054
12451,48.59317619803359
12452,69.18278467746457
12514,12.811262280043822
12515,15.641333929356609
12516,13.959865171484665
12517,17.28916379689519
12518,14.098877127177863
12519,49.01151479178511
12520,37.99212232140635
12521,37.485894288059
12522,50.38338878100221
12523,53.27877035043672
12524,59.47718360125978
12525,53.902684307614514
12526,58.03517043157628
12527,51.01604340329701
12528,51.98511628295156
12667,28.092667127722645
12668,32.37666309409997
12669,45.0265033727047
12670,35.049963485488256
12671,54.17231383215457
12672,47.77686822382751
12673,47.70732585846103
12674,61.11808972448059
12675,51.31379244327164
12676,49.56755046205325
12677,61.833990025221695
12678,57.041687270755226
12711,33.39309187648573
12712,30.82432472794359
12713,35.207996321245886
12714,53.22044592885967
12715,48.12400011770216
12716,40.63921672882702
12717,30.637587941293727
12718,37.96090086357266
12719,38.47932257253689
12720,37.25022134292152
12721,36.96517296204194
12722,51.462348876268834
12723,49.39912585702291
12724,49.681601900882804
12725,56.716367779489346
12726,53.74390299209396
12727,47.73100533466121
12733,13.065465342665224
12734,16.35043610050457
12735,21.10053023728816
12736,18.620157113489174
12737,23.869842181963115
12738,21.48330648048675
12739,31.254236415724215
12740,43.84499370262544
12741,39.49109553694435
12754,31.52993995124751
12755,28.17072933081411
12756,31.664305741901284
12757,28.570861097602183
12777,3.9788463544647774
12778,12.417945636414487
12779,13.635332595490649
12780,8.776268816903507
12781,21.234485222846942
12782,12.934630988283057
12783,20.76417924817795
12784,14.156729991479821
12785,34.93330708867848
12786,33.967611006770504
12800,34.214894086881934
12801,33.590592046769046
12802,43.42138352585106
12803,52.236584045587236
12804,50.77647664472361
12805,38.08664320474659
12806,52.02912975766269
12807,49.4340523108705
12808,53.289481329035375
12809,57.208085427063004
12826,21.19233376718039
12827,9.661502198949348
12828,10.993728370238273
12829,20.85190844566638
12853,7.4640019962846225
12854,16.3089439433934
12855,21.880564663963288
12856,23.13224221659602
12857,22.75262371435182
12858,39.8983091685359
12859,48.78596690469154
12860,49.588261163526376
12861,38.83347337405708
12862,56.283325783238695
12863,49.673039808980164
12864,44.826771572112
12865,54.73927863976739
12866,53.84235057821584
12867,49.85666378540392
12868,63.79742785382994
12875,19.81402386651217
12876,21.666293059503438
12877,30.85754649372377
12878,39.987012165350166
12879,44.807939856636395
12880,44.94676414119026
12881,41.414413924028494
12882,53.86031664691052
12883,48.2453448676274
12884,64.02474727213362
12916,27.39525410898745
12917,33.67485289156401
12918,32.943292214623256
12919,38.55028739744685
12920,43.95937439843616
12933,16.648326580700754
12934,16.039646782945493
12935,15.45235750277802
12936,20.94743102405204
12937,28.621243665567942
12938,32.35107615299722
12939,32.659396031992884
12940,36.113736994369766
12941,40.043914601801156
12942,40.73211904932738
12943,39.62018671773979
13020,28.565603568745523
13021,31.063397256864043
13022,35.835299701101434
13023,45.20734202957719
13024,45.24780201888649
13025,58.23068971495582
13026,44.413310509993345
13027,46.48245988409066
13028,49.33191536763679
13029,52.558697196093426
13030,49.60162653489306
13031,43.635686332888945
13032,62.601929037216024
13033,50.261437122640466
13034,49.637394851759495
13039,8.469323151003278
13040,20.204842696780656
13041,27.487316946756945
13042,24.096320442069253
13043,21.09767934407424
13044,20.133151371771646
13065,12.941549160118155
13066,19.80634344791389
13067,22.21020316926026
13068,15.994546318838113
13069,22.313317457008004
13070,21.912921197368334
13071,39.097048067091926
13072,39.32528642095453
13073,36.051581233653415
13074,44.690897039240504
13075,41.79236544612566
13076,49.69506647049596
13077,13.95426951100261
13078,13.26598079021274
13079,14.692824036894867
13080,26.517312702091505
13081,33.167991073154866
13134,9.088093728685418
13135,15.020453832471446
13136,22.36474182607367
13137,30.301500545909796
13162,22.20805113194571
13163,23.49797249621247
13164,18.306624606868397
13165,21.374928354311333
13166,31.722838329514214
13167,50.70657621101037
13168,32.58502397936373
13169,43.662794005201526
13170,42.96351821081805
13171,55.25865416149477
13172,55.636172874216086
13173,47.09347697586424
13195,42.02215787209715
13196,31.824465905990696
13197,34.687997853725335
13198,33.74843071570812
13199,36.09743899064633
13200,42.33606218830421
13201,42.998343629780955
13202,43.79162508803974
13203,41.77197282838471
13204,43.28842652932893
13205,47.048054531610575
13206,54.97530182327802
13219,22.003849422015108
13220,11.599780528280823
13221,21.286225126770766
13222,33.75190934669592
13223,35.83027052558368
13224,37.1443595618938
13225,56.812956483152696
13226,49.86282654173721
13227,46.33836484034664
13252,29.638561642769854
13253,9.768258618905055
13254,7.591157766898296
13255,21.708331448457372
13256,41.79903220607975
13257,32.78140351957623
13258,43.72004201903308
13259,51.53603841987771
13260,47.711979725480624
13261,51.40004478425195
13262,59.51246609492465
13263,57.89637781658308
13294,36.55174583545045
13295,33.998465390484476
13296,44.68438444587769
13297,46.20186186835348
13298,50.6916236624172
13299,51.49063908808866
13300,39.21525665896631
13301,41.105830601702976
13302,51.06935201012748
13303,59.06612811983158
13304,53.205097133826264
13305,59.148214010730044
13332,46.228525025129876
13333,39.29294032632702
13334,44.00409809372018
13335,51.4578816500408
13336,37.43904181924392
13337,45.41507247330111
13338,49.023291784878246
13339,48.12671409497711
13340,52.66115132608192
13341,55.84457988005235
13342,62.451357814463265
13343,50.590549749600065
13344,3.184345063709022
13345,6.52497314599794
13346,7.77702242047155
13347,15.520119772050903
13348,17.910896222670893
13349,18.373876246025766
13507,8.251384505707598
13508,15.192479991902031
13509,26.28740833954779
13510,32.7966885718031
13564,55.15854572654538
13565,37.88721827114119
13566,40.66219978896634
13567,53.81831951070627
13568,37.715849345814576
13569,46.12428587925029
13570,44.22614979611565
13571,58.02693719263573
13572,68.18191728016208
13573,51.98979277001405
13574,52.95238631321346
13575,62.6411823572926
13674,15.15402918168804
13675,10.364561093775102
13676,17.266759512488438
13677,16.357812221929056
13720,15.644589341442105
13721,9.22504986204859
13722,21.287175926019422
13723,13.50878778576526
13724,8.200632359276538
13725,20.85122933062789
13726,22.011596955070836
13727,47.43400977704736
13728,44.739262660311454
13729,29.21238078234671
13730,30.988357157183017
13731,42.559829595746336
13732,42.93480389552746
13750,27.5355796279714
13751,39.48924455889789
13752,28.78556346772263
13753,31.671808727205896
13754,52.52058120664563
13755,37.5891518565544
13756,37.4498996723388
13757,35.404602379625906
13758,57.75472561325883
13759,53.49872846761068
13760,48.784580923404675
13761,48.40711872370722
13867,22.3084775362552
13868,28.65171567509948
13869,30.918164590395914
13870,35.23195846111601
13871,41.0891051704229
13872,47.87831404326705
13873,55.65621989644643
13874,37.646339036186454
13875,53.729749465108576
13876,40.11460628103687
13877,62.620000657997146
13878,59.58259942188454
13896,37.46709142068337
13897,35.0910947465345
13898,48.05098177307383
13899,44.85410911563971
13918,19.36278561785524
13919,30.11608507758489
13920,50.67015291373671
13921,50.63597676539865
13922,43.38828806507267
13923,38.17331505657487
13924,39.13172880068292
13925,41.616071794491305
13926,41.35890472274584
13927,54.83745427798484
13928,56.288710517202674
13929,65.77875812506126
13946,12.007824978292867
13947,26.113867703375995
13948,16.97467159220591
13949,20.846614202711628
13950,20.974019737018203
13951,34.63235214738327
13952,37.035302187714805
14097,18.094534881042197
14098,14.730071529162547
14099,31.125681964965654
14100,31.08037390822715
14219,26.42877864746276
14220,23.447748561692666
14221,35.36367950120901
14222,34.557414901257644
14325,45.2796155680093
14326,47.58425459829633
14327,47.431794694776755
14328,50.67692803546423
14329,55.062611778123845
14330,47.13163900007423
14331,58.64332407143119
14332,56.290017397469285
14333,43.09672290329115
14384,13.072770213963937
14385,17.112342325420155
14386,18.107983212507836
14387,17.078619882703382
14388,23.540943223535397
14389,34.025979105378546
14390,37.89373435065813
14391,37.65356406685773
14392,37.99917104504308
14393,38.11155146483165
14394,55.796429135226155
14395,36.73849536194651
14396,26.230976057940985
14397,43.920457603003136
14398,49.88010038772989
14399,52.28566783054703
14400,7.8691278701361815
14401,10.48148835212662
14402,14.941471242841857
14403,14.271567086262827
14404,17.527584993548388
14405,18.93269436241841
14406,14.108518851409356
14407,28.100263253877387
14408,44.375581424222446
14409,40.277330261505874
14410,39.01515387442969
14468,17.97769083678843
14469,33.963577870890795
14470,34.83150130008781
14471,38.94718277606929
14472,42.04943024443373
14473,34.321533104045535
14474,34.81479774746663
14475,53.49329938481829
14476,44.661463549543484
14477,52.20825108327356
14478,48.18316286863159
14479,42.78507591763929
14498,3.6728073476239764
14499,5.836697433720088
14500,5.783692066646948
14501,7.1007185545648
14502,12.793693969109121
14503,10.71966458491305
14504,13.697537311928345
14505,14.805127024493881
14506,20.507296028080027
14507,15.538937669435139
14508,21.543452866537855
14509,17.068926456992457
14510,14.619307520439422
14511,16.317547756922323
14512,21.524973236250744
14513,15.984760335574881
14514,11.512338898960857
14515,23.787230768337796
14516,30.082722836979794
14517,40.30367890659858
14518,33.03842794916845
14519,32.62268111517575
14520,35.588779460997486
14521,35.808124398708706
14535,11.835015857591282
14536,11.298981831793935
14537,17.880250137587776
14538,22.717057908228103
14539,35.327025342037395
14540,31.644578177328928
14541,34.24532597546518
14542,46.231857724284986
14543,48.023313664111946
14544,33.81392193938953
14545,33.34528173470836
14546,44.12692200271234
14547,4.526349921447159
14548,43.98587085002235
14549,31.122921479444475
14550,38.39878373694858
14551,35.59637425948146
14552,44.847843060802845
14553,46.74800925706627
14554,57.25810131642702
14555,53.31820260765184
14556,64.48483865361065
14557,56.28957761603868
14558,64.3992335671616
14563,49.7431569172417
14564,57.2218527422128
14565,39.73141828618144
14566,55.137845596636026
14567,60.19449136025098
14568,64.44064635647354
14591,4.495666322690774
14592,20.704421351353194
14593,36.83786301055193
14594,45.924698911129404
14602,38.554957316813805
14603,47.27593071565657
14604,46.855966810018785
14605,40.93560551525081
14639,15.587862669319732
14640,15.886319540302026
14641,9.060183028238223
14642,30.306055921268655
14663,3.7498016788632036
14664,20.235369434454572
14665,27.61669436536989
14666,12.957086304803703
14667,29.846289546551464
14668,32.83131189250374
14669,45.251661690321605
14670,37.392395477981886
14671,44.2439044591094
14672,45.139447049244275
14673,41.65985535010328
14674,52.790860301247704
14675,60.50960887885305
14676,34.81728069368575
14677,41.7833534730086
14678,53.786592119690035
14679,45.6223975554468
14680,44.1703943467936
14681,51.57138090834039
14682,46.68007216166027
14694,42.889123054804436
14695,38.493181364595884
14696,39.824540261218495
14697,47.09842368280498
14794,26.11055354294274
14795,28.388314625007588
14796,43.251798662645555
14797,33.14900686782831
14831,4.7104736843244615
14832,6.069786829366718
14833,12.772795837393797
14834,10.919177158503265
14835,13.63366901776613
14836,17.52933100009927
14837,19.840109552630135
14838,32.253020062056244
14839,34.99224941577194
14861,43.4445950992712
14862,32.39368124662212
14863,32.93464422458757
14864,32.62124264020007
14865,41.4028537490512
14866,35.800945840508774
14867,31.628565317046487
14868,38.266815717077314
14869,54.05923822317342
14870,38.0160430740513
14871,49.831187086579654
14872,49.60046500324966
14873,34.01754348356427
14874,45.81589300624963
14875,47.40338486651091
14876,44.464089821857684
14877,12.48089800159505
14878,13.524174097771636
14879,18.584257406336874
14880,17.396378252618817
14881,14.566931748857552
14882,22.63524699307072
14977,4.545185852833754
14978,11.114926922251755
14979,8.918444896364834
14980,9.860215744923833
14981,18.802995765849495
14982,13.762600884487968
14983,13.145655889864525
14984,18.263043830822824
14985,21.81745771590584
14986,22.083711877067515
14987,36.824773619635124
14988,37.38191385608364
15001,37.08791946695865
15002,36.42618118744352
15003,52.56810076368101
15004,48.48122150486597
15005,48.771511401149425
15006,52.72702407327291
15007,47.64629404736976
15008,59.03244733015124
15009,40.70028928723636
15010,58.837527678793045
15011,37.41530453713004
15012,16.821992824434002
15013,40.618967500134964
15014,33.523958936445624
15015,38.43037433460035
15016,50.921792882515724
15017,60.52045977084756
15018,42.94055176179623
15019,53.074540724894135
15020,56.27149262104907
15021,59.16877786785226
15022,53.7830240015083
15039,26.747390415693168
15040,32.795810954263956
15041,33.49590185768022
15042,32.61094947263933
15043,38.40852777567865
15044,40.17459256652112
15045,43.308450697195745
15120,54.04969733616235
15121,51.22044700121983
15122,57.84894806522145
15123,44.230318448591795
15136,25.50039665467939
15137,43.95773982028332
15138,34.13276080355518
15139,29.36290850330688
15140,37.28307641009367
15141,42.55403394631309
15186,12.568667763970268
15187,15.512070477185388
15188,10.512308101567392
15189,23.121470196869573
15190,21.365633428528938
15191,17.607950518512876
15192,31.889790116660034
15193,29.505242412249157
15194,40.46933641813204
15216,33.47406682647373
15217,35.91574233659508
15218,51.11812892984034
15219,53.541375029936276
15220,28.02165024051365
15221,38.62104062121795
15222,50.6417729387335
15223,34.47202358789204
15224,36.91518224130033
15225,40.84533327243868
15226,39.92260920524615
15227,35.08891831388249
15228,40.66423072262757
15229,33.381529690687756
15230,47.95712726167553
15231,38.83271177992013
15232,12.800410681533895
15233,29.038127095268386
15234,42.676572025641256
15235,36.304609125596016
15236,39.11511412941616
15237,28.376647575094907
15238,41.82372403115892
15239,52.58215738210321
15240,55.37902522693551
15241,59.26284767003372
15242,51.880938053275116
15243,51.724913070829004
15260,25.644158058971907
15261,29.36590744240621
15262,36.62624809557324
15263,31.501159989479305
15264,47.651877090199044
15265,47.899998033295276
15266,41.125173784592874
15267,51.75585263419255
15268,39.02304065320218
15269,43.83506452794563
15270,55.93319686842889
15271,47.65943171952842
15281,10.949029389763583
15282,23.1557337371833
15283,19.542766576809825
15284,31.545418653626193
15285,30.671481908710778
15286,30.6648916875687
15287,37.44818949061538
15288,44.97206422676347
15289,35.19773303432499
15290,34.0287472533409
15291,47.50138741154085
15292,42.35991423224903
15574,31.683952889274558
15575,41.74975719314433
15576,22.996510418156173
15577,33.43998897315915
15578,39.106368923762396
15579,33.43974496613711
15580,45.082660531026825
15581,42.081236954852315
15582,47.276871244786044
15583,44.6622170880935
15584,45.6598897241957
15585,50.07036639809501
15606,16.68398766830805
15607,33.124931282623876
15608,35.52149599794364
15609,42.84253492666941
15654,14.008930122522619
15655,15.005928114707892
15656,18.78879703453635
15657,14.924912176976186
15711,46.918539817522834
15712,39.14414378234971
15713,35.8526253952115
15714,41.2850524017035
15715,48.50514677790924
15716,45.23046436906335
15717,37.06660524103641
15718,45.99840787829357
15719,43.544874864205376
15720,50.04332671876369
15721,11.203869445711105
15722,21.15634806804054
15723,19.877618957270343
15724,26.66550754699497
15725,44.7329640960321
15726,64.79258405642817
15727,66.63389107237845
15728,67.09158897163599
15729,65.74731329774075
15730,62.188166286358744
15731,67.68124402095499
15732,62.188166286358744
15733,62.80633889963328
15734,77.28958109709863
15735,73.82873230012495
15736,71.06487085643053
15737,70.52961275185052
15762,29.77055839027603
15763,42.51729249439856
15764,43.049269696107245
15765,37.40491797767012
15766,46.2644416364477
15767,55.89253800005171
15768,40.268568081750324
15769,43.446767709133354
15791,33.93794917016417
15792,43.91859190594214
15793,35.96830582517517
15794,38.047133105004264
15795,50.27706030860595
15796,44.47903616743401
15797,59.05511214439978
15798,47.93267753193604
15799,61.19569702318072
15800,52.43266809489662
15801,56.35310704119424
15802,61.28417925033772
15815,22.29132623032944
15816,21.463916578618704
15817,13.719909282918158
15818,31.368278833623794
15819,37.01153909487952
15820,37.41605997452678
15821,35.3518763092215
15822,37.77128988877142
15823,46.51028977510949
15824,37.30972584329343
15825,47.05252385771382
15826,43.44536091631932
15882,4.76201440524193
15883,8.751580520804772
15884,17.218315713809652
15885,17.95792970414843
15943,47.48002362072133
15944,37.30423310807435
15945,39.64042493738729
15946,36.72005816504768
15947,52.24972011837549
15948,3.0983561603537204
15949,4.376831121004388
15950,7.671538165707528
15951,12.251658800951978
15952,14.461611052382668
15953,14.227941023854086
15954,16.47870656963736
15955,16.975854912545852
15956,16.637107033516166
15957,15.806940685610256
15958,19.756522610364126
15959,20.659111686116034
15960,35.94168800890245
15961,32.20832591797715
15962,31.263479668565964
15963,38.851686017214575
15964,40.623829490917174
15965,35.57794978360068
15966,41.03732934200257
15967,43.72354216724573
15968,39.168456107391194
15969,51.57442350946166
15970,53.91194969865376
15971,4.968704016283763
15972,5.700032128270251
15973,8.675715496135224
15974,12.61227371393185
15975,15.927135157025528
15976,14.268312937961946
15977,20.536191899120237
15978,21.71931666863924
15979,22.894569691357393
15980,21.753274754953463
15981,35.54616336652182
15982,36.19408585531243
16004,38.16839429585941
16005,32.47988397159452
16006,34.160677755868086
16007,44.90655430548855
16008,43.65719867638316
16009,35.309733841546446
16010,34.43719145276311
16011,46.44171380402372
16012,46.724058937168266
16013,48.237345554843024
16018,12.978996419053155
16019,17.995401492619738
16020,20.124701394327758
16021,35.611943574721074
16061,58.87309399436785
16062,57.101021389474816
16063,60.81651739729563
16064,55.90602887761692
16065,67.55342875494924
16066,68.08459253480407
16067,63.39029245930195
16068,68.59084743190105
16069,67.59599389312548
16070,68.78554675454558
16071,72.15794448612424
16072,70.7613797341266
16073,14.22345246187851
16074,9.804127852425108
16075,14.83724895740863
16076,10.254743176006203
16133,13.994789306246416
16134,11.287389293732657
16135,6.191525428491227
16136,11.328779351339222
16137,19.360777864269192
16150,40.962577787948945
16151,43.08177500649094
16152,46.667797251326846
16153,41.33060994724472
16154,49.99304208002604
16155,42.223704748824815
16156,57.890487070766895
16157,47.13524602888345
16158,59.92063068679193
16159,60.98290316957047
16222,28.90937027926639
16223,40.52821234384012
16224,31.81268640012903
16225,40.68108263996518
16234,35.21297798212636
16235,38.876031955064676
16236,33.94957643379823
16237,41.867266676181835
16238,57.484316446805806
16239,46.29307206605902
16240,54.02942053758461
16246,24.05799096642939
16247,34.59583463300685
16248,30.883085309989106
16249,38.45793047396895
16250,42.16751940529914
16271,46.40061766200651
16272,39.76566311134143
16273,55.21170298260365
16274,49.87438121690137
16275,46.80333228319028
16276,53.8807054868212
16277,55.64121886464405
16278,59.04821574261629
16279,61.557760567123026
16280,54.222774287004576
16281,63.06295797190204
16282,65.35729204688495
16354,36.72859497138722
16355,40.45244101229458
16356,41.93772048127703
16357,42.805741357076386
16358,50.17134087801732
16359,49.91052472510154
16360,19.271376200937723
16361,19.14259425950119
16362,22.531217661495692
16363,19.27020740081898
16364,29.808380957209813
16365,35.07834914199744
16366,31.344826051709482
16383,17.848289976194327
16384,25.060765235849008
16385,31.64385726160304
16386,32.00076916138469
16387,34.232643999176574
16388,37.81323703851791
16389,41.86625510360963
16390,32.13598185608035
16391,31.676520680621028
16392,40.83074373879527
16393,37.233710518865
16394,55.301580125949926
16395,57.440996469541325
16396,37.9070017362846
16397,57.486310547205335
16398,58.63355337308607
16399,51.20558364044656
16484,18.98790891129063
16485,19.24332200876684
16486,20.865611345863858
16487,14.72919215935108
16488,16.72050581198691
16489,32.70743267170456
16490,34.64578283845947
16503,3.8411747170756496
16504,5.2228341923256725
16505,7.112638789669263
16506,9.119388212841253
16521,19.968822470927453
16522,15.08776168114349
16523,20.496615982992488
16524,13.872032099893369
16525,15.066224220627417
16526,17.42202825176757
16527,36.35797125774899
16528,37.75516160971241
16529,37.93914104847638
16530,35.23132908794587
16531,38.860939088558744
16532,45.464877713556
16538,23.782665487851315
16539,20.7249566313844
16540,32.6401256431479
16541,42.716105913570665
16542,35.15254036882289
16543,43.5370310603419
16584,4.442775237284741
16585,6.097616779061834
16586,6.5103884283428535
16587,6.84823865821988
16588,9.513787068546383
16589,15.780518599307726
16590,14.167917055414161
16591,20.016822748197495
16592,22.07090173087077
16630,33.222431301425196
16631,23.31585551940135
16632,28.444288836034108
16633,27.13729853045481
16634,37.92821074965697
16635,39.627536475109586
16636,37.92395797961589
16637,42.33887066796982
16638,53.71409729268574
16639,52.60899450147851
16640,43.62662188039325
16641,50.60123405730971
16676,36.15590271134036
16677,28.81655974691533
16678,45.520271362548336
16679,52.153173659331244
16680,57.632092685249546
16681,54.18637922342988
16682,56.49210545067683
16683,45.51571474352012
16684,48.730279768307014
16685,50.293003034372376
16686,66.51071582383318
16687,74.16487174366637
16712,48.48475374960429
16713,45.947979843555196
16714,46.61618456119377
16715,58.08381480399659
16716,43.92753565233689
16717,44.69391363968466
16718,59.855473296603066
16719,54.26685577534317
16720,55.14495228143077
16721,59.76698014549247
16722,66.7033598520743
16723,61.682730561545476
16743,49.69372041237348
16744,38.674668587553654
16745,42.62604053993442
16746,39.62583070885235
16839,16.687042754476366
16840,17.39385286980317
16841,17.745969274595414
16842,14.6256932247473
16843,18.274619193213177
16844,35.82296026258033
16845,36.17522125582086
16846,38.559261265796856
16847,39.22735096040316
16848,44.11527540507845
16849,53.45364539386706
16850,45.70639178207601
16855,39.62271598132976
16856,28.25324528956498
16857,38.09453975150859
16858,39.30914067173887
16859,48.47056417675322
16860,38.80285522213576
16861,52.151645234154685
16862,56.25483056098208
16863,59.005059546615655
16864,52.8953609484074
16865,54.43608467830026
16880,43.208489449596534
16881,37.028891288581534
16882,46.35863347636923
16883,45.03310804698534
16884,43.35129262030426
16885,41.26550398761837
17000,18.493348355111554
17001,32.97043750181442
17002,30.205958793291167
17003,30.209870821553817
17004,26.622148830418976
17005,36.01529116894257
17006,48.641689817186204
17007,54.815373619482294
17008,40.08671572292922
17009,53.678148822680235
17010,63.50985564752582
17011,48.04296219755538
17072,34.71387002880724
17073,46.8344643256826
17074,55.75289509964869
17075,50.90833212214189
17076,41.696010141013
17077,42.65718446412059
17078,41.69433603435929
17079,42.057665225726744
17162,10.944242294698936
17163,25.68202248892843
17164,18.71817842920999
17165,18.40777587681066
17166,30.627782306346788
17167,46.67459533770505
17168,38.67848693218158
17169,44.86381661939901
17236,14.91824570571074
17237,9.515959323999578
17238,11.767598878929368
17239,22.3323008078158
17240,12.523486966992024
17241,19.551403370200276
17242,23.736928440612147
17243,37.79572230431714
17244,26.467766210674576
17245,23.224539826092194
17246,33.26269121784203
17247,35.12880436953547
17248,32.3794136984791
17249,37.40975770492952
17250,37.054215870434255
17251,37.91727755101095
17252,47.81727175037222
17253,44.961305911515616
17258,38.12822960677354
17259,40.09780296111024
17260,47.30579041113276
17261,51.741113895019616
17262,56.92895780530439
17300,25.861791706635746
17301,16.64177859025818
17302,35.260813172653926
17303,18.752508479949103
17304,32.20401615669799
17305,37.47814538754984
17306,34.29212703379446
17307,37.18158148368155
17308,43.62530071358513
17309,54.732203457504404
17310,53.88405261500527
17311,41.47257657358508
17324,17.92120611242487
17325,30.415033064683218
17326,32.64888138592356
17327,39.90191036298425
17328,39.305563504762056
17329,35.31119550679399
17330,39.83180501182033
17331,41.63145379537313
17332,51.08049496217488
17333,46.35252472664752
17334,47.35736856464583
17355,9.796803454159225
17356,12.221299302006317
17357,19.999178510043837
17358,15.96069027688343
17359,20.61524871214773
17360,28.083784401265827
17361,38.1454582450319
17362,38.334206198548316
17363,34.107659293493455
17364,38.57492987938401
17365,38.700221423862516
17366,37.59083926252905
17371,7.187023479144968
17372,19.73359793781119
17373,17.705726818795252
17374,21.842309056214567
17541,20.19718859026534
17542,15.608794090315394
17543,36.25850427253887
17544,37.83297073466608
17545,41.12812030613929
17546,38.95002515137804
17547,43.85765497515686
17548,28.94488225307089
17549,34.393578971928726
17550,46.2704277456367
17551,37.95323349515938
17552,34.91961899620094
17557,14.031825566225658
17558,29.63396608787435
17559,30.25257623899096
17560,35.87674920326272
17561,42.233383826775594
17562,38.06202560189058
17563,47.51396735858716
17564,46.52430540819358
17565,40.81180634078822
17566,39.895462856691125
17567,42.16555189114338
17568,40.03502198194089
17653,5.257061375119008
17654,11.078913880953213
17655,17.463745880160463
17656,18.780342333653774
17657,17.557127082395706
17658,19.81197289478185
17659,34.28944171834575
17660,30.96232058405612
17661,33.6917086107685
17662,33.353856139246
17663,37.10310301760819
17664,53.73786277421248
17681,29.539160471092295
17682,34.254639980382194
17683,37.659502550818715
17684,36.143605263076154
17685,36.128822634165026
17722,9.655690405324354
17723,22.06594911028175
17724,19.449234007140056
17725,15.933445036031278
17726,32.85407029070135
17727,37.996297193134794
17728,40.857646926572606
17729,52.36334493658964
17730,36.67751913732328
17731,42.91689056450167
17732,34.84027682303148
17733,35.91275133387693
17765,4.447535847150337
17766,15.417333785148694
17767,8.592735176308423
17768,16.011742935234192
17769,22.67812065063216
17770,18.891148729092915
17771,29.413970516814388
17772,36.27341246781836
17773,33.19100812940256
17774,50.18995322477823
17775,33.97077294423327
17776,40.89139269674867
17797,28.186219234895972
17798,36.59863240542382
17799,27.991832152290566
17800,36.902445433452584
17847,28.931509973982745
17848,21.005096730591305
17849,33.25744648058649
17850,35.139692473890854
17851,33.69477536807129
17852,40.6071746443189
17853,43.138205689776015
17854,59.565041403163626
17855,57.13650704791107
17882,28.788127703622504
17883,25.78670568360618
17884,31.354031425700125
17885,34.229732278096556
17886,46.56022635174104
17936,9.576352300476687
17937,16.0737646145157
17938,22.39567309819634
17939,19.082150868181298
17940,24.816941051686
17951,29.096682082332403
17952,44.34075098829345
17953,39.1158943616359
17954,38.81886340772731
17955,37.84956146036262
17956,52.59097590057548
17957,50.697456477865586
17958,50.149351661078605
17959,45.31179347465535
17960,41.385840138081086
17961,48.88663144112402
17987,31.2094171035111
17988,36.064821919487635
17989,35.48062424662858
17990,40.139268349339595
17991,48.28660899824832
17997,32.481744297098466
17998,37.940360589920914
17999,37.79581849065789
18000,46.29670118170107
18001,37.16842803812537
18002,43.64521666959505
18003,41.99658085170422
18004,66.03957319605833
18005,52.34759649430243
18006,47.00967782553987
18007,57.11217332523361
18008,65.48355884495057
18096,20.564195962313253
18097,21.875032524513525
18098,31.709417490542176
18099,32.22989319193655
18100,33.450035900758394
18101,34.30201102806423
18102,6.990781638509801
18103,7.323536285610669
18104,13.350538579434248
18105,7.871480375110101
18106,13.73540844327576
18107,13.108389985702223
18108,17.20869910361107
18109,17.307112599710084
18110,20.662635724925853
18111,16.55839457854587
18112,40.10177543636576
18113,38.316324700732444
18124,13.642319540836755
18125,22.321694447063063
18126,14.848886433550984
18127,28.538840495809893
18128,29.835915676239694
18129,38.25867946029137
18130,33.269030495006284
18131,33.93014003184958
18132,46.95133763134259
18133,50.89176361641448
18134,50.87401534363212
18135,48.575122256655305
18184,3.1700377463628735
18185,11.72462129716754
18186,9.115360335833078
18187,4.157734169765379
18188,13.185935846851123
18189,11.5928474837021
18190,16.035229369195307
18191,29.30776748189252
18192,39.1222609992303
18193,34.898050182735254
18194,31.467489386023484
18195,47.7125350051055
18221,32.43208947146597
18222,33.69980521165688
18223,31.186491349960693
18224,47.85981764210645
18321,15.068828600516943
18322,14.66063680612463
18323,32.99572487782489
18324,23.715219271123214
18325,37.71919898149381
18326,30.79108530211169
18327,34.79175499852995
18328,36.29404967877188
18329,42.19142231466217
18330,34.90307879230961
18331,41.63102325523303
18332,34.31655878598349
18391,35.17126938868984
18392,35.22974528614565
18393,33.58154703585114
18394,27.60888149010585
18395,35.453929666837915
18396,44.862829330509065
18397,22.442300821598824
18398,31.906950692896345
18399,30.36523331493481
18400,31.45556778453301
18401,32.74389359141624
18402,45.24360405300175
18403,33.3699611755106
18404,48.041448655942226
18405,60.10282076556798
18406,37.7746375006111
18407,49.90930493171496
18408,58.42802874876306
18479,4.123718342586882
18480,5.793729561606476
18481,13.383388111035023
18482,11.379613254289277
18483,14.25209687803495
18484,13.258220172123442
18485,13.239841770770292
18486,23.332092220669693
18487,20.638230447423943
18488,24.008903349213675
18489,27.065868905911714
18490,27.5071272290752
18566,13.770779846346798
18567,20.81011331195976
18568,24.355658698420555
18569,29.203430308865485
18570,38.66729650305172
18571,36.4650816330365
18572,36.74311504822661
18573,36.210824074477756
18574,40.03272787748042
18575,35.54139387952933
18576,45.90171185801748
18577,38.17742293426595
18578,54.42754858526779
18579,52.50425848372388
18580,53.668664340078266
18581,57.98490652405414
18653,30.928108656019226
18654,39.935654124718184
18655,29.949453383561313
18656,50.27539900712108
18657,51.577307575231025
18658,62.46681373328186
18659,53.98010669619868
18660,60.04453841673696
18661,57.49002962095475
18662,59.162999787889945
18663,62.776370266408016
18664,61.593952248607415
18665,26.522364596231835
18666,33.54905561972669
18667,30.340922863666908
18668,34.74731024033126
18669,11.48142879837218
18670,14.731581923357187
18671,20.68507090663389
18672,14.898098857871982
18673,18.724404947293134
18674,18.327564081089488
18757,21.498891264551855
18758,29.213658698233896
18759,47.90363207634783
18760,34.70695652030711
18761,29.456069264076106
18780,18.981050972498366
18781,20.90569876879316
18782,29.87756499589553
18783,34.12113249711018
18816,10.498679316652234
18817,29.814014698573473
18818,17.043055544226277
18819,33.86738842894349
18841,41.14021680819821
18842,43.66703821984054
18843,43.54476578873254
18844,34.03905226663402
18845,50.91044823234663
18846,44.574303134558754
18873,27.50474335151463
18874,47.559564425816504
18875,41.500215815071115
18876,49.08962451751998
18947,30.832623317027327
18948,25.931752505562578
18949,36.271886060735476
18950,29.93378602154393
18951,31.881898501142558
18952,36.05627587579779
18953,31.233302069735263
18954,40.10615168829224
18955,39.78987238406989
18956,46.17886506453736
18957,47.54975084144061
18958,51.47264966265003
18979,36.82859712808276
18980,46.87356359342877
18981,35.02896676065516
18982,31.37029939223813
18983,40.3176457754796
18984,39.273141894727004
18985,40.00107648958874
18986,46.69263335299797
18987,52.503607703226656
18988,47.32976745436905
18989,49.709085765234605
18990,49.663811328771125
18991,12.682064070139365
18992,24.233532613349063
18993,25.9414524371721
18994,28.54753142870805
18995,30.8399633287928
18996,32.29691904564221
18997,21.637177859513287
18998,37.23167296879338
18999,45.47675134619926
19000,36.86429294021315
19001,36.28476621004868
19002,41.1158580972353
19003,43.15698541213889
19004,47.154103364020195
19005,50.26061954709901
19006,54.90189052289878
19007,49.74288543316756
19008,60.33528777108201
19105,8.080527456356581
19106,12.895084215812732
19107,8.250611335245166
19108,11.847298373551522
19109,17.261522607461874
19110,10.84383058284141
19111,21.52103712565034
19112,35.39502354378253
19113,36.357932149158046
19114,36.16436290186153
19115,44.256433973551935
19116,33.0581509380404
19259,51.30171614238415
19260,46.00239907872713
19261,38.54712549769816
19262,48.19259517198785
19263,56.29966195985297
19264,57.44540059820262
19265,52.45768777897031
19266,58.739853926860704
19278,36.26570255283847
19279,35.875610483244515
19280,32.080032445861505
19281,43.54640372304375
19312,22.11225815012426
19313,32.04951110717924
19314,35.828491878819364
19315,31.59711577393158
19350,49.05048495647894
19351,46.39008024917141
19352,43.92505972329095
19353,45.909772497425
19368,30.718949173128504
19369,31.148386624667065
19370,32.46033756599583
19371,42.148148330161824
19372,40.462252755148505
19373,41.4687013515217
19374,42.63274843679531
19375,46.942295683721845
19376,47.793395155250096
19377,48.301393277211915
19378,44.60669487792074
19379,55.15429236294786
19397,21.30945797899128
19398,13.37955130290801
19399,15.564940776291307
19400,22.150357357738667
19430,18.75223952419037
19431,16.156642113485187
19432,20.40070868668304
19433,48.928056619306155
19434,46.952990707136884
19435,40.437446391978135
19436,28.26937228158361
19437,42.63641085507517
19438,32.03471550347518
19439,45.58539533843401
19440,36.30758946277759
19441,45.29052855302172
19454,19.00116320990585
19455,13.94458900304703
19456,29.489163663814328
19457,32.48005366551963
19458,38.98184765688092
19459,32.69924735104005
19460,44.36742649051741
19461,33.9763369596352
19462,38.80132929607006
19463,50.63773666068251
19501,32.88007385998392
19502,33.223082819722656
19503,32.51301705955445
19504,53.20185929737693
19505,40.738211879407686
19506,38.46366390999914
19507,51.09571545399406
19508,41.71392199517584
19509,46.46245256359996
19510,64.05020926961772
19511,59.09615061770608
19512,52.274257164160346
19566,3.4213296565688776
19567,6.849784057040964
19568,9.109812508567257
19569,10.736451850600984
19570,16.530736237094718
19571,16.711878708141604
19572,17.409054957500253
19573,19.240528918235647
19574,17.746471437080153
19575,33.66701321362305
19576,36.18815465823298
19577,36.928223367502575
19590,11.816807485068017
19591,11.441866331486484
19592,11.080269084467034
19593,15.44775758234845
19687,16.455601827508275
19688,14.708130600531597
19689,21.158708717976786
19690,29.380663270017063
19691,37.82691487224918
19692,28.376672131158806
19693,37.376667839053056
19694,38.94526856641992
19695,42.545480009361405
19696,45.32915224068292
19697,50.25286007025957
19698,51.08664461319372
19759,44.77573077830796
19760,33.448663659550355
19761,28.24203926978853
19762,41.217125518452434
19775,46.77716794573988
19776,50.27868326827842
19777,48.95110585951893
19778,45.7261956273844
19914,10.799991882448339
19915,3.504863315841546
19916,15.264034458805435
19917,19.76983547172972
19926,27.437052243659373
19927,33.97235658551763
19928,46.73342627214607
19929,41.04064780662812
19930,38.3548179333446
19931,42.672141634435064
19932,53.30105674824821
19933,49.45416987343113
19934,57.693295627893605
19935,51.70303621131699
19936,49.46740855153339
19937,47.72671016879275
20000,10.401292432638556
20001,33.75609800873672
20002,33.729642040483185
20003,43.77470181474947
20004,38.38382387337067
20005,44.99815315538314
20006,37.18767914783676
20007,46.054954698261874
20008,37.43907774648157
20009,52.68417997378543
20010,50.6961319448309
20011,44.701163559584
20012,7.4658932721774205
20013,5.692138669912738
20014,16.920046005491788
20015,15.147188425648164
20016,16.937664117967632
20017,22.680561907584664
20018,18.69805287342061
20019,31.96537859581741
20020,36.72908721452285
20021,40.171235454660845
20068,17.438744085944574
20069,34.73518549141009
20070,32.99383612257451
20071,40.73937618152974
20072,45.00239638677986
20073,33.866219162313456
20095,15.817836735372447
20096,16.78692759645258
20097,29.493758724508762
20098,19.881745930247575
20147,41.850613032939386
20148,50.24918776337296
20149,41.71668388948663
20150,41.823013535178916
20151,48.06054057829649
20164,28.65019310831062
20165,18.23815512755644
20166,20.27680815189971
20167,34.967411915148425
20168,32.559756667642525
20169,33.304434811269054
20170,30.170020191558244
20171,43.46358610929491
20172,37.12837037396232
20173,42.74634651975853
20174,48.32246884267152
20175,44.78881691160822
20245,10.852049159954063
20246,14.29061805679465
20247,17.912052357410577
20248,19.605311223893512
20249,15.829815578706883
20250,16.189150314145763
20251,19.139004659152068
20252,17.69953842472798
20253,22.359058030308432
20254,24.934346903254642
20255,23.73608779356936
20256,20.49473244834005
20285,22.00556660999661
20286,23.398686031931828
20287,10.33083155480639
20288,38.01396780929583
20289,36.15548571044049
20310,13.34887273083289
20311,17.80295638479998
20312,19.236456752018608
20313,15.419015075711135
20343,9.598240493803686
20344,10.856043539930495
20345,9.581088649502764
20346,12.953717823461322
20437,4.080401512031128
20438,6.310640945501002
20439,6.363818355550519
20440,6.481040384685577
20441,12.199125277697872
20442,15.435527325851659
20447,4.112386601489963
20448,6.104917857984099
20449,8.142205419213763
20450,12.520980945562565
20507,14.776131480140867
20508,13.20174670061111
20509,16.296783300585098
20510,14.811186947043934
20557,36.007453550922804
20558,14.918499356080424
20559,18.755304637683057
20560,39.467112711803765
20561,37.91857831860519
20562,45.71994138731781
20563,47.8679571006316
20611,43.6799534655016
20612,39.19596230347681
20613,33.4433991142733
20614,38.12443513256054
20615,39.529951907884495
20616,35.7067211548816
20738,20.363405803769457
20739,28.36437011000933
20740,33.63859845373856
20741,26.602955862240155
20762,22.027946034828823
20763,31.216361921729554
20764,28.286599473332792
20765,16.946814870289483
20766,28.537114634249917
20767,31.83824068672638
20768,35.853672338884785
20769,44.52746556020719
20770,29.93187774518488
20771,31.373189515983913
20772,43.10966312572095
20773,44.594982183621866
20790,46.101505396918455
20791,51.3358279139075
20792,61.22189178181372
20793,56.7907901525213
20888,3.381199341381194
20889,20.697298618264213
20890,25.388408259203107
20891,15.11060375003435
20892,43.976222651834604
20893,46.33392327270178
20894,54.984309633019414
20895,49.83805393533496
20900,14.099705441609911
20901,12.091359857013623
20902,22.709544321478234
20903,34.98375098004775
20904,33.7735252671496
20905,34.159873358721484
20906,52.78484717349565
20907,33.25895090701428
20908,39.904651317882774
20909,42.6185105214548
20953,14.855475456178462
20954,11.143801260522899
20955,20.129315442469174
20956,23.369487900431217
20957,31.756818424738835
20982,28.130019675437683
20983,39.74615150858109
20984,36.67775681463786
20985,39.86155276280138
20990,18.58564781502311
20991,30.845930699774954
20992,33.2298450307002
20993,33.06193600372643
20999,49.64526827749567
21000,42.25563733410443
21001,37.08667846512987
21002,49.2119161857777
21007,19.95036224289199
21008,23.41410823648947
21009,31.09964856215638
21010,34.85701718443446
21047,35.40018832936536
21048,29.89664562905021
21049,36.49745449582469
21050,44.74660624821512
21051,40.7773879575162
21052,37.17208433668248
21053,41.63678922841818
21054,9.269427987183805
21055,11.152742549157075
21056,12.950237266202459
21057,14.878669031492063
21058,20.062953446151944
21059,19.975367074652723
21060,22.65460664325884
21061,21.86908794299559
21089,41.443661076301055
21090,46.8400326388422
21091,49.510028849458244
21092,55.84137551787088
21093,47.173669966843356
21094,67.58876526276482
21095,58.30705095405947
21122,10.751504909706046
21123,28.447858438716985
21124,22.876224520445533
21125,9.154105150783431
21126,10.642563246455321
21127,32.757413449274566
21128,32.71055085269035
21129,33.281316810793776
21130,35.02885308501692
21131,37.968052218322356
21132,44.67884693690808
21133,37.83291071607877
21189,25.05815574006999
21190,21.46750608467685
21191,21.00306975864141
21192,42.4359002472909
21193,37.32521674091984
21194,45.19868426150649
21195,51.055150817132535
21196,51.06625470328665
21197,42.74198224103628
21198,55.50084802359934
21199,56.28886567723538
21200,42.79032105065882
21234,18.721938561242098
21235,30.090611294653822
21236,32.58199003875536
21237,38.16990763632359
21238,40.1203407915304
21239,37.00433512279045
21240,37.33727546363226
21241,47.274390884232226
21242,46.90983759813441
21243,52.959159096308554
21244,52.65257869642876
21245,49.92257384567998
21246,31.471181375284708
21247,25.812506564143217
21248,19.37213047052228
21249,18.947209973084533
21250,33.575437595219995
21251,33.418715980690905
21252,33.14278797006089
21253,36.35244039976535
21254,33.03811499763728
21321,41.087382869844895
21322,33.51115252267832
21323,29.915275103430933
21324,52.137069837990865
21325,57.2171233202778
21326,54.438253499947216
21327,53.60352114761991
21328,60.775117138324354
21329,54.28822457067017
21330,52.98977801204268
21331,56.35143900691568
21332,55.07806287035279
21421,30.16959364300691
21422,26.40914901152244
21423,39.779860797688485
21424,32.41025658313898
21469,24.303520228086363
21470,20.601599234324855
21471,34.91561092039779
21472,32.49480639909251
21473,34.96784702376607
21474,42.778145860099656
21475,40.63037247706158
21476,48.57944558341581
21477,37.672075612151254
21478,50.13244516569081
21491,28.31190745118372
21492,33.26480129481996
21493,32.91089732934681
21494,32.870183583840515
21495,32.37054245100683
21496,42.9462743897229
21497,38.30295217420776
21498,46.84632278959683
21499,54.976794619298445
21500,53.4503500907088
21501,47.62302520659807
21502,63.362300750164
21553,37.08327989489932
21554,33.971939952240675
21555,38.35288421048018
21556,42.275425751539764
21557,47.51788565307507
21558,52.36663633170751
21559,43.43924970482779
21560,58.23323108283873
21605,59.421942028778496
21606,58.50174917128487
21607,57.60478535691659
21608,50.43838304082739
21609,61.74576743511764
21610,62.51064057440163
21611,67.44284126064139
21686,17.62827729604493
21687,29.892537927229107
21688,30.688819813713327
21689,37.74985902154063
21690,20.166844347897634
21691,30.087775138678165
21692,37.10666876734735
21693,53.63434932560191
21694,45.6899973359552
21695,51.863087206579365
21696,55.098416316767675
21697,57.889932034112384
21698,42.51545736545617
21699,57.896822837702594
21700,51.561835108682885
21701,57.65031919615717
21735,15.179196522247086
21736,8.14815321637917
21737,25.87765029233147
21738,32.28352175247681
21739,32.93081095181577
21740,33.77161132229257
21741,37.3818803748098
21742,34.47229030148898
21743,42.11467276353504
21744,39.67379551752026
21745,39.68328322476614
21746,43.380638844666045
21840,27.92119165000017
21841,30.180909950527926
21842,33.851892348221355
21843,37.25273044910822
21844,41.83827202667956
21845,45.93058753879098
21875,14.432066024423024
21876,12.964678795155898
21877,10.67237613686951
21878,20.2789929470553
21879,14.606860377458167
21880,18.47108883028156
21891,13.836565348403127
21892,22.81818630627081
21893,32.489012163166905
21894,36.887929059243625
21934,33.6898934979653
21935,30.400414629178325
21936,13.213264578638057
21937,34.62587919988924
21938,46.5594665597683
21939,40.13662748692678
21940,33.29636765493225
21941,44.89743027245923
21942,46.677484761083264
21943,53.091245777298205
21944,39.352832210419315
21945,56.12382063368456
22029,57.3752396091297
22030,62.165021448317894
22031,67.75002047448051
22032,57.05229896981432
22033,54.40430965772294
22034,61.64060196838163
22208,40.65351006199274
22209,29.94645858273998
22210,30.686218373601328
22211,36.167463653056295
22212,45.027490922319096
22213,41.798668819454434
22214,55.40876392230594
22215,53.697118351181054
22216,43.298025128639516
22217,62.206095232182
22218,18.128208307543524
22219,15.804652189164548
22220,22.865354193828548
22221,30.422483740685273
22222,39.273611203767885
22223,34.18396799641256
22224,37.12096428784789
22225,46.71861744355336
22226,44.7253033716532
22227,37.038013556812594
22244,25.871936108439776
22245,49.5254747222819
22246,34.72047696890021
22247,44.61792557303427
22248,32.64569736558132
22249,50.449208209219336
22250,47.42707023718494
22251,40.047515326974725
22252,47.89327594902378
22253,33.56404710475622
22254,59.13498461387611
22255,44.637896100212394
22256,57.04056288515366
22257,59.771337624710355
22258,56.967866449589536
22259,53.415939348274506
22296,3.564382857170072
22297,3.9356111017162148
22298,5.456744384979073
22299,10.803328942612682
22300,8.068863380349391
22301,13.298718752272405
22302,14.609900458802485
22430,26.01920924898074
22431,48.90047733402906
22432,47.61443969859586
22433,45.84802803449271
22450,13.202017048154639
22451,15.758048385160336
22452,10.997372230272696
22453,17.695737094823617
22454,18.672460177851807
22455,33.74017047507932
22456,31.905617886919643
22457,39.238800995983446
22458,39.07666303090051
22459,41.17734917598295
22460,53.233372526760384
22484,43.39315256971681
22485,41.23104384423348
22486,33.548373844790675
22487,46.96312716933764
22488,44.759731556661464
22489,49.36051300023715
22494,23.784512107089018
22495,18.572754783981313
22496,10.790225866209244
22497,33.45256882130933
22498,35.510506270391666
22499,48.00141655395796
22500,44.51402821313431
22501,35.53195454226307
22502,37.93655303042394
22503,41.21126715916769
22504,46.52733403067134
22505,44.86913087570892
22518,6.906529555250859
22519,14.290570362193735
22520,17.349608478322033
22521,23.427957765217727
22522,30.853623001916297
22523,34.368553954865185
22524,42.364455555937354
22525,33.67079516436384
22526,40.80790435096025
22527,47.64912438312132
22528,48.56517646465991
22529,44.69922394038576
22681,14.14396954283822
22682,10.687740745221909
22683,14.11122390241371
22684,22.190718395845575
22685,25.141585473304694
22686,4.840246956485088
22687,9.17459146581386
22688,10.341742484741298
22689,11.101002211476247
22690,9.109527871220026
22691,17.174550269567042
22692,13.299198322933224
22693,19.342905776235725
22694,20.91708652941612
22695,23.023018584199555
22696,43.19008075767785
22723,33.60810197550289
22724,38.872476214094455
22725,34.366076576204286
22726,52.54286029900148
22727,58.45856335106315
22770,41.08271246895346
22771,40.1133549227282
22772,46.88902641511356
22773,44.131134648462705
22774,54.92292395167651
22775,62.69083312965651
22780,28.547972552248964
22781,29.5792634375208
22782,42.81878422153984
22783,36.59560166622723
22784,33.15833834776686
22785,46.189578470233414
22786,34.923854579999784
22787,47.56943278491742
22788,58.05053932290062
22789,61.53179231877919
22790,58.361300116867845
22791,49.375350550781604
22792,49.932916406612904
22793,39.13113520314113
22794,61.50400431338908
22795,35.41440385809407
22796,47.76540520908425
22797,62.91670706846898
22798,56.17372276672757
22799,49.10591636153399
22800,53.02315645084304
22801,68.20839476169077
22802,69.02342102131874
22803,68.0299306527885
22839,32.60775742053299
22840,37.45919562921095
22841,39.78707026594041
22842,31.442939033762737
22843,42.8296987986906
22844,43.32751492709222
22845,42.21586494816328
22846,48.617750983391026
22847,50.49800385692697
22848,51.5157778537199
22849,55.67575260327627
22857,19.42562246719663
22858,25.66965749600004
22859,32.073891548436904
22860,32.646690797732
22874,7.917046531690453
22875,37.25940694779962
22876,35.72919802794918
22877,35.46721976323077
22878,48.327407103620246
22879,30.373061986184176
22888,39.79290853504078
22889,41.962672940694745
22890,59.33257022001691
22891,62.50157568778545
22892,57.7246083756769
22893,58.422315975917
22894,56.64467247140447
22895,67.43271457472544
22896,61.68966253404404
22912,30.526422087691905
22913,45.2759092963249
22914,46.083283944446116
22915,52.12658845551484
22916,53.55319674245337
22917,54.343515283279245
22918,61.54681987755864
22919,58.5433066369652
22920,61.12146187850588
22921,64.19998563357605
22922,64.18160292404055
22923,73.46970044479669
22964,42.33676241227766
22965,42.96001301858703
22966,39.330873143393674
22967,39.57667561961793
22968,44.83198699812268
22985,36.652244047047624
22986,42.85597477497381
22987,42.70099824364031
22988,57.55550715146509
23022,14.24374671517017
23023,26.901538150522182
23024,19.832533508560584
23025,37.22620535532707
23026,40.094749701444464
23027,51.64236990820919
23028,37.91902607508437
23029,34.644268688848456
23030,36.69523017411268
23031,52.76350586418162
23032,53.52516625042908
23033,46.92371113505362
23034,42.17723641465023
23035,61.46113580509791
23036,57.00885377655584
23037,53.362634877434566
23038,60.839704048077785
23112,16.247791309611067
23113,9.206932906554302
23114,16.937240722070293
23115,19.84393318538771
23144,17.25300064082687
23145,37.20526100455896
23146,30.804221474278144
23147,32.88545318048151
23148,33.29296810207268
23149,43.458708719120814
23150,41.34506027790924
23151,52.342599389922235
23152,40.4225555885868
23153,72.62969824941891
23154,41.069136011956196
23155,50.544839860005204
23178,30.807925244402888
23179,37.00875056909247
23180,56.2961459919536
23181,40.9838204795124
23182,49.72045421920431
23183,12.971468127474576
23184,9.134853241611424
23185,12.684717014438558
23186,16.426594306716126
23187,14.689395073849566
23188,10.846698518100803
23189,8.42750604827752
23190,25.446800495544196
23191,10.048879942922504
23192,17.794615011447117
23193,19.4738514538855
23194,17.43301153543784
23195,38.91599287161244
23196,33.10761089624534
23197,38.377419066431
23198,38.09528591830229
23199,42.170936936112476
23200,51.56777395471306
23224,18.61323757298356
23225,28.855631554677366
23226,21.492814607389164
23227,20.784077280293282
23261,24.972152192981866
23262,34.58720638988237
23263,44.60952658957468
23264,41.64799177466003
23265,45.43071799540905
23266,52.57029866052374
23267,51.196671071364314
23268,52.29043920370654
23269,54.51654220522376
23270,56.21221008240713
23271,55.36494914560362
23272,58.124797554921265
23301,6.034535755524439
23302,9.158770688314034
23303,13.101405799387956
23304,11.726570645880107
23305,18.547838855709024
23306,12.690017687676377
23307,18.115803674946868
23308,17.93247739797228
23309,18.903578840237014
23310,35.59598098161343
23311,33.36543581418001
23312,33.85098381905435
23313,35.23015125245131
23314,40.57102223967379
23315,37.23567388506852
23316,41.0381385368134
23317,40.90325813012295
23318,48.265129399568885
23319,56.301052532493166
23320,53.83041825064384
23321,46.18423054234052
23322,50.66669906449521
23323,46.28529348085209
23336,53.87778334166132
23337,56.973416546218004
23338,52.92292257535052
23339,58.57492509354575
23340,49.23124371124759
23341,58.88579629444564
23342,61.39088460033332
23343,66.3675115757126
23344,64.41767933940203
23345,69.13436649521609
23346,65.61917690140083
23347,64.22345176246257
23360,10.109569022495407
23361,14.498798916791552
23362,9.69866073275164
23363,17.154001463715453
23364,16.665442760623947
23365,16.240877254551293
23366,23.60523878809035
23367,21.062324499971236
23368,41.58239060136264
23369,40.970828677047855
23370,43.585144167023984
23381,14.017733768577243
23382,18.62096278527204
23383,36.2640245357681
23384,41.943265038349914
23385,32.18422699920401
23386,40.77345627100172
23387,40.89136463567605
23388,47.5297159465178
23389,38.14615788351697
23390,45.181928192951844
23391,54.285261747684636
23392,45.10016777962582
23442,46.67460232902387
23443,54.827672361388025
23444,49.98953464688723
23445,56.22127155174119
23506,25.960857545582126
23507,14.056024855006244
23508,23.76873410305509
23509,27.237167667846162
23510,35.051612093156045
23511,30.887687057322026
23512,30.064819561570324
23513,44.482975859486146
23514,37.29685884547779
23515,41.89355470833736
23516,52.16713759875895
23517,57.5597584501349
23552,19.406063583210262
23553,17.753207742819367
23554,31.174733714627763
23555,34.86832409905563
23556,33.78516907342352
23557,39.9347441822528
23558,31.463374611162784
23559,40.35944244109149
23560,35.550470605159205
23561,48.651677105137864
23562,40.11410986853942
23563,53.45810919204831
23564,62.0519566348529
23565,46.096148369559266
23566,34.82880429571487
23567,43.695501116196915
23568,47.98790208555415
23569,52.715761085305765
23570,54.94445945953872
23571,54.276713616056526
23572,52.01161490380917
23573,54.45062740811004
23574,59.83445612706099
23575,66.1062600565907
23604,19.53487287016852
23605,19.199053807220686
23606,19.04018595344189
23607,20.869029669261476
23608,36.35690163636154
23609,32.968895518011756
23614,28.275289625220957
23615,40.351816216858346
23616,28.869380366007253
23617,37.4590273271508
23618,56.05185744235103
23619,36.45204620332721
23620,44.64668785137508
23621,50.4481350743318
23622,55.950209310042396
23623,56.88616176483163
23624,51.92142552180985
23625,50.98632283546238
23655,52.51177937277
23656,45.26057851115079
23657,31.560513358369587
23658,24.699537334157217
23659,39.63713271453295
23660,40.457047349935415
23661,50.33043517839557
23662,50.37580880467104
23663,42.38779693832741
23664,39.684769093208445
23665,45.65897403328016
23666,50.57937418336353
23667,29.88533381365181
23668,15.88638853110334
23669,15.942292939248
23670,36.434907458920705
23671,34.71257868895029
23672,41.22008482918093
23673,48.549671615683785
23686,40.54865079752197
23687,32.26928455316652
23688,44.906983378584634
23689,35.43986610731015
23690,39.37361673847351
23691,42.492613408644544
23692,34.93106884750986
23693,42.33273279963619
23694,41.27830021937547
23695,55.16202400750467
23696,44.23749398193715
23697,48.8765041925865
23711,40.82097101483462
23712,43.34185265725732
23713,43.10395798394323
23714,43.24271874990522
23715,42.0414659903669
23716,55.1185787312187
23717,58.729069947474905
23718,63.32131650630032
23719,53.125058193449625
23720,66.18543912562023
23721,64.03369368558688
23722,57.37721358235771
23809,27.79815739139505
23810,49.2045969890066
23811,30.74395032754541
23812,32.94030974283017
23813,58.912691401889035
23814,38.46919832837089
23815,39.26631632666997
23816,38.86694328835014
23817,48.17417842576896
23818,47.438337789499556
23845,31.37241560402283
23846,37.50603713754975
23847,32.448147130327726
23848,48.46805985100025
23849,49.29683759356328
23850,50.177141427808294
23851,50.140406295651694
23852,42.976601786587366
23853,58.878992350534034
23854,56.122959833099074
23855,51.87112602997671
23856,61.65578668969605
23890,21.21905038869101
23891,20.803820094953004
23892,22.175292642467777
23893,39.34844848940741
23894,31.86756402623771
23895,46.8438994660625
23896,57.27724037710793
23897,39.81584136219693
23898,48.87130543743254
23899,46.13501090841347
23900,55.3595592377887
23901,65.60677767972933
23946,46.70628170671237
23947,31.76231792552559
23948,30.492584230306132
23949,43.73897004772763
23950,44.623521206012995
23951,40.65746385767202
23952,36.78388340678701
23953,42.75918779269754
23954,51.21467887783139
23955,47.969874126623694
23956,43.92818978939347
23957,44.97696311289805
23958,15.895526408141844
23959,13.22272867907963
23960,22.712703426456958
23961,31.645929104397585
23962,30.71919222164586
23963,40.47749984465292
23964,41.829242806128995
23965,46.04146997684549
23978,9.625144404266916
23979,21.226780251638647
23980,33.446438185438154
23981,33.58903137054227
23982,37.343458190706976
23983,43.257159655808884
23988,20.45569091004049
23989,33.08803172633324
23990,37.48408316036265
23991,45.12683307590276
23992,47.37096929221442
23993,36.13947497281289
23994,41.540559783740726
23995,45.941486221331985
23996,51.15955576200595
23997,46.148099415953254
23998,61.00848417937853
23999,35.35195981324017
24034,9.874650963472398
24035,28.178991441265488
24036,33.278959370251854
24037,29.289777929245027
24047,29.427112993502263
24048,26.256710440400138
24049,32.46354294140415
24050,39.75311638998911
24051,31.519918953142707
24052,45.7720492815013
24053,35.04678287901482
24054,35.202768661300944
24055,44.278180430702754
24056,48.464656061148276
24057,49.33462018405597
24058,53.21411232598288
24147,20.044491300731277
24148,29.47945337144554
24149,31.325452026942415
24150,36.668553341280585
24151,39.4922363886607
24152,39.450919071535765
24153,39.66567748279032
24154,36.18956682922741
24155,38.33491455393792
24172,27.515561661194344
24173,32.77066183973166
24174,37.227203657228316
24175,37.58410452801302
24176,31.42913373666698
24177,49.63924091484449
24178,35.656411990518315
24179,39.377345736018135
24180,45.250190909013014
24181,48.2599504076494
24182,46.901986480673536
24183,40.65345089804372
24184,22.443965164045284
24185,30.687150115780877
24186,48.67970700546287
24187,33.8425903414963
24188,40.86515324530996
24189,51.70077771434853
24190,36.855635857110244
24191,42.62311421135945
24192,46.28468259632251
24193,42.13004393999806
24194,64.3054502433949
24195,57.33392334450491
24201,12.92637545582688
24202,16.750128504353
24203,10.973062620736087
24204,19.752928110310734
24224,33.4244491668201
24225,42.04131598481053
24226,32.00524544911375
24227,48.255531400284966
24228,48.714739468530816
24229,46.17633312996852
24230,50.52086507537201
24231,54.22205806306146
24232,52.756043214893374
24233,50.121771528451085
24248,4.062067423384441
24249,26.910864142640396
24250,11.515214388726102
24251,16.739427584923405
24252,33.92195000571934
24253,31.32789296662813
24254,47.87194601082356
24255,27.482575057082748
24256,31.67229651001113
24257,42.945078985347735
24258,35.31551790559383
24259,33.19933683540734
24260,61.69771867472666
24261,49.68705575686013
24262,50.160954283995444
24263,52.725947131078826
24264,39.93771724249276
24265,41.617661241654176
24266,58.122125621498476
24303,15.088574707933601
24304,10.20286495597815
24305,20.2496770273973
24306,15.764941791196387
24307,22.972771630437325
24308,16.528336300190887
24309,37.7713860797754
24310,35.19808003856146
24311,55.21835053418119
24312,39.044807223153875
24313,46.543598316014226
24314,46.661703773989174
24315,44.615410519791915
24316,45.69037635341853
24317,41.13365266034071
24318,53.96168017431204
24319,73.89662527563608
24320,44.06295293859359
24321,46.90139740713663
24322,14.773715956852692
24323,22.86287188926485
24324,24.405972308968263
24325,37.7004397718127
24326,35.4232382152046
24327,28.561607086189692
24328,43.958435164070764
24329,38.518948792406555
24330,31.000611885674683
24331,38.72000349598597
24332,39.68821611867211
24333,44.7086153420805
24334,40.96575428904497
24370,18.453048883380532
24371,20.885586719472265
24372,20.003669733715455
24373,32.17008909979089
24392,30.926457282117877
24393,40.3271817169399
24394,42.520659041866885
24395,43.32435658982702
24436,19.887705515310476
24437,42.18543672362449
24438,29.022856848606285
24439,43.207743296953296
24456,28.89905555459783
24457,34.68444297014659
24458,45.19644615870475
24459,37.39491011204164
24492,22.422606687424913
24493,39.251540003431785
24494,31.727280285075558
24495,34.32816877380048
24496,37.5257782349485
24657,47.11092970136193
24658,54.92545023715764
24659,39.4690566982723
24660,42.94407452687143
24750,18.026233503828845
24751,23.18942078529669
24752,11.885405249002192
24753,31.415878342658576
24754,12.122796569706983
24755,31.279312200608477
24756,30.94019477531668
24829,12.938218304361676
24830,20.978638326617656
24831,19.549389774471873
24832,33.04638019326104
24833,17.559787132453028
24834,28.183676678082513
24835,26.48403425987808
24836,31.004976094334754
24837,34.52301395347012
24838,34.91417104321389
24839,36.474742651293006
24840,37.746084586523445
24841,40.068406792610226
24939,35.960547945466054
24940,41.040193228208565
24941,36.732537074485116
24942,49.288413511284645
24943,38.68021416473281
24944,44.554234380567095
24945,46.611463450979386
24946,35.21323752176405
24947,53.61158049982078
24948,60.257433741099945
24949,56.497052059888325
24950,49.44631680497799
24989,16.95761083015249
24990,34.73314575572246
24991,38.22774210010935
24992,44.34414299898858
24993,41.78662576360748
24994,37.4631249620234
24995,36.78278054935679
24996,43.91937037341992
24997,41.59242920921041
24998,34.688334758413056
24999,46.8606083087136
25000,58.24632579287487
25076,51.95614200634561
25077,57.23821454820894
25078,63.89990972823015
25079,58.08092267175314
25080,58.08066955102643
25081,62.98106782758509
25082,66.88452407660273
25083,66.6556211588977
25084,65.44214423830742
25085,66.88490745348084
25086,62.341034838922006
25087,73.78532391186016
25144,49.05171349116505
25145,39.466814970681625
25146,58.660506685138124
25147,52.21457098935479
25148,63.455045373392686
25149,41.85813198164418
25150,50.42585019068902
25151,43.12778643343462
25152,57.70991333222938
25153,63.81090416777544
25154,62.54575081964531
25155,63.136030034171945
25182,30.714972975842663
25183,35.23711764615789
25184,39.065926952537886
25185,34.60910036358994
25186,34.51665464821094
25187,35.94257728215899
25200,27.674983519425762
25201,39.28789028152157
25202,48.17494655060082
25203,54.48341468314
25204,47.6802353911533
25205,58.36670636193898
25206,19.411733930998146
25207,13.293744100629295
25208,21.808470372352243
25209,16.93554077346801
25210,14.083880441292093
25211,32.26330068221911
25212,32.685248944429375
25213,32.32895025723794
25214,44.78931957608339
25215,32.53836790482057
25216,42.86440703752222
25217,47.82014304724213
25218,16.502536430667003
25219,21.22976850648686
25220,13.373101740547092
25221,13.033580344151378
25222,22.955922401615627
25223,17.8351780056954
25224,31.641664082633913
25225,35.961585162119185
25226,35.24461188428692
25279,3.9744989531299835
25280,5.785487055765244
25281,8.575501189096162
25282,9.939754273442375
25283,15.04674221381483
25284,8.892699774114066
25285,20.581886443213573
25286,18.505665102903514
25403,30.357563959978652
25404,25.864455891733858
25405,29.819823917283813
25406,34.98085040889672
25407,32.82124677223982
25565,23.555626152931662
25566,41.68570586613932
25567,36.20646317940131
25568,29.671782379200113
25569,36.51473196365999
25570,40.3789820940908
25571,46.02125037734197
25707,15.507930773267535
25708,22.409838696832274
25709,22.538974781962544
25710,14.085614826705916
25827,18.560681226648256
25828,17.093161516070378
25829,21.21207460447936
25830,13.96873599870979
25831,19.670328876508915
25832,20.455921808871132
25892,29.798548729812953
25893,31.125712044838554
25894,34.23003027191829
25895,34.74591438364983
25896,28.08189143777778
25897,26.103581162920648
25898,36.55664759940925
25899,28.20596881251501
25900,39.81276411416924
25901,43.72969055922607
25902,36.353514713998344
25903,42.999063852170494
25904,38.99416769766676
25905,62.12041695492238
25906,52.45701268446176
25907,50.48190269324724
25949,45.57150347474662
25950,36.002554177029175
25951,40.37557281586594
25952,36.17743696882914
25974,18.177203065661075
25975,20.121213080303505
25976,20.51277517623001
25977,26.472485178565382
26011,28.997516422261683
26012,32.07092243079143
26013,32.09217434414439
26014,52.809056975938205
26113,4.0133336649396085
26114,7.56174873606973
26115,9.096955858421346
26116,9.525857768164526
26117,12.627446775481898
26118,19.2820716986814
26119,13.346692251250326
26120,17.238486640585254
26121,21.136090825063327
26122,18.245390218318235
26123,35.211344528573726
26124,38.92301376172795
26140,33.64636309536678
26141,48.98522063725112
26142,47.964977747640525
26143,54.172552118773254
26144,46.43003113233663
26145,60.07137201622237
26146,41.99960149718339
26147,67.71644991220425
26148,58.595516206820946
26149,58.98383068723708
26150,59.57923671188658
26241,42.75169844700456
26242,53.41291954071267
26243,40.27696780342673
26244,53.206036734587705
26245,55.31927521441951
26246,54.70994228076892
26247,61.86040219280551
26248,60.609436374911695
26249,52.992559651303885
26250,59.62699931959418
26251,55.13951798035624
26252,53.17523720810172
26289,14.588866088323453
26290,23.000417698600344
26291,15.52030916414083
26292,30.86194481887253
26293,32.75141784156331
26294,36.46938956702188
26295,34.687452291944886
26296,39.55417856910011
26297,43.86136047111934
26298,41.41797494450755
26299,42.36869535259949
26300,43.42698398602084
26315,33.09367352884105
26316,28.39619463166324
26317,33.95205220126469
26318,33.269306871084154
26319,45.831441084426785
26320,43.296142632340164
26321,46.76837521582299
26322,52.612784910818945
26323,45.17633096077541
26324,38.29649157888356
26325,54.525840143965624
26326,62.32609255989864
26455,30.791286810166678
26456,23.144176799315268
26457,34.79573431595743
26458,45.33553196489267
26459,23.919934363533162
26460,28.910940448850315
26461,29.703770161891832
26462,30.28320661174765
26463,35.996455904992814
26508,21.444839375626998
26509,26.930519623176618
26510,23.81157518833818
26511,23.79426181845618
26512,14.825369296061625
26513,31.925209233858443
26514,32.2090279848775
26515,28.28837724199101
26516,44.47671979829883
26517,33.57251941864994
26518,45.17853093586618
26519,38.340759630739974
26520,20.506881202757864
26521,38.88994521623233
26522,34.12175985175883
26523,31.801668704286982
26524,32.9095228763714
26525,39.01793690731883
26526,42.45495944411737
26527,35.55113285319366
26528,42.38429962191182
26529,38.368335598304455
26530,49.583713446792366
26531,56.92107107139719
26564,20.388446780254753
26565,21.381178218853268
26566,35.94649551625426
26567,28.041135229369065
26568,33.047585521213705
26569,29.943214500067345
26570,36.794478962425465
26571,45.577476153845424
26572,35.28446062337908
26573,37.00750739512222
26574,38.75676621101788
26575,35.25607013878532
26576,2.5239139568296105
26577,40.63947599076675
26578,37.88949527824916
26579,38.97859900635021
26580,35.89756787284834
26581,48.41922295617728
26582,57.22228392491132
26583,40.77397085392972
26584,20.362895144933827
26585,18.836422985375226
26586,20.956500686887573
26587,22.493224711882135
26629,21.3021234717584
26630,14.34295889157371
26631,15.641750594567267
26632,19.0355171663936
26633,22.973264007034945
26634,32.961248974731525
26635,35.96970973318579
26636,39.08272969223783
26641,32.73175430556201
26642,47.38087144729417
26643,42.22243851130885
26644,38.78494018748257
26645,47.18884302449492
26704,20.482004513297447
26705,8.976416630784847
26706,20.07386174843673
26707,43.231173486068904
26708,44.956780608363815
26739,55.47517732144281
26740,58.58166413358926
26741,50.09210097387136
26742,61.4455465156523
26779,12.20574940610028
26780,25.27932345217572
26781,28.853919040805696
26782,42.52817756273093
26783,34.24985830388923
26784,44.58650312044666
26785,47.14997140819906
26786,34.02737134789506
26787,33.838564663082416
26788,43.81452142103202
26789,48.58925537578801
26790,48.929703912171874
26819,37.570299542097764
26820,48.281483070444864
26821,64.805129113259
26822,51.019374206009424
26839,40.86808061407832
26840,41.06673054633824
26841,37.875025539659624
26842,32.426841857323765
26851,25.269431265013505
26852,27.962508511117015
26853,31.159859310160176
26854,32.74384804576381
26855,35.262156534447826
26856,40.102540183865145
26857,35.2991508595391
26858,37.12933208694108
26859,57.077071301253014
26860,44.773499047230914
26861,51.57615001012383
26862,53.10360427075554
26863,30.90494320377594
26864,29.17003274682915
26865,33.011722248198936
26866,33.862316553686306
26909,4.2022697650962995
26910,13.282045590001196
26911,17.844196302568513
26912,9.674316619575746
26913,12.933006715097166
26914,18.593124692931653
26915,13.020984848764403
26916,30.402924057154788
26917,32.386166340786296
26918,34.91197695356293
26919,35.472839562632714
26920,50.9343612323975
27006,34.51840236192817
27007,33.75342092515476
27008,38.10497506844544
27009,40.50608988866465
27028,9.212305588187144
27029,22.105207284127435
27030,35.847809804130435
27031,33.405878727469
27047,33.77780714874557
27048,35.8697308899691
27049,30.558377202828723
27050,37.21618952026736
27051,37.62279954316379
27052,38.8268145867149
27053,56.92324361371955
27054,43.93667142950315
27125,48.85726962858169
27126,62.45316164916493
27127,44.311087242325485
27128,39.46344804345772
27129,19.040577804332976
27130,18.17369581947563
27131,36.429120406502236
27132,31.118257295639285
27133,38.18945839254485
27134,33.91384264108451
27135,28.780437974647278
27136,41.034094895514244
27137,35.704179409781624
27138,49.84981214372593
27139,54.13631102048485
27140,49.709543340024986
27177,32.585662610363066
27178,36.776600063951136
27179,48.88654797856956
27180,47.84390138486753
27181,41.95673947399466
27182,41.65751331686121
27183,49.43539892089593
27184,49.34282042196863
27185,56.06765877191267
27186,46.42356042961881
27187,54.60691144431135
27188,54.824617219925116
27189,25.109713100129518
27190,36.57496116259537
27191,31.603518210363642
27192,32.578085567972515
27193,33.115589643074436
27253,24.36711481042408
27254,13.159326556358359
27255,19.971692723925493
27256,29.83211823627653
27257,33.262244969516104
27258,29.151184214833933
27259,33.495263527899986
27260,34.82251133289225
27261,19.57454111884218
27262,31.129165487297406
27263,45.372189822212
27264,34.51293961091315
27285,46.06217960234802
27286,50.944102422022425
27287,45.45875524985661
27288,43.384976350252764
27289,49.66890151038526
27290,40.39814824076105
27291,42.93640364026404
27292,49.09108598419718
27293,54.165698224835
27294,63.11812296387348
27295,50.74999473143148
27296,51.588982874927076
27349,25.364532516542077
27350,21.68611175788575
27351,28.061492288975547
27352,32.52904116733549
27353,44.57141761268845
27378,28.513423556031782
27379,32.066726406842406
27380,41.560428253540174
27381,50.682885215556034
27382,47.526248825816666
27383,49.745784451771776
27384,51.05736632761337
27385,55.46271635282463
27386,50.46675104297259
27387,52.30965740331021
27388,58.10377113102849
27393,44.30305388702734
27394,51.135024300674004
27395,38.89073354114695
27396,47.004347460142
27397,47.159638459077435
27398,40.888545284409204
27399,48.46785519813936
27400,53.09986679869903
27401,44.17386179323282
27402,36.88083642808808
27403,42.34665451667213
27404,46.85369821161047
27425,28.940282203483896
27426,30.661475869861164
27427,37.954051586054966
27428,37.498236675651775
27429,33.26897559084688
27430,49.07633017243667
27431,47.5621715479551
27432,43.20874216509574
27433,19.472990524531586
27434,42.23598308550024
27435,34.53600869300608
27436,30.34746618134011
27437,34.358791206953875
27438,37.17152532502238
27439,39.83068953265831
27440,49.72878229077895
27441,38.44481191526504
27442,33.08880182289682
27443,53.4381418629729
27444,32.18255222394062
27445,48.02350451862304
27446,49.37453261616692
27447,36.047010721545306
27448,45.27151449788986
27449,39.69295670997136
27450,56.28889669861098
27451,56.85527420232018
27452,50.314480841395
27453,56.86510223803578
27454,8.526946904343507
27455,16.069008909475563
27456,11.122327194035327
27457,13.956033588751808
27458,15.843727881618953
27459,14.573561731495609
27470,33.14345977516777
27471,30.252473332916864
27472,31.773741419079112
27473,34.773319272848696
27474,44.83774393641547
27475,33.36370493501606
27482,29.12090060881917
27483,46.08299008464689
27484,63.743507938963354
27485,49.52354361156527
27486,57.300091483340935
27487,75.4767677674644
27488,54.64869740868899
27489,51.80818262058983
27490,61.84821767615271
27491,58.15658900133208
27492,62.18069399069267
27493,58.273731609261525
27500,32.66981548583263
27501,36.99724636801533
27502,60.86826772566063
27503,58.351742138316496
27504,52.40994525777671
27578,19.075554486131523
27579,32.86458336713925
27580,46.84383140634043
27581,43.707900056389406
27582,37.964404256613165
27583,38.73888337517481
27584,48.12226845383622
27589,57.32485734831041
27590,53.15257937598182
27591,67.64654883847797
27592,55.45875755236827
27593,62.639624169666455
27594,53.93897723679298
27595,63.10242050903345
27596,59.90326009446641
27597,66.17116961113153
27598,64.97847112925322
27599,68.28047324151481
27600,64.07482022868763
27719,16.485795093569152
27720,23.555055023289853
27721,34.35814281834079
27722,31.23841998987548
27723,34.42050152245647
27724,40.74417832689602
27725,44.88902905432782
27726,34.939357724395585
27727,47.612781122524495
27728,51.180161613619816
27729,48.780811978953906
27730,41.67917800174647
27795,37.94900098994543
27796,35.58950721742556
27797,57.94988207660052
27798,54.4598754866015
27799,54.38962059083684
27800,62.79348927532282
27801,57.28247344037337
27802,57.77909263797994
27803,56.755662518405444
27804,63.05037048481791
27805,63.5591853002277
27806,64.66813805354963
27807,21.827074091561038
27808,27.115582599436355
27809,35.08144976541174
27810,30.596715713673074
27811,32.9888908525672
27812,44.99819626257629
27813,46.8741898238203
27814,38.12725065988019
27815,58.68261524064641
27816,40.585876239534336
27817,44.89953641161654
27818,56.51528892806117
27848,14.050716872534236
27849,19.049037995934896
27850,19.04503018857668
27851,35.860991866484184
27852,46.19528302308622
27863,36.50332877640598
27864,44.13942385226623
27865,55.22704110992392
27866,56.920751552271525
27867,51.14189483579525
27868,41.97884745185254
27869,50.28586081163401
27870,57.669687613464475
27871,64.4127676354591
27872,62.11160275950916
27873,63.10983677734871
27874,61.39176341976386
27898,22.529096274532808
27899,40.38712992182293
27900,31.052158102595264
27901,46.59777218660992
27902,31.64254594941565
27903,30.585974893606053
27904,38.12655773553494
27905,51.12143805048705
27906,46.447118836960755
27907,49.22774375830931
27908,43.9811614998862
27909,51.97423208313868
27933,7.763912085922065
27934,6.406667935693623
27935,17.564638588250094
27936,12.988140875633885
27937,16.588455955073982
27938,22.584556217207922
27939,14.56234083011215
27940,36.68816649799882
27941,46.1056886437173
27942,39.40716200336876
27943,39.620893889767
27944,38.028338386992715
27945,35.551491801563216
27946,54.93972160414636
27947,40.214305722516855
27948,49.66378190161435
27949,38.46987484160886
27950,50.7477054989617
27951,50.13351829015802
27952,51.09705085000363
27977,63.9106800311549
27978,48.980279132993154
27979,55.43377537654145
27980,64.82359633496398
27981,51.739474402152126
27982,65.5196830791054
27983,67.31977046169162
27984,70.57987081550331
27985,69.27577378789546
28002,44.83777859693551
28003,27.36790017431348
28004,39.43243057918325
28005,33.7979493278513
28006,38.146832153519505
28007,46.46069810101602
28008,50.40075146053105
28009,55.30320935012322
28010,49.22489780014588
28011,63.92524207775813
28012,57.018167415607
28013,59.701608300371
28037,42.27110153840351
28038,32.63366964130616
28039,36.62110614242622
28040,39.488614868258615
28041,58.282377847851336
28076,18.443236734775134
28077,27.49332913505939
28078,55.21154675604356
28079,47.77151613308305
28080,45.19769013460436
28081,49.365454454982604
28082,49.59277110881445
28083,55.3768762393852
28084,54.311558309672314
28085,52.738051605917946
28086,60.866353228765455
28087,62.778168955143414
28124,42.13495339949841
28125,29.896937028451212
28126,38.997212189240074
28127,45.9100581042518
28128,43.59458939892603
28129,47.85795737226829
28130,50.45089438657734
28131,60.49036508748164
28132,61.938650438943476
28133,56.89641607176379
28134,70.47496684339819
28135,58.74603338080075
28169,29.106679536878843
28170,35.33601456476083
28171,33.79976074682011
28172,41.00850902509136
28173,38.727868691826785
28174,14.644037380228887
28175,23.490270124762077
28176,46.75843577542819
28177,33.607630517809575
28178,42.59775235822942
28179,40.924003001558305
28180,43.44311130152333
28329,20.500474654945332
28330,29.866145038025376
28331,33.10491656380309
28332,35.12172783287306
28371,45.29050576003495
28372,57.04307099559241
28373,56.649163519248596
28374,63.13694778717431
28375,64.90149643937959
28376,62.176162639845494
28377,61.84048556891971
28378,68.46811243747113
28379,63.80265186155156
28380,68.78725972988582
28381,61.9039013566912
28382,62.37668041851208
28399,45.89918417324903
28400,42.08444680728783
28401,46.7254797410134
28402,52.0271757861918
28403,58.52899201194678
28404,50.55547846893183
28405,60.855646210359
28488,44.27019823351793
28489,54.60171122904467
28490,60.71125976617456
28491,59.99978717043639
28594,23.455644090466148
28595,39.74364071351436
28596,32.59716317013462
28597,32.55197048647967
28598,38.39878519793325
28599,42.07129225809676
28600,48.0146142123344
28601,40.34077817656955
28602,43.02567966784652
28603,50.88228411453437
28604,53.155082219334616
28605,56.742051782493206
28618,30.5719176459293
28619,30.65842086161546
28620,33.36978981495326
28621,39.58877532571828
28622,34.842893175857405
28623,4.754269622111494
28624,6.215700007780444
28625,6.155511032939283
28626,12.194036067419484
28627,15.699618398264958
28628,14.853864254577507
28629,18.09630710145494
28630,18.190365171715577
28631,17.489525539298697
28632,18.491804001371353
28633,29.814503502992736
28682,19.569732923177703
28683,11.103649006899284
28684,17.45821635806398
28685,17.45821635806398
28686,15.733590854887844
28687,23.36737992018721
28688,29.955926651241565
28689,42.95395027123949
28690,40.891875734873295
28691,32.066826841770386
28692,47.05066819678088
28693,51.41846998637931
28711,5.98682680293708
28712,13.839682666872811
28713,12.278020159914503
28714,17.72190219822168
28737,19.380477302962024
28738,31.82817662638386
28739,31.715090931070428
28740,32.70838000751455
28741,3.740805266207941
28742,8.177865623858477
28743,12.877878066737006
28744,14.989666371302302
28745,40.18016384639305
28746,52.03288642439142
28747,42.35824807030797
28748,59.04754887477257
28749,42.403963902917134
28750,57.74477454509553
28751,60.33660954815344
28752,56.97795943483789
28753,60.755872953465364
28754,66.00876430724594
28755,62.33283481493184
28756,62.736055513861245
28761,21.462930144081454
28762,39.258684216585756
28763,39.24265408224589
28764,31.456070426862983
28765,33.747196163166016
28766,42.464369341658184
28767,48.79785671271078
28768,48.02287190928032
28769,53.89723153552287
28770,45.6802605364934
28771,52.47847766687687
28772,57.353423290632605
28825,18.14373298536926
28826,21.350041870695524
28827,20.34524861284594
28828,35.11485210967794
28829,40.232467272923735
28834,25.868117248143133
28835,33.66690965139481
28836,38.84765867476146
28837,35.554035242281834
28838,54.97907372981573
28839,43.667897827302646
28840,50.20703555792446
28841,46.0145250789562
28842,50.26940686392548
28843,64.03898376557545
28844,22.449018688744125
28845,33.47196157059427
28846,37.6849533136245
28847,38.52999462638336
28848,54.11845155452892
28849,36.73454231011227
28850,39.238816266535814
28851,40.1702302230864
28852,43.41710966204759
28853,52.3628347626912
28854,56.09669653330175
28855,61.82470121831659
28901,33.01836571133769
28902,23.357986855491834
28903,24.18824063474025
28904,19.47360817215271
28905,35.32737856576337
28906,31.304040873097893
28907,35.13379592387967
28908,39.946619906549515
28909,40.90376036717854
28910,46.595066175710215
28911,40.331358322091084
28912,43.279946673837586
28913,22.845381050373692
28914,25.848101682475725
28915,33.69209802800362
28916,31.628425180689423
28917,31.142960356317104
28918,40.7608039704432
28919,38.754692462346284
28961,34.75731014626231
28962,38.612747857984594
28963,46.18042487398869
28964,39.44399486001454
28965,40.980213204361405
28966,32.4468282781952
28967,44.756760892413915
29047,24.21253297252175
29048,32.52466733818815
29049,25.549219405359388
29050,19.8138600025402
29051,26.03249770275893
29052,31.37042824649513
29053,31.767926348457383
29054,48.01847098695702
29055,42.07828662492805
29068,18.711126627564408
29069,20.10096201012708
29070,17.265550516296845
29071,16.66973854322869
29072,30.25072992680995
29073,40.12452231014889
29074,37.21013306442761
29075,35.73643764748439
29076,33.515377829259265
29077,37.32288031393933
29078,34.94801328689624
29079,45.480513152193495
29221,10.267940440882885
29222,19.403621455398998
29223,16.816685005863988
29224,9.654361170692905
29225,17.93895201822281
29226,14.730907107585276
29227,26.666331772238436
29228,34.58363998579574
29229,38.07573713792317
29230,36.994743859706354
29231,41.31286202053198
29232,46.72792191882887
29341,14.000682140442118
29342,16.34845415300181
29343,26.183422390705395
29344,15.366514147734012
29345,23.560433860843446
29346,17.38278425622473
29347,14.411750614308726
29348,32.56976798294617
29349,34.95003328126363
29350,37.0787370575412
29351,40.41838871534856
29352,35.01191044409764
29384,54.13996363378432
29385,46.981579862648026
29386,49.77772122894827
29387,58.885321499358284
29388,55.300412469002794
29389,59.93925524524207
29390,65.00624148548327
29391,61.565723031807714
29392,66.31289088819433
29393,57.07747233717255
29394,56.06445813572895
29395,67.53649182431265
29417,50.13917014999406
29418,57.641702311153814
29419,42.16114302057828
29420,46.05485069785233
29463,33.28519832137663
29464,37.25147910616159
29465,40.21591499008706
29466,41.034698991774924
29467,44.53492067337613
29468,50.17871568017343
29469,54.98862908232831
29470,49.85265587882341
29471,42.12729617650712
29472,49.95519586560089
29473,46.51958426075499
29474,45.97504000785193
29475,26.94896312610038
29476,29.9356509354698
29477,34.51007302880445
29478,30.503414662662244
29479,40.001666118610366
29480,40.24741826826334
29518,50.06249183417126
29519,50.611498850010165
29520,58.03113856069644
29521,57.75321968343761
29522,62.03480989358779
29523,53.22093929791284
29524,68.2776958016788
29525,64.8241249544973
29526,68.62855939176066
29527,68.26154226974528
29528,70.53190598962823
29529,72.42688334329887
29557,34.19329091899473
29558,39.1185734522016
29559,41.0724137735256
29560,40.47023090934714
29561,53.71596801570257
29574,21.064839849935446
29575,44.777133059866635
29576,40.407835656510926
29577,50.48140975052709
29619,45.08445699851242
29620,40.956423508588195
29621,49.968240514627816
29622,46.62536671109663
29623,44.02760939208459
29624,45.998320852861
29625,34.68470760872229
29626,43.089929814537456
29627,43.966200591072166
29628,58.46918837062593
29629,55.78834445170694
29630,44.41267829503465
29635,21.931499579004885
29636,28.902656133536226
29637,20.730487182508526
29638,32.63942069981622
29639,26.314196050007098
29640,40.13404054338446
29641,34.7554269329578
29642,43.77662666722448
29643,43.79854286173426
29644,46.31395783513595
29645,45.30407767618228
29646,44.00503914908713
29687,51.603946524914555
29688,37.698819904288065
29689,47.16288538797087
29690,51.17300378969449
29691,58.08764537375109
29704,27.826781808685467
29705,31.0332046099169
29706,34.2051820693762
29707,30.763990341272052
29708,35.090017282038275
29709,37.27988820194636
29710,37.51749222516195
29711,42.2051319076321
29724,8.560235110957432
29725,14.360862486513222
29726,10.888994807364025
29727,16.337005093452866
29728,20.926257194863652
29729,26.719276582748805
29730,32.426375614454194
29731,37.46094480859975
29732,35.74888015679547
29733,42.86145906454514
29734,46.67853866922044
29735,47.9201071518299
29736,17.178577714051283
29737,27.200098487743258
29738,30.467648381596785
29739,17.972753825436392
29740,30.00810079345281
29741,34.698400211749195
29742,34.46137808984728
29743,30.677747253085457
29744,40.13502330334422
29745,39.18002406051518
29746,51.729934539538135
29747,45.80009357694661
29796,25.489424090767802
29797,41.45759628589869
29798,44.684359792343464
29799,53.30555696792847
29800,61.56920977811586
29801,49.23921324605384
29802,47.25049614665879
29803,61.98750436287207
29804,58.127231502397095
29805,59.46173642644002
29806,59.141306059505546
29807,66.5343619778916
29817,2.9051106227029377
29818,3.9685775609998837
29819,7.350391993715797
29820,10.286268040207453
29826,43.77177832152153
29827,36.34618957999514
29828,34.274591804336396
29829,52.82472515554946
29868,4.058882741776315
29869,6.499264883964949
29870,6.6681207848149375
29871,9.355217846002025
29913,26.63817099204034
29914,16.089722278516934
29915,24.60230072954602
29916,21.647293778083384
29917,41.549784141909555
29918,33.87832660511397
29919,47.48595258505817
29920,36.04326621268367
29921,42.0594574529485
29922,43.486940716065156
29923,48.89170108233955
29924,44.66441851812643
29998,32.41845265106946
29999,33.494760299378456
30000,34.7577536021363
30001,34.149931315039936
30028,9.383025848604822
30029,14.670817561489436
30030,20.470637137430636
30031,12.171661930545094
30056,4.19806419973838
30057,8.833334792451947
30058,6.44393865149813
30059,14.517390411639207
30060,13.7424549776684
30061,11.274282384108789
30062,16.555787615520526
30063,22.43891029449822
30064,15.601053946738705
30065,30.91300453121711
30066,37.48485152871444
30145,29.374903022179033
30146,28.30928608592757
30147,38.865876669446855
30148,35.893417858137234
30149,32.885125869905735
30150,29.248228032821377
30151,41.45545810085961
30152,31.86801466230906
30153,62.81451844099025
30154,37.29576956004633
30240,24.558730310043817
30241,41.58009323256025
30242,28.809010048883234
30243,22.648216023201034
30244,31.021416817545912
30245,38.269803130027945
30246,33.62438871019531
30247,38.09373591907092
30248,39.03944367992861
30249,54.93857710860025
30250,50.311592339815796
30251,36.89759297690924
30252,18.945419946810702
30253,26.082715817558654
30254,31.608507692601506
30255,38.14881588519417
30256,38.8275541268213
30292,13.475720815871579
30293,14.41247279777128
30294,23.999211951696893
30295,20.68642922747233
30415,19.89832664009377
30416,25.427020436384506
30417,30.89713111681636
30418,36.450115189941734
30435,9.276900902138358
30436,18.67008163933517
30437,17.20885641093918
30438,20.129160389303433
30439,24.05639814243864
30440,32.57479414353173
30441,33.45678363500269
30442,31.62731766872363
30443,42.02962585976921
30444,37.748479838147475
30445,51.273800030754664
30446,37.70486080343021
30452,50.196392742924516
30453,57.225702978216695
30454,60.3909088241879
30455,60.62976127066657
30456,66.76264644104842
30457,62.985915205479195
30458,66.28242473814139
30476,2.2361601103953457
30477,4.1107083779359535
30478,9.396725796229692
30479,9.074780222380399
30480,16.294547582004043
30481,10.171664629227623
30482,15.0722553202452
30483,18.24320952097535
30484,19.197650459593785
30485,16.578224908332786
30486,15.549552791634907
30487,23.918803774800985
30500,28.317370436282598
30501,45.03703695148246
30502,45.25493755274319
30503,38.097051520062976
30504,34.05357495092779
30505,35.589876214472426
30506,36.176746213335086
30507,52.22595284667214
30508,45.42281151347304
30509,51.403080481759446
30510,61.11876785848855
30511,56.260396294641865
30517,21.805576378911937
30518,31.190882572278895
30519,33.770882529117635
30520,52.13410425507986
30590,18.870546626571773
30591,43.63621816193514
30592,28.525910912849824
30593,48.72994430033711
30594,31.968654747094156
30595,32.877542109105086
30596,43.924873321493926
30597,40.97369349137568
30608,32.76940486989387
30609,39.173345834647286
30610,41.16816971685052
30611,42.25852415958997
30612,43.26263571092801
30613,55.87192146995154
30614,56.21560587264736
30615,58.24910495104025
30616,50.11403382166226
30617,54.43456287268483
30618,54.48342679649404
30619,61.42262963059926
30655,22.395871681299628
30656,30.11100153888878
30657,15.05182254353442
30658,50.4985273434599
30769,10.349470252143266
30770,15.058917584561296
30771,15.542203011975337
30772,7.294892764113996
30773,21.51963413204407
30774,24.935315809843818
30775,34.13499843919909
30776,38.93392679273889
30777,40.509088268154414
30778,45.811217488116405
30779,35.520012245244246
30858,5.376810243955654
30859,8.590069390303254
30860,9.899890878453355
30861,7.667425559760854
30862,11.288723203855676
30863,13.81349478534615
30864,17.48556922481111
30865,15.804693637206938
30866,17.8009757532251
30867,21.955732184305383
30868,37.31981688515156
30881,27.523940767124444
30882,33.777572338949014
30883,37.92861256626039
30884,35.416337001139354
30885,46.860916240863354
30886,49.10986401522195
30887,53.18049488302389
30888,57.189525618530936
30889,55.08054119578167
30890,55.61539749335014
30891,56.92537841157254
30892,64.84150950984282
30893,25.90980441156642
30894,28.626755672779034
30895,35.37217199661046
30896,36.63622859649391
30897,43.60160869785354
30898,46.619296133274396
30899,57.850888388909375
30900,54.39368359219351
30901,58.79880013239486
30902,49.36209747473185
30903,54.16078631013488
30904,59.57391724061905
30993,32.8237869563091
30994,28.051684652877434
30995,34.10773009290064
30996,32.88448732976772
30997,25.515724455807046
30998,45.41128764478385
30999,35.894897977862776
31000,45.66451816336652
31001,41.16763472710797
31002,51.488863173718116
31003,53.79341892375345
31004,54.489051151984725
31005,25.01205548482743
31006,43.82899135398091
31007,32.73899231579428
31008,32.78089850670404
31009,10.199008072805741
31010,6.169612977530946
31011,13.965163275826407
31012,18.126030842204642
31013,17.841482362176997
31014,21.016458630168266
31015,25.57766760729122
31016,30.681709136011996
31042,29.489034300205997
31043,32.19234586997154
31044,43.85286872668321
31045,41.518257804345204
31046,33.64266636207164
31047,45.89907721710366
31048,48.999019998704014
31049,50.54156945398962
31050,51.08111736499387
31051,52.21801855500785
31068,13.347703250368978
31069,23.120780647207557
31070,43.6734272869745
31071,28.174848972015358
31072,37.60538897417469
31073,44.80813838805781
31098,13.140395017980657
31099,17.12512419850314
31100,21.482964845929775
31101,18.24686035180139
31102,22.213901881633056
31103,35.74148610888901
31104,37.913426302834566
31113,33.27427125170531
31114,43.508110027706884
31115,45.95981993223846
31116,42.66934960136236
31117,19.237343519922508
31118,10.086659123988012
31119,19.668900069685908
31120,26.560478474815948
31181,8.147746448254933
31182,10.201619431247972
31183,19.22076962616742
31184,17.635845954202566
31185,15.367374230595084
31186,21.869996813831243
31215,16.020397911410623
31216,36.27525070223427
31217,39.17291652237013
31218,41.78355082542592
31219,43.00998844985781
31220,39.534703100140874
31419,24.090669278047358
31420,28.603413822456677
31421,30.301766248315246
31422,43.61315634554342
31443,30.821010381660134
31444,49.78537503272112
31445,35.83587555923375
31446,33.28685417709802
31447,33.24611193054967
31448,49.930539467118216
31449,48.7124299552521
31450,58.49969677112409
31451,51.5348452896028
31452,53.28087955888323
31453,54.79759421606039
31454,55.120443786212434
31483,51.685775629912
31484,44.09479472626638
31485,44.255892572953194
31486,54.26392253961819
31487,54.41041334292457
31488,13.777556466077453
31489,24.656033956676456
31490,29.715964679069668
31491,37.03932246657466
31492,35.97764803137599
31493,48.46188542319735
31494,61.26159078574624
31495,49.919151135118206
31496,45.09100835852906
31497,50.95133354169244
31498,55.8517125442783
31499,37.94007683591205
31536,30.4651002706018
31537,43.95918788931336
31538,39.69253216341398
31539,55.09192868280504
31540,34.003145265136894
31541,62.63706089150689
31542,37.97878941323995
31543,48.92908212926597
31544,48.01485587769991
31545,60.95538981593896
31546,57.20756449574834
31547,58.652880479819444
31548,16.265171629614933
31549,28.32967681252976
31550,47.56481840388318
31551,33.703804780107795
31552,43.61714563331504
31565,32.89882063046712
31566,31.06384537193151
31567,43.76708124104302
31568,33.31756943278212
31569,37.59349273395365
31570,58.81015828844342
31599,18.35847895849101
31600,24.537533641562323
31601,32.28807172371591
31602,33.98903852889727
31603,39.52854385437412
31604,35.53586108073969
31605,39.49356065028033
31606,41.4477361548243
31607,44.913811873244065
31608,41.77565798103943
31609,46.04804159204777
31610,45.477624727342885
31627,21.16648605281995
31628,35.51513172156547
31629,34.43812209748143
31630,36.33690288766891
31631,42.9284686145781
31632,50.943950296284854
31633,55.71707600263758
31716,17.383723714465876
31717,34.18188112695537
31718,33.13416667452929
31719,26.437331253078586
31720,41.36739954087999
31733,6.422383307859208
31734,10.084947815346272
31735,15.119471874789925
31736,24.217498927777964
31786,9.978018048418377
31787,13.658394279861755
31788,13.83562851040973
31789,19.89573016368848
31832,51.69509382377939
31833,55.41755092163563
31834,57.79328530345112
31835,57.5782223910735
31836,56.869044203783886
31837,62.16995020130082
31838,65.61493567995912
31839,60.44799712851802
31840,66.62531767366325
31841,67.19399406196727
31888,27.279135064828058
31889,40.236543131085014
31890,46.604594699651685
31891,41.33303685946299
31892,34.09861467942801
31893,47.6485297609017
31894,45.0888430605468
31895,64.1583171040454
31993,34.179582663904
31994,37.93800082488388
31995,47.15305069867536
31996,49.05513653895541
32014,21.986707798544554
32015,12.782621023136404
32016,19.80519070071386
32017,30.96040294300136
32018,32.02101521584373
32019,29.959235661153464
32020,30.76105041561531
32021,39.14618844583009
32022,36.28002244237048
32057,29.160541938057644
32058,18.53041787441726
32059,32.2714838637289
32060,30.94077766271526
32061,33.64818477393762
32062,29.5773822782208
32063,34.693947506555816
32064,31.229605764761615
32065,35.89205659489248
32066,53.45354154861905
32067,42.654827374622975
32068,37.53110007995186
32119,4.630775540288758
32120,5.869471816862793
32121,7.912211169580531
32122,14.356487483791863
32123,15.187762672433482
32124,18.995978859988917
32125,21.820036195916334
32126,19.178862474292153
32127,33.00761787137442
32213,37.07403920965691
32214,19.88172979945218
32215,34.64567144704632
32216,34.15701770317367
32217,34.39584219146999
32218,44.90343501898122
32231,13.22518192156194
32232,40.000057083889665
32233,38.813113994130084
32234,40.25828127667151
32235,47.575011053038665
32236,21.908004854713408
32237,29.199425573993683
32238,29.644299954890755
32239,36.7587499532311
32240,27.595946356699404
32241,50.86939133431606
32242,35.668967353284216
32243,31.364777138328478
32244,44.79008316721619
32245,48.33052602014032
32246,44.76821005403216
32247,53.73680293292594
32353,15.176335571488938
32354,14.417036694022682
32355,16.665551215067687
32356,13.623376737125295
32383,4.54299614400159
32384,8.167907881116275
32385,8.312436001841888
32386,8.792915153238967
32449,11.095087287654358
32450,13.458093823389007
32451,12.003629402362712
32452,12.039680218391332
32453,9.803184524973176
32454,14.642909313759032
32455,22.823959956012942
32456,16.413259412853648
32457,15.647376585946178
32470,26.634716551641866
32471,42.58432514396054
32472,36.23181251325506
32473,36.77349652352798
32474,46.609878092834265
32475,49.071941641558695
32476,52.7391322378412
32477,70.28913717179256
32478,60.626692816745916
32479,52.62225767523688
32480,68.98328133103027
32527,40.376834229956444
32528,32.185055344605495
32529,36.92546595405565
32530,32.23780780563278
32608,9.150935849926295
32609,10.30140484297322
32610,17.76981838953032
32611,13.473026074401941
32627,9.788281659401457
32628,17.170036178853593
32629,38.39269021704699
32630,32.53317466949988
32713,22.572242640644152
32714,40.864247947324536
32715,30.38087213187662
32716,32.220088838010746
32717,35.297237681879956
32718,37.66709527946442
32719,39.51722409094108
32720,49.13749745654243
32721,46.22277176953325
32722,43.528372970748876
32723,50.558802135134805
32724,55.41360395051432
32725,23.700264585897035
32726,37.16110611200354
32727,25.704668718313194
32728,36.085677138739406
32729,40.6031413725033
32730,41.526181868076634
32731,34.957614563465505
32732,56.209505859204164
32733,59.77999947095097
32734,58.37545138602095
32735,52.058020822390695
32736,55.50167897175738
32741,14.181018053068492
32742,21.870535915517888
32743,19.298754580590494
32744,17.585869954415248
32745,40.15207787402419
32746,39.474361295870544
32855,29.195602611337854
32856,22.127507454870486
32857,24.32029041757505
32858,20.211785834553975
32859,37.24795641277542
32860,32.5620994282415
32871,3.551128827945863
32872,5.281353000414307
32873,6.067305897577079
32874,8.087848947116933
32875,18.983873971105425
32876,13.497198935022944
32877,22.441809167804486
32878,15.602886767035324
32879,21.358855493752774
32880,34.77355546143635
32881,33.099549359890545
32882,36.75279756226516
32901,15.555422261258197
32902,19.406173780750663
32903,13.778693020651575
32904,16.030430290679995
32905,20.7255076172617
32906,33.48941771587317
32907,30.496915318613357
32908,37.799356999849444
32909,51.587913247199864
32929,42.9587133745831
32930,51.46724677158417
32931,49.07518995202968
32932,48.52726422324609
32933,36.402201461825626
32934,45.05236589921866
32935,53.72561381221213
32936,60.690169793436375
32937,44.804429296681825
32938,56.80518184513707
32977,4.181983960191754
32978,5.987475468812828
32979,6.893698762600446
32980,9.906842386313997
32981,8.90632339964998
33029,39.688834042210466
33030,28.728593128814907
33031,48.97454008165706
33032,40.20540219360676
33033,44.36581059783852
33034,43.8644580640763
33035,49.801267122191895
33036,51.58764284643997
33037,45.37012747104513
33038,44.59452851792474
33039,56.171313169198775
33040,47.616823378331574
33107,42.24938713271563
33108,46.093898822902425
33109,51.24208965454207
33110,56.64823144874162
33111,52.76891920633386
33112,55.9018583944718
33113,54.509309153577114
33114,49.754081338941006
33115,46.109393076433506
33116,59.754691541305625
33117,60.505518985690784
33118,65.01763630763536
33119,30.197420221195536
33120,34.34016816806856
33121,30.243853599089597
33122,41.67231708962317
33123,37.065618684050506
33124,36.686831131994104
33125,50.09862064631713
33126,50.335382088737795
33127,39.471131442144525
33128,51.13295506946535
33129,44.067617359332516
33130,46.97605224515015
33135,29.274437394047244
33136,31.513919801265683
33137,33.848625703778865
33138,33.63401234760846
33139,32.95786788848509
33140,32.23066278136661
33141,44.806072913938415
33142,41.85524227178811
33143,49.90889916603922
33144,51.842920064315265
33157,33.73559341704893
33158,45.83278204802454
33159,34.990136036008714
33160,39.50709585787695
33161,44.23140850660827
33192,14.577461554056345
33193,17.12007343548471
33194,16.981702438911
33195,20.097632987221367
33196,19.070920660447527
33197,16.691262664106716
33198,19.662030450875466
33199,36.17719863663061
33200,29.215188177165256
33201,35.67557145024805
33202,42.9886727896386
33203,48.10512527238942
33204,24.76809066168988
33205,30.02902414129499
33206,34.06154027114876
33207,27.641013761525134
33208,41.86109773980685
33209,37.5864845676638
33210,34.76750056480275
33211,42.408253786648274
33212,38.4477831036018
33213,43.474254571576914
33214,42.64671849333579
33215,39.51000245275538
33228,15.364647291061013
33229,19.084349917904657
33230,16.906155345672992
33231,18.258550487080207
33232,14.631302153535735
33233,13.774662116525185
33254,18.73287231756612
33255,17.72265327905875
33256,34.64293138296215
33257,35.327009802377106
33258,4.16351234788652
33259,6.336871011462452
33260,7.465775750242868
33261,10.039896061035353
33262,17.759158620125483
33263,19.249117655632965
33264,18.14429561631339
33265,20.93564113239747
33266,16.281553137998667
33267,11.59806734832443
33268,19.71518103064732
33269,15.487496723825505
33270,35.68697346745164
33271,37.5411658898268
33272,35.8008953286363
33273,42.56797027803854
33274,15.922045903237759
33275,12.38532146074682
33276,28.44235679234516
33277,20.168960623897345
33278,35.31922964070618
33279,35.01795369879531
33280,29.042402853409516
33281,33.831414679394115
33336,38.5340863606746
33337,26.313121965856055
33338,36.236330978524606
33339,50.492939684135
33483,7.64039543557227
33484,12.43605207599421
33485,11.083037304184925
33486,12.190896936341826
33487,14.861086166025506
33488,14.977391549157367
33489,23.908795377751517
33490,17.868398951773482
33491,30.879262765588194
33492,43.79471491712333
33493,31.21019566856435
33494,50.646595601652876
33495,31.928617299441267
33496,36.89597600258433
33497,52.01875390584376
33498,40.30024608859688
33499,51.731949412202965
33512,33.71434688406308
33513,30.054397541310973
33514,33.651646226875386
33515,30.93945004016056
33516,44.46201900664143
33517,41.2722135711462
33518,47.44309985901325
33519,48.62028028828894
33520,61.24234117274726
33521,50.776417931849856
33522,56.69892739482274
33523,51.94096479674626
33528,27.127850637185507
33529,34.89864544570552
33530,55.57712822418007
33531,48.17067237221526
33639,8.623410224117318
33640,13.203878359543717
33641,11.087144445137984
33642,18.846406947410276
33659,45.25777154671003
33660,38.24662883539788
33661,51.46203559549799
33662,54.88408777655838
33716,26.485537655006766
33717,40.1679035146821
33718,39.74334591288728
33719,37.746923824022964
33720,41.70040391778467
33721,34.24371662465682
33722,50.666293756646695
33723,49.59582653390429
33724,46.49695483508087
33725,56.72951976102206
33726,55.282015119855494
33727,58.31195043118736
33958,17.151333478545748
33959,15.275035518646725
33960,19.816312478849202
33961,20.332869772773766
33962,9.442421580802687
33984,10.388863182097397
33985,19.262465294107542
33986,17.81241471056093
33987,19.569382891127322
34035,3.5202018275543407
34036,3.824005365695103
34037,4.171234244451969
34038,6.217899718236464
34039,10.77729015036281
34040,14.45067934976166
34041,16.200939623754344
34042,15.433916705949128
34043,16.092880953728063
34044,16.563273224994656
34045,22.466441849978104
34046,31.429631907760513
34047,53.59754976463734
34048,50.399643777269446
34049,64.42647416838672
34050,64.76987715391347
34051,62.37625983796215
34052,53.51536852826618
34053,55.336444009016624
34054,60.48062129785889
34055,64.68275000494899
34056,70.9188145086167
34057,68.73185092526681
34058,75.42063797804187
34063,27.73405873951004
34064,31.58013914219274
34065,46.83588682759788
34066,42.49853027290033
34067,44.860580819483864
34084,14.220795347064213
34085,11.410596678479273
34086,17.10131977872565
34087,17.330157821919517
34088,21.537731289726313
34089,17.545162448136164
34090,34.10654309911537
34091,31.497397157365384
34092,49.43048743726424
34093,35.91603061293603
34094,48.668310357384065
34095,47.43616621307401
34108,28.68467123274244
34109,30.828056387330314
34110,35.19249749765155
34111,40.7847057506408
34112,49.511423971228496
34176,20.30436324057613
34177,19.462576411258496
34178,12.714648016083029
34179,34.9812438719094
34180,34.320938563771215
34181,39.99288334780022
34182,42.491795066563746
34183,37.37568881721506
34184,40.35672954325001
34282,19.71703644729222
34283,8.923288086340854
34284,19.4902659901944
34285,17.917457404866607
34334,2.921328934274097
34335,19.693031406505614
34336,21.344639691571206
34337,19.536735574797465
34427,42.56178831335075
34428,46.08503120557251
34429,47.8808908002025
34430,45.41380836823233
34431,44.43002509946882
34432,46.87170961832638
34433,52.28492110835641
34434,20.744483056665697
34435,42.77966624474803
34436,42.983038674065405
34437,45.357570130859955
34486,27.3177335253306
34487,33.40833431174617
34488,42.437069777490116
34489,31.37522107082064
34490,38.85127748202007
34491,44.233492693487875
34492,53.265493663266504
34493,39.894807594810395
34494,41.79134076348516
34495,39.930201385710276
34496,49.33613195547729
34497,43.728801121476614
34538,2.733181060598833
34539,4.223216190616822
34540,5.778742836142106
34541,12.749836161029926
34594,38.79443982982191
34595,39.41863007299129
34596,44.32987374739728
34597,46.26943506571404
34598,13.685267846770559
34599,5.553451097333241
34600,15.427283530182486
34601,17.8809221999643
34602,18.374412186203468
34603,21.376659046870888
34604,22.152773953554632
34605,15.88002236134598
34606,31.062247210736558
34607,32.8423982949302
34608,39.372333142650696
34609,45.18730684531745
34610,27.488746785098304
34611,27.439595273977393
34612,36.097927527235264
34613,42.00137836524076
34614,38.662818407342385
34615,40.37380725404411
34616,37.572259288750246
34617,12.414362550579058
34618,17.818181726344285
34619,21.05689600991089
34620,18.4494269007504
34621,34.14085897975113
34660,15.095564365541561
34661,15.25164722012569
34662,6.125079130467743
34663,14.328320074179498
34664,38.6367841616465
34665,37.64578408548411
34690,5.8292719656567655
34691,12.298887777689144
34692,13.805208724303656
34693,14.667813231439892
34694,15.62625755579416
34695,15.369638288560997
34696,17.01169803747804
34697,21.684905718918838
34698,37.60127942792372
34699,38.84960013637405
34753,6.849310628842374
34754,9.291926987001963
34755,22.878304378230748
34756,27.474815057144138
34757,11.57342236761751
34758,32.284855831866516
34759,39.84311340914684
34760,37.605406911796756
34761,48.186306409924555
34762,38.43621866924792
34763,43.235948559125184
34764,44.64458919413274
34806,12.431585424843444
34807,18.018624865881677
34808,22.421642855859304
34809,31.893959477675384
34810,38.3367620832746
34864,9.762843618021693
34865,30.050125172807988
34866,34.02844148718734
34867,34.96898175745372
34874,22.875727850273243
34875,23.618115371360922
34876,33.82822426733843
34877,41.8014571957753
34906,30.44437766985511
34907,20.79439899750548
34908,35.431397660000776
34909,35.289579925134525
34910,38.38701952552082
34911,37.62026353647166
34912,31.2007938548358
34913,41.975621161190176
34938,40.89779661692797
34939,39.97558324978073
34940,41.08389020003432
34941,57.241210914378556
34942,35.14673205643557
34949,18.500551904137488
34950,16.086921699517053
34951,31.634232580211126
34952,31.878615603616772
34953,32.657975291498204
34998,43.83103773453773
34999,34.574682522388834
35000,43.031171541299955
35001,31.1831945393054
35002,49.049723178033815
35078,43.0069691270419
35079,22.649855949994155
35080,34.02759825361148
35081,47.644490761881364
35111,12.674550035464186
35112,13.666504385293578
35113,17.217066938319753
35114,34.48461675440553
35115,29.51284612744509
35116,30.106718578596965
35117,47.8460836823592
35118,39.125864662794626
35119,45.18671824896887
35120,39.250730708738075
35121,44.85582633170681
35122,58.25029536416209
35177,32.29081849865384
35178,37.50239887766945
35179,33.21950869623756
35180,36.406756273128345
35181,50.951761912392705
35207,25.302191040476806
35208,24.10118602426048
35209,35.32858039525717
35210,31.301494429307464
35211,32.52775178253007
35212,35.88951206776932
35213,42.149589248164666
35214,51.00124174610545
35215,42.324468665317056
35216,56.873318781350854
35217,42.95547341237391
35218,48.02052361593213
35277,40.02089780751261
35278,49.10119638590903
35279,42.33731302269257
35280,51.27770964274357
35281,45.123881384844985
35282,52.519326165551924
35283,56.5738291044485
35284,57.488235150053825
35285,65.32934426625181
35286,45.56302303825507
35287,37.11858996367378
35288,37.664152936318764
35289,40.638107629583864
35389,22.52238457365914
35390,24.911010018508584
35391,31.331952198929685
35392,44.11900024038144
35393,41.59532910879661
35394,29.29760079597784
35395,37.17278623655276
35396,39.847681762026774
35397,43.92858114561761
35398,49.292272685967774
35399,51.08649200277033
35400,47.94041365634594
35401,29.562337799685935
35402,30.990729105651045
35403,37.788602109760646
35404,33.90115838362679
35405,48.45725755153117
35406,43.88526289902147
35407,39.53016928319447
35408,53.17211222449432
35409,55.48896322566512
35410,47.29801596390239
35411,54.20524190461033
35412,50.571792884959414
35438,17.484891457655955
35439,32.137032066304315
35440,49.48810472987078
35441,35.03666460489332
35442,40.75533739591571
35443,38.805672447483865
35444,41.153067149348985
35445,42.816621410827366
35446,40.011491709902636
35447,57.4760225848986
35448,56.304015718062146
35545,59.23062652214325
35546,54.75733275686421
35547,55.13156617270977
35548,52.67035190835502
35549,57.57173154787053
35550,62.32311690595766
35551,60.12101555957694
35552,60.64824109821147
35553,59.02066342604897
35554,63.83239319696162
35555,59.74616122589766
35556,65.1863921125221
35557,21.416860708825286
35558,48.22597840534971
35559,34.921802020577346
35560,41.876585881102535
35614,33.56005763916832
35615,54.27635164182652
35616,34.227021889724256
35617,41.98603253770047
35618,42.32599789280799
35619,43.86735075439972
35620,39.36708406572483
35621,19.863334559317458
35622,13.229190827540906
35623,30.070507449810467
35624,24.38771708167624
35625,19.040651735299758
35626,30.46370773478829
35627,34.22578075130603
35628,34.18252850245599
35629,44.047445023410624
35630,32.583156344601136
35631,42.66838605792351
35632,39.236322238661195
35676,53.39052992663305
35677,46.22651096028302
35678,56.510676159179056
35679,48.19566968674689
35680,50.87516772608229
35681,55.365959608516235
35682,62.761514641491154
35683,58.752079374026316
35684,58.80648730970728
35685,62.07526424824203
35686,53.68356955504615
35687,62.43419347945282
35706,23.95378924972402
35707,25.53153324759503
35708,29.919658505961777
35709,24.890245378983025
35710,14.266638290921954
35711,18.332469824660926
35712,31.010345805104876
35713,32.05161611908366
35714,33.79649990003573
35715,29.053302796098894
35716,40.37577657666279
35717,44.572256143741406
35718,20.034361604052553
35719,30.563019654177232
35720,32.31284755612896
35721,35.18444846901764
35727,17.155926577529137
35728,27.69063870640115
35729,24.954856046100304
35730,33.675143557005086
35731,35.996104771190865
35732,45.71763261978604
35733,33.67776254239782
35734,44.54805849468998
35735,43.20989647063172
35736,45.245085487950384
35737,46.35495640816302
35738,40.07993538323287
35745,17.56060028192672
35746,16.033799266573943
35747,16.02106559436985
35748,13.0832406498575
35749,13.610225159072568
35824,19.98102614390599
35825,20.863560505983024
35826,10.3247324479927
35827,14.419981941012315
35902,3.7910680314718115
35903,13.236462984074718
35904,14.071252768771737
35905,20.38373435613968
35922,19.93578578076608
35923,20.288712045890126
35924,27.39684078445129
35925,35.72664732863422
35926,30.938936486177035
35927,36.08437539502771
35928,38.112491595640826
35929,35.061405961834275
35930,43.54204845728852
35931,39.676485742261015
35932,38.73926161661452
35933,44.27952585238815
35974,14.794680390502796
35975,21.31699162840784
35976,22.698600605188926
35977,21.90543825663687
35978,35.8130850914743
35979,34.60173824235484
35980,44.044858432412155
35981,41.14182215341982
35982,49.40229247080787
35983,43.27968472898906
35984,40.48237545216437
35985,46.85516229760488
35986,4.879372113383611
35987,19.123937125903634
35988,29.485884568806007
35989,36.59482284706468
35990,40.57323371620203
36068,15.59215705823189
36069,33.02848622282809
36070,37.63886912535891
36071,39.672471987396804
36120,35.749199917059315
36121,36.16025202773063
36122,51.76301323541888
36123,32.64416246658655
36124,59.22193247670578
36137,19.176793639711345
36138,26.86650294719157
36139,17.52984015901285
36140,35.58281024776544
36141,40.55690992214809
36142,37.80894197042039
36143,39.328551922871235
36144,38.51700469076649
36145,47.54788047190789
36146,50.05085219661929
36147,39.980735156448866
36148,58.525234799670045
36192,42.52795752428766
36193,39.38328299337663
36194,40.51027324750297
36195,43.34367402235175
36196,48.155474901144956
36197,57.67856082667218
36198,52.676754053409525
36199,58.99484784905729
36200,67.12684451183709
36201,67.17283018801912
36202,68.75459941844494
36220,27.607962054937495
36221,29.799113187797218
36222,30.10080263843251
36223,40.45272392476082
36224,34.36575042283919
36225,31.983147724084418
36226,53.63298656743874
36227,38.19276045824491
36228,43.75701930819552
36229,57.5576671298379
36230,52.454034745741424
36231,48.41755180616421
36245,45.38952966123785
36246,39.83707088573939
36247,39.877228440348624
36248,41.64451757181812
36249,36.81809381141355
36250,49.081529531082325
36251,47.35646725327237
36252,41.16863771108051
36253,43.090416221142846
36254,38.51858686660362
36255,32.71978031656775
36256,35.50338551737287
36257,35.02543010759371
36258,36.91167208043366
36259,36.96612548547417
36260,33.71240085033168
36261,31.25527165166161
36262,38.03426637605229
36263,42.74524770351141
36264,45.540310254527846
36289,3.191387473513507
36290,4.3208580128983805
36291,5.363461670996966
36292,6.526503378842661
36293,9.891146137128139
36294,11.706666595967615
36295,17.220224858005
36296,14.711710193649033
36297,16.222779852231938
36298,15.47164550497038
36318,25.46882156735085
36319,27.43848220709504
36320,31.215508662668036
36321,38.497635273380745
36322,32.164734487245816
36323,30.686936941492323
36324,45.52171709226303
36325,44.51583180076776
36326,44.667419792331565
36327,47.38741285610538
36328,37.94371406399567
36329,52.30482779154074
36330,51.71048188737837
36331,54.45451388272259
36332,58.83485657602652
36333,53.318935089000774
36343,20.1154151812904
36344,20.825808948905802
36345,29.325333928767897
36346,34.3198532805434
36347,34.935491100038846
36348,27.311902076255528
36349,27.957330824820012
36350,41.562585050950055
36351,43.786697290643296
36352,46.91049777651922
36353,38.717084875750885
36354,40.79871546027823
36367,8.898962490533902
36368,29.4783948414146
36369,22.050982122820656
36370,18.083807201352354
36371,26.143061008370378
36372,37.5406253252103
36373,33.73875890424502
36374,49.34708125106298
36375,40.3782285094772
36441,20.81775050801956
36442,40.60044722273253
36443,46.3123658440939
36444,40.958934791777104
36445,42.627001227461506
36446,50.34483894706205
36447,45.76883629871339
36448,57.464725388130326
36449,58.236661144285016
36450,72.1565301301148
36451,58.577643377799326
36452,54.42483847007378
36453,13.896830773583439
36454,29.527163821249584
36455,35.79862679454662
36456,37.932046462079406
36457,34.00084045848539
36458,43.88093180566071
36459,43.97607831575641
36460,60.18704481314238
36461,52.9125650862028
36462,53.223626782491145
36463,61.95311722695205
36464,56.02842342925069
36523,4.673287500645147
36524,9.182199642462848
36525,10.277333039099778
36526,20.499378080050715
36601,22.420498710874764
36602,33.70404048435281
36603,11.767598878929368
36604,37.223088652374884
36605,43.13049138279126
36606,35.05147057987889
36607,39.449059676152814
36608,35.56449019140398
36609,39.09292164206674
36610,46.3594257868224
36611,37.43391584865231
36612,44.14212185195881
36618,38.09525758943917
36619,29.759342062622867
36620,35.90237028230763
36621,41.628669411252005
36637,37.63330507806308
36638,30.70772541053671
36639,51.09902503190562
36640,44.76652415816124
36641,34.546365984195454
36642,62.79073418890558
36643,39.88751985127286
36644,49.36155595278318
36645,47.64548252184688
36646,56.690039746135504
36647,6.648477692513151
36648,11.018799590861796
36649,9.686143653858446
36650,14.954387403696305
36651,17.7777644250041
36652,19.535643625732686
36653,22.124701714069975
36658,49.121935174595706
36659,39.666165988805886
36660,48.414212135010416
36661,48.70731800984644
36662,51.53327641596271
36680,35.16376575970833
36681,35.60738871334792
36682,35.70672507873803
36683,49.477596056888885
36714,19.494062921586742
36715,15.04046836359405
36716,24.43264978789629
36717,30.841588498397794
36734,41.04184142947218
36735,48.15319997789231
36736,51.825471702084315
36737,53.60766515845258
36738,56.189203400299675
36739,55.451153166319315
36740,52.3260375085652
36741,61.69274004136947
36742,53.283756718452715
36743,53.30746555587625
36744,62.048951518884685
36808,29.174092323778886
36809,37.47964218663505
36810,28.024180626166334
36811,36.22538169004129
36852,20.793534022317246
36853,30.115779515270656
36854,23.872255122384814
36855,36.16493316540961
36856,31.68963029770518
36878,12.139526097274542
36879,5.8382910736147045
36880,11.013382566693936
36881,20.321003599113784
36882,16.602203449747552
36883,26.180618215399196
36884,27.569329191032967
36885,24.930386731295172
36886,32.40520561173085
36887,32.38133986522823
36888,35.693044246079104
36889,37.651410372627986
36890,34.86306677926781
36891,52.696758157539456
36892,37.86523100515408
36893,45.576921773627554
36894,49.95033140925814
36951,29.923843618959474
36952,31.07182922467755
36953,31.536744290999646
36954,36.42041954726799
36955,32.75798767994644
36956,52.97683452696814
36957,41.93249433033688
36958,37.650471073011836
36959,43.83940854521687
36960,39.62990706348782
36961,51.702369708736576
36962,43.470202430905104
36975,28.370746336372783
36976,54.91427997918303
36977,44.470151008230445
36978,54.223290987212415
37010,5.127227862089292
37011,10.405299059390217
37012,10.92046812706762
37013,7.006911058466357
37014,13.857339146919111
37015,18.969850351730432
37016,18.25558424903715
37017,15.719273955350864
37018,38.26903208552837
37019,35.90573227120195
37020,31.37971834564544
37021,40.65581772992815
37022,47.20234573604491
37023,51.186095699343824
37024,34.977608198529474
37025,37.502757714668014
37026,46.95455654134544
37027,47.72832311588154
37028,49.84841837505127
37029,59.68436779069781
37030,58.93115686471582
37031,56.000172708641564
37032,55.777557355629014
37033,61.71607371738824
37034,29.699167072233596
37035,22.112378894638645
37036,28.106574720486336
37037,16.520083971597746
37038,33.25092271927601
37039,38.24965087266441
37040,31.400854408537054
37041,25.7663173835044
37042,9.038859643526887
37043,17.694508178280632
37044,15.974139876810229
37045,37.08268292593868
37046,32.10975221949627
37047,35.03077018875151
37048,33.91968675343994
37049,39.11806546848133
37050,47.77482130450551
37051,47.43006556058985
37052,37.893900872412736
37053,35.97486344673426
37054,31.277745947131365
37055,48.4064328315953
37056,43.057659734594424
37057,56.87664746054038
37058,49.9732415529876
37059,55.92690957915302
37060,52.1219829704259
37061,62.19714322477778
37074,27.609104023420986
37075,41.91601058827891
37076,23.061790868563417
37077,23.37014349078681
37078,34.042021394892174
37079,32.59899983012964
37080,32.83815362705466
37153,19.93829744366323
37154,26.522551167233303
37155,23.327255829440627
37156,35.34140320441769
37157,38.6605421986821
37158,35.567584924781585
37159,37.50347133649646
37160,38.014045799300135
37161,40.52755841127288
37249,20.831035675398116
37250,29.438010937613363
37251,22.042289056219367
37252,29.033547350439807
37253,34.47607857930116
37254,45.64024190912119
37255,36.73268140152562
37256,35.39989916903089
37257,51.0199231952095
37258,40.168045657289845
37259,37.578477797972695
37260,45.44922843869706
37261,8.762229199508102
37262,18.01408510560739
37263,16.572540942336847
37264,17.94607524184929
37265,12.261907876737384
37266,14.835857377660346
37267,30.479234642474257
37268,36.019605033483444
37269,38.27769518385062
37270,38.88923366151317
37271,45.333154225883696
37272,39.53119111759139
37308,32.785291392123035
37309,41.791616961949394
37310,46.37045834146703
37311,37.061462569684295
37398,36.04264106679348
37399,34.16457813492447
37400,47.71434354716099
37401,40.246473582246814
37430,19.101367938168078
37431,27.225482024159472
37432,25.071798422448364
37433,36.81058302679406
37434,34.26573984595255
37435,39.33082653553006
37436,37.260796434868936
37437,36.4968840712846
37438,30.42709608467574
37439,51.03312265816525
37440,42.611125426616034
37489,28.245900915784468
37490,51.18457898641341
37491,45.33317932368677
37492,42.27831590261672
37493,40.543128762937215
37494,48.85049766670185
37495,49.009304290864925
37555,17.614360401037718
37556,19.00644792704448
37557,14.258688790623003
37558,24.27010392463821
37559,6.866679152139988
37560,23.936805561252818
37561,34.3710481897426
37562,39.02370250370352
37563,39.177117487832554
37564,56.98983450076815
37577,29.048863101279633
37578,29.52058249327488
37579,36.95028826040358
37580,36.37310092310493
37581,43.69946920480935
37653,12.93715401873604
37654,29.906356544748473
37655,31.659387835612147
37656,34.76868209745958
37657,32.44963316419416
37658,31.776627216948572
37659,57.92784562210166
37660,49.564630719516046
37699,42.24988449918586
37700,48.346160815463705
37701,42.20253157757727
37702,38.62406423413578
37703,54.65649819902384
37704,47.23576392998191
37705,46.51395530224309
37706,49.436394918695235
37707,57.005280182411106
37708,50.192867128425
37709,55.4267214434643
37710,53.96961212464913
37756,42.84209310183791
37757,51.305895919392825
37758,39.64512294802902
37759,52.980526777979016
37760,48.96605318831581
37761,51.41488850414251
37762,47.26268015087127
37767,22.530152587876856
37768,29.97552797755252
37769,45.24545253942576
37770,50.57535150891482
37771,44.11204825306071
37772,44.76559642435405
37773,58.8219711213707
37774,39.54295230089071
37775,54.17803664058585
37776,62.1184687743811
37777,56.050750125086516
37778,68.14322199292435
37816,13.878354156080308
37817,18.879942838942437
37818,25.147620893498758
37819,26.08284428854186
37862,21.280811789180106
37863,25.26521942827376
37864,12.739592022835952
37865,17.656706988302926
37960,25.256795241462203
37961,29.524062680067505
37962,17.749740624215644
37963,38.5936184700576
37964,38.48781242201865
37965,31.89510484724326
37966,35.70271286292726
37967,38.19061238685218
37968,57.91187329184861
37969,55.851886370291865
37970,55.10592518363258
37971,45.117274604984445
37994,30.54673991485071
37995,34.144658312221
37996,38.460169405604795
37997,55.036713838902024
37998,57.25115639877244
38021,29.332339987038193
38022,34.246502309158544
38023,25.088211399272517
38024,37.10549646089287
38025,38.00868949857978
38026,43.25620110448241
38027,39.15764495173688
38028,41.751579575930535
38029,50.55395263579796
38030,50.41458241459852
38109,31.660466470388656
38110,22.811984311305647
38111,31.8730861056171
38112,36.84232401719546
38170,28.88792763388195
38171,30.39099056677941
38172,31.3962570933915
38173,28.9891195553817
38174,40.45049340154429
38175,43.08553776468149
38176,48.251564662352806
38177,33.312227288757526
38178,47.93389532476153
38179,45.440862815322404
38180,49.161181751341104
38181,51.9383003810552
38197,29.780070169667745
38198,32.06697267062886
38199,32.67187641357009
38200,43.59136542448064
38201,43.126605935299
38202,39.42898249399401
38203,30.618419037153963
38204,55.487444419317754
38205,61.41667465317515
38206,38.26072176382937
38207,49.93992672473434
38208,50.3101514901732
38209,55.53732919674482
38210,56.17001358627712
38211,63.6489768084038
38212,58.611002682172554
38213,68.24366090750522
38214,67.20227513251818
38215,40.71909036689189
38216,43.660695819636636
38217,60.298851586071876
38218,61.140507524280764
38239,7.8183123379907515
38240,15.900500998928978
38241,39.66674984340018
38242,30.195638090707337
38243,29.63300613970649
38244,33.463014575672155
38295,4.2760856739079625
38296,29.847106227617353
38297,28.104381203309526
38298,32.18806564574357
38299,34.96439961917193
38300,35.28030859487068
38301,45.139383498416514
38302,29.853123637584197
38303,34.064968275015694
38304,40.262742813184154
38305,39.36395216728998
38306,37.45796812910343
38307,56.08927799748248
38308,63.87989142550412
38309,60.584895096958206
38310,59.905841679782036
38311,57.67769211186353
38312,19.275281748773484
38313,23.036120063297933
38314,14.717732675744369
38315,20.71416771866953
38316,23.341173061087407
38317,19.805799649407998
38318,35.660563650256506
38319,31.582829028332466
38320,32.0491891178702
38321,38.302629835062206
38322,36.63656515270786
38323,42.17454157374251
38324,28.016893727093322
38325,29.802745164295754
38326,42.52288431201093
38327,36.83649734332787
38328,41.111205634738596
38329,49.49747095418526
38330,39.15534237379046
38435,32.117831643373165
38436,28.04817713164696
38437,33.86174589391328
38438,33.97115490676681
38439,34.23350580453422
38440,40.52981290274532
38441,38.62010700377088
38442,41.3908446869752
38443,41.867472135407375
38444,46.64079887290181
38445,55.48188180860468
38446,44.46663952218002
38447,37.29620614205494
38448,31.415359537919436
38449,33.49096284517952
38450,36.80934773989559
38451,34.20706721733135
38615,15.927558259778944
38616,39.07029938926536
38617,35.23440201918006
38618,36.99819879116844
38619,30.630137029371753
38620,41.60083221740798
38621,42.85208429659519
38622,37.771238827688215
38623,43.70137433450423
38624,45.348819124914726
38625,55.20399822215738
38626,48.90468619705334
38627,18.911904475172527
38628,28.567044651897906
38629,31.00568868559715
38630,33.260099592379994
38631,19.400956577995803
38632,10.921994468549581
38633,35.48949371463505
38634,40.2028467932036
38786,34.17612075480031
38787,52.923690142425436
38788,55.28892397292334
38789,63.158900792371895
38790,54.819768407757046
38853,26.324921303922707
38854,42.50962498325761
38855,32.288032349748136
38856,45.34713954011418
38857,54.73603586485794
38858,41.03898397745029
38859,50.570684068758794
38860,56.906804807697085
38861,49.44039637413778
38862,54.69929057100053
38863,53.989465671782746
38864,61.055428214113526
38869,32.346841815310725
38870,39.29438909512377
38871,48.906372871506264
38872,44.955291985322965
38916,34.790258107433736
38917,29.546410047328386
38918,34.65555372896361
38919,31.972877003109307
38920,35.37367193021041
38921,40.612707246801556
38922,30.74597858468288
38923,40.92139799070365
38924,34.45750639409345
38925,45.55167141242271
38926,38.389137093858324
38927,34.30552774842278
38936,42.097511998774436
38937,42.242732288573876
38938,44.67364075345286
38939,57.63355900010294
38969,23.808333152261266
38970,18.46955981793685
38971,17.635392128630528
38972,32.81898592107229
38973,32.16207867939844
38974,31.818234414898917
38975,39.577265754369876
38976,31.302907926880774
38977,36.458964651895535
38990,7.7444193047586385
38991,12.714970005553964
38992,16.658185405392324
38993,17.124283822051108
38994,22.82424810955937
39004,41.85260822866085
39005,32.583388416360634
39006,37.45241705664998
39007,38.44554407431524
39008,48.0178717799254
39009,43.30813642475323
39010,58.04018838342961
39011,51.205075197976974
39012,58.917767834381074
39013,57.89927301093542
39014,37.725990481221416
39015,56.91294237402806
39040,17.318121177496465
39041,24.215768182563732
39042,36.01753552312484
39043,35.92281912696542
39089,27.266749275624804
39090,41.60006796892331
39091,52.48189293406783
39092,47.51787853341586
39222,11.897748786489238
39223,22.6816701742956
39224,36.362676568947194
39225,38.49815426611257
39226,47.81652782018239
39227,36.664413440902116
39228,54.72792334724725
39229,36.532567640062574
39230,45.3652490562417
39231,49.80225204486273
39232,42.748855183472166
39233,59.47718800673301
39252,19.59521706314139
39253,41.860144495265295
39254,41.76215548723339
39255,17.43876245401727
39256,40.87219074952051
39257,52.92080748138488
39281,10.458933988782041
39282,22.36687794172857
39283,18.78036032006664
39284,22.583318501862422
39285,22.543630531504487
39313,19.399062795588474
39314,17.80304558431412
39315,13.524440034179566
39316,35.15771186212567
39338,33.20797103213244
39339,31.82117057978218
39340,9.15345934072086
39341,35.974183073434666
39342,33.38695640248893
39343,45.96162462122953
39344,44.35119130094212
39345,34.333490591613746
39346,44.071411737715025
39347,56.91925231391744
39348,51.226174784873066
39349,62.05425108219612
39408,18.590938629465075
39409,31.37567312126755
39410,32.329008979566595
39411,32.76412486775297
39412,37.11111737485602
39413,37.21468502730539
39414,50.022991945511514
39415,46.40757731407978
39416,42.60074537097867
39417,54.111963645863376
39418,48.781267627876666
39423,20.39789688768758
39424,26.001675946811954
39425,34.277122568031174
39426,33.66075889519701
39427,33.42881775606055
39428,39.83963689478571
39429,42.19185566234099
39430,35.13651410382406
39431,31.295643639407796
39436,29.49022254590741
39437,21.710818831441262
39438,26.489885821048087
39439,48.35083265170016
39440,40.515574503406874
39441,40.51853268229807
39442,43.2644783953467
39443,53.957369034291574
39444,37.67383031811553
39445,53.72384932454898
39474,8.52097710770634
39475,17.438780322206437
39476,25.88882103380463
39477,37.05986994790861
39478,14.833920135797774
39479,21.022131816473244
39480,21.650258137883007
39481,32.78112932975419
39482,33.3243476456169
39483,28.801449777015677
39484,44.001612501477155
39485,30.226771937078745
39486,48.79604373061277
39487,54.031371191290134
39488,41.66319991859622
39489,52.05383230289453
39522,44.61179064502065
39523,40.33894450539987
39524,43.44263216652773
39525,48.75387882826742
39537,15.067207249039841
39538,13.587480302057637
39539,33.20556387169462
39540,31.10057348496311
39541,38.566631729995535
39542,41.472247105077436
39543,37.20366732218025
39544,50.7913626316771
39557,28.997241444742862
39558,29.963905128338798
39559,30.648099369716412
39560,32.02861898999932
39561,36.493484854251385
39562,31.813332690270933
39563,37.17600899766696
39564,44.448805761391995
39565,47.07753213299786
39598,27.347973861083922
39599,30.053076883799182
39600,33.129341041712195
39601,46.01869312382535
39634,15.387905602832094
39635,17.076897205534753
39636,15.376580960721105
39637,14.721032356180622
39638,20.464096391886528
39639,19.07751946362993
39640,13.848622638474202
39641,51.89217106062432
39642,48.01476286087075
39643,31.99823441414964
39644,62.75391319873566
39645,43.4495790783522
39708,46.053167665636025
39709,44.89605885590465
39710,53.20028794018776
39711,58.19777840936321
39724,34.76318383011122
39725,32.818510199136966
39726,41.139752985970645
39727,40.983501017935374
39728,42.205431723754636
39729,37.2569884856183
39730,55.4490504717252
39731,57.60828037445729
39732,54.90171195629254
39773,41.9641218511611
39774,30.416121322682194
39775,31.237384288688972
39776,32.28981751059838
39777,46.49212401924521
39778,39.187866105138596
39779,26.545514091830672
39780,8.787418143196486
39781,9.64921901962654
39782,19.653490439048635
39783,31.542380848026184
39784,31.04829648791809
39785,41.06731364263008
39786,36.23034276260881
39787,34.41307930431616
39788,46.49093836743505
39789,48.02135120816629
39790,60.08288448002183
39803,24.726148724096003
39804,40.09573010227987
39805,60.97653616139862
39806,42.54843875857599
39807,42.25460916338902
39808,56.22533730380365
39809,55.660303807080716
39810,55.549074658644166
39811,60.259486284122744
39812,63.00618185365091
39813,58.101732190476625
39814,68.99906760096752
39815,73.19301610302514
39816,68.48887291298499
39817,82.08700213554013
39818,73.34261760465569
39819,70.00446101996087
39860,32.451045560323045
39861,40.53205128090782
39862,24.55231708668974
39863,34.027999794956514
39864,31.803000359959928
39865,43.97733174874592
39894,31.684744064081585
39895,30.497975759818512
39896,30.99365414015495
39897,28.84046771452078
39936,15.792116931976796
39937,15.639831178101057
39938,21.960310516779607
39939,10.923000794904423
39940,17.687609856540398
39941,19.624847094534445
39942,14.617927774010385
39943,21.986506033157433
39944,28.714349644590992
39945,33.08611452755067
39946,37.003422793803686
39947,48.40209362545615
39960,3.9420038980013077
39961,31.041177508263104
39962,36.46034887058624
39963,43.21170277751657
39964,28.822527166705516
40034,30.05847034377072
40035,44.02570154830523
40036,41.430175173162404
40037,44.54970813791657
40038,47.280285013021114
40095,31.09478744260841
40096,40.942573198715756
40097,36.98058060873456
40098,43.41300883659954
40099,39.485607251983154
40100,37.59457263356856
40101,43.570764014216536
40131,11.977587509589705
40132,12.266964758271834
40133,15.336805456086852
40134,16.81026755678335
40135,10.630391112454511
40136,13.56043321371214
40137,17.662810146813882
40138,37.95977871264165
40206,9.064912615694759
40207,14.834825682795348
40208,15.337506388159898
40209,7.214887240276623
40210,11.012984130928164
40228,12.574563966049178
40229,16.53069875043069
40230,17.619894133941916
40231,17.88990682030968
40232,17.810682858833335
40233,33.54133703279151
40234,34.68506721859584
40235,40.66051236669215
40236,36.464805328532556
40237,44.554209253680476
40238,40.413992050475045
40239,45.96199729122933
40252,25.300282486699007
40253,15.389752354685656
40254,25.403571375461155
40255,45.26040198088685
40256,51.03528339041782
40257,55.397111458256155
40327,18.889032418814566
40328,33.783709388820185
40329,38.032047041199554
40330,43.75216157967737
40331,45.92685422157006
40332,51.1138529293135
40333,44.65282644474968
40334,41.83861871271031
40335,55.501692011354585
40336,58.368254908445856
40337,60.88471138613595
40338,67.02074870354886
40394,28.155111764693316
40395,36.16291903992614
40396,32.25071551956332
40397,37.36079706679235
40414,44.41763138552891
40415,46.02621172670073
40416,57.56673519363505
40417,52.15119570161082
40418,45.77430741757263
40419,60.137249514652645
40420,14.709037943449028
40421,16.436711806961068
40422,21.591298919019533
40423,18.283360844656492
40466,26.632820207824473
40467,28.29412612129345
40468,30.20687218522866
40469,26.89543689828448
40470,43.46560034624962
40471,33.59383614947403
40472,35.85742344859437
40473,46.365058987695
40474,49.82177030799477
40475,32.873830613524056
40476,53.228869319742365
40481,40.14978721388464
40482,30.689196870139433
40483,33.38667104634052
40484,38.173449840225715
40485,44.00173954536746
40486,47.64039869540526
40487,46.271832705128574
40488,49.78456796540914
40489,61.41550674447094
40490,63.59653593966301
40491,60.58858645168333
40492,58.79578948541672
40493,24.72279200939526
40494,40.52253995873493
40495,33.14631702903159
40496,53.68124995961091
40497,49.41402018418851
40556,40.972989151349225
40557,37.26962265781121
40558,44.7448695601977
40559,41.53631260543375
40560,52.85140859430764
40561,50.734772722230495
40562,43.947407876932644
40563,47.53557682894826
40564,54.34285923255602
40565,63.87174110357292
40566,52.42192562302411
40567,58.646813342801224
40613,24.464260972555454
40614,35.22049351777659
40615,33.83414989355617
40616,37.48337093167081
40629,9.465754254105
40630,15.55008414800717
40631,22.035654014581723
40632,22.12216238339303
40633,23.82707968322736
40634,18.457251275989215
40635,36.626444405500415
40636,37.781083045110464
40637,40.87729455559349
40638,34.55467094725956
40639,41.81344545645522
40740,13.285895399479347
40741,11.782592357523631
40742,19.680614985143897
40743,19.51322290082296
40744,14.267914399367067
40745,16.774520864129368
40746,31.530902854737228
40747,38.43582953053426
40748,36.448760001526665
40749,34.13729423096896
40766,50.33459607733688
40767,46.14384676502363
40768,42.83794164840862
40769,58.595968921635105
40770,46.37820114619576
40771,32.96935583094733
40772,40.47283311405043
40773,35.85536180521946
40774,61.59453055770925
40775,43.59194386577512
40776,64.79133940984022
40777,52.431039996646206
40778,59.964462290720284
40779,46.06419523287052
40780,59.48848339007337
40781,64.16340912582372
40837,16.474777462938242
40838,25.42718603511986
40839,30.748506756252024
40840,24.21422028920652
40841,31.78512112727296
40863,13.772826910108899
40864,11.449668249178607
40865,14.486633408425261
40866,18.246529883803056
40891,20.384819353219257
40892,9.363067699850443
40893,17.44344843763807
40894,18.105339942307644
40903,31.266161653022554
40904,38.020618433498726
40905,37.43744025140941
40906,28.34300896330412
40925,3.0171818614753145
40926,14.227992693691885
40927,14.429940116937988
40928,12.339099292530646
40963,23.89779980540126
40964,37.65507472189607
40965,31.60063477007917
40966,37.148486517412934
40967,28.885167456979843
40968,39.549886851026926
40969,41.47409507249137
40970,38.91543550888693
40971,49.35598129874885
40972,46.31865502446919
40973,44.979968374646475
40974,62.1443299314248
41003,21.697128197814795
41004,32.42662788910233
41005,34.39697832894137
41006,32.20614474385095
41079,43.03015277356508
41080,49.89295511543475
41081,39.34201475122029
41082,39.590582088651296
41083,45.5318401619411
41084,50.34442968434354
41101,27.227085398458193
41102,29.230837891998767
41103,33.88337600294326
41104,35.10034503478807
41105,35.82765655567252
41106,30.38953685523856
41107,48.85781813080171
41108,39.79085282792904
41109,48.668930453890006
41110,42.28300693855851
41111,51.351870954929176
41112,45.3290304436114
41129,37.87700002228013
41130,21.71636885688049
41131,44.56173112851684
41132,52.1723098616315
41133,35.81308380188842
41134,41.31711876174014
41135,56.227524351759
41136,41.008581069978945
41137,45.35243572799519
41138,45.59143379733149
41139,34.46136354303488
41140,32.13476981799048
41141,37.83379124340513
41142,35.961578493463044
41143,40.501803192046935
41144,37.58234253519549
41145,44.61286928801236
41146,53.47925862871435
41147,48.18542623513223
41207,16.237270113303328
41208,14.61039512895393
41209,15.736908868399917
41210,21.55944030802205
41211,32.45002086422624
41212,30.543080202870495
41236,20.485406305713795
41237,14.021009360625618
41238,23.353407600251302
41239,21.249979040497742
41268,29.100745520450648
41269,34.925588607573076
41270,35.58821717568885
41271,32.35669487709982
41272,52.99377089729507
41339,33.22355313491742
41340,43.11959708541104
41341,40.483741576567745
41342,34.056926578582285
41377,27.212680360581516
41378,20.485552694088334
41379,39.3547191322845
41380,40.9905180124679
41381,53.04513908817874
41382,36.95428250416383
41383,36.60897585123408
41384,48.099179128494114
41385,54.34477551182235
41386,48.80193233081404
41387,59.23862483280039
41388,48.36834662392706
41401,18.902855357997534
41402,30.125805999945705
41403,41.396406086298896
41404,41.29368115205005
41405,40.64126265615206
41406,38.073921663132666
41407,38.40679615427869
41446,52.016888947362
41447,52.84484337758402
41448,49.206137121208755
41449,48.71362123015613
41450,45.47720260471376
41451,46.57308681078717
41452,46.82738438066756
41453,56.15858854759382
41454,56.423305224140435
41455,61.36046967330903
41456,66.09758304865584
41457,65.02824434591105
41484,28.91671915889068
41485,30.181007115253827
41486,51.254092619072324
41487,39.69953621455048
41488,49.227723307658906
41493,20.689561143911558
41494,18.31686904730886
41495,9.492272678110641
41496,17.93031967907496
41497,26.970365053635366
41498,28.82074570068654
41499,35.03677534633623
41500,29.312259155842455
41501,44.07193081951056
41506,28.79533436085589
41507,36.770217064229904
41508,43.06249562805857
41509,42.10039946080784
41510,4.393844542087263
41511,13.500136530563676
41512,14.057391967897459
41513,14.42410737717435
41514,18.498419573114088
41515,14.695537878723298
41516,14.695537878723298
41517,19.54678404443615
41518,37.92330113684936
41519,39.350036579291505
41520,36.87972681861915
41521,38.89457634641108
41530,2.4701479988644084
41531,9.276096117663073
41532,6.593326374858925
41533,4.539430502126598
41534,12.933847373282978
41535,23.525158745329666
41536,15.462644333705379
41537,16.783193492066378
41538,38.989339041353254
41539,36.424946082148516
41540,36.1214186753207
41541,40.36868706092106
41559,35.32527624580233
41560,28.416758395215798
41561,36.35628202358647
41562,39.587273531520935
41563,34.86058308138264
41564,54.19819443843028
41565,54.54247687671543
41566,50.32700190096552
41567,62.55688475536562
41568,67.35784606501007
41569,67.5028380223806
41570,53.23080290448416
41579,37.42119100943663
41580,38.24604614276903
41581,37.65922237263351
41582,50.22678130890107
41595,18.844294428236587
41596,34.831920097649196
41597,39.409523322507475
41598,33.29861822967523
41599,36.2870940198758
41600,43.253413244544284
41601,31.844953660923515
41602,32.52130540310686
41603,55.8009235761587
41604,47.643525648995286
41605,52.4491808760725
41606,51.671774555246174
41652,48.842988027141345
41653,52.05513260258231
41654,53.625212763125255
41655,45.79088244767033
41807,16.538642687659806
41808,22.295446007428705
41809,27.28074071354963
41810,20.16089416329729
41811,33.84135896267254
41812,29.936985287534647
41813,31.6195515758191
41814,41.618908280348776
41815,31.88451440265965
41816,35.87348792112922
41817,39.53738193539621
41818,45.147114659874646
41856,3.2396722677964194
41857,4.675221603097736
41858,5.08932411010533
41859,13.000082654408628
41860,13.398658347509675
41861,2.8712780472217427
41862,3.678321168978075
41863,7.962786756574471
41864,13.873069411727977
41865,17.100625330475832
41866,8.512242058707402
41867,17.96322019772101
41868,15.038936269016025
41869,17.73665287851331
41870,17.530201647910147
41871,21.873496228706557
41872,41.224629751254945
41901,21.599233981526588
41902,13.476253007680123
41903,17.112964211433237
41904,21.29105546857321
41905,13.880214272157641
41906,41.49171486520515
41907,35.351070602342475
41908,44.64743932763186
41909,40.4205255076899
41910,39.458687189737425
41911,43.75504444138401
41912,50.61723875929008
41929,38.009606549445486
41930,41.36992244583955
41931,32.17298944724127
41932,61.52239895854441
41933,36.69941820660527
41934,39.68750695032867
41935,38.199185987577465
41936,32.57684399895546
41937,37.788109947490454
41938,35.501030090490126
41939,41.17790282106207
41940,43.648496906851435
41941,48.255842680070415
41942,54.554072435194996
41943,46.64789522631022
41944,44.78366006848312
41972,29.47450162874067
41973,30.384786821695698
41974,29.5965112379617
41975,35.379270519400855
41976,32.743963374519154
41977,40.86936829293597
41978,47.91887162899127
42010,46.285628598132064
42011,38.22762982360255
42012,47.268537084994435
42013,53.73739719137458
42014,50.70002974681219
42015,52.834181846907555
42016,64.72455719738191
42017,56.619180364547745
42018,66.93863456069049
42019,15.131651429610683
42020,19.883422182119006
42021,17.31166114414073
42022,14.694759170610142
42023,39.883933540173615
42024,37.964762952566154
42025,42.246149557139155
42026,45.700185839222016
42027,45.093812817657266
42028,40.77079138665172
42029,38.516568766405186
42036,8.724113224051244
42037,15.694834567477947
42038,12.124199388395093
42039,16.43029306466408
42040,17.181981338340613
42121,12.500185900249596
42122,30.89565988431029
42123,31.14041768872267
42124,33.253139584772434
42125,31.179637811963673
42126,34.93409621376676
42127,43.1018743473904
42128,38.01373124501572
42129,52.42372715100585
42130,54.09777565162976
42131,40.20312844913914
42132,49.287971119029244
42133,21.284645637011856
42134,22.69856845838033
42135,30.02584813891919
42136,34.856942092226866
42137,38.17780502708993
42138,36.49779526383881
42139,45.00329452320927
42140,41.911317835596286
42141,43.26748254144645
42142,45.834135102291526
42143,46.85457799668154
42144,47.036474291097925
42181,10.635832255544194
42182,13.142421706909477
42183,14.168203224564534
42184,13.14111714215214
42404,36.44377868990606
42405,44.71641062844809
42406,50.48570818831469
42407,43.05608915944756
42408,42.433275896710356
42409,41.89092323995592
42410,45.35895893817645
42411,38.9094687080411
42412,59.04941774811302
42413,47.89098351221421
42438,19.13381992969257
42439,24.746002460273587
42440,20.230173765945235
42441,20.828625855573282
42442,35.01138200528315
42443,39.409587301133755
42444,32.94985483580872
42445,34.16897174213545
42446,44.55198522214079
42447,45.36181718667889
42448,46.41390776478046
42615,33.91703670656629
42616,22.190717944473942
42617,24.75194553880667
42618,41.34739230086803
42619,50.99502271517446
42620,40.542077446090246
42621,44.15396903025161
42622,37.486125400279064
42623,46.718596129451534
42624,51.420600237993
42625,51.022621686090886
42626,63.01731384520893
42639,23.440008609417934
42640,21.199768361073286
42641,25.364366121121826
42642,36.70116827004822
42643,34.71870297323007
42711,9.984375030301734
42712,11.414226384548586
42713,16.26909014207883
42714,8.399619648970006
42715,20.022241506476846
42716,19.91562496667425
42717,16.20036314701015
42718,22.272687174274104
42719,16.33126436715733
42720,37.997141342827604
42721,46.30289682395507
42722,37.59658078166809
42749,20.041385885819267
42750,39.497961452569186
42751,33.11627504857751
42752,47.52470585210573
42778,26.40837019050467
42779,31.74584538106274
42780,30.091533728677735
42781,33.118218068323664
42782,33.29510734297929
42870,11.271854508731305
42871,8.760592448840862
42872,12.6050381750833
42873,17.076071343218327
42874,16.425854949916047
42875,17.176991349308114
42876,20.32278730949377
42877,34.96876681619969
42878,42.66353238308676
42879,34.26569318906525
42880,48.027464719611906
42881,43.795235485036656
42977,3.7517301140472465
42978,10.136547762056097
42979,14.430629280990594
42980,17.808117898304847
42981,9.48046918745741
42982,17.929276075446925
42983,38.564549760641924
42984,29.24180302664224
42985,43.9482765337872
42986,46.639938475923245
42987,43.75238182866924
42988,35.89356760991754
42994,45.63705461682721
42995,51.78365355829859
42996,44.20532324778769
42997,46.76835821516855
42998,60.482361033746685
42999,43.07024126890004
43000,56.85858347884078
43001,57.963330319145484
43002,52.33389551407245
43003,55.934120997179036
43004,56.466954527144296
43005,58.96186612253673
43018,14.938148217356055
43019,20.537417403679385
43020,36.63310030759856
43021,40.07851670124697
43038,19.436643152206017
43039,26.218834365030165
43040,23.306430344789124
43041,32.30784687917011
43042,31.814302627871147
43043,37.22577779357116
43044,34.07354536377077
43045,42.30934616454864
43046,33.887793872484835
43047,45.48992289958597
43048,52.69448458722677
43049,46.43611014778077
43050,36.29116334602323
43051,38.082796908872076
43052,29.44670399930266
43053,32.797489948359264
43058,16.53875964426582
43059,23.714841025871298
43060,19.28877352487657
43061,31.16261421150533
43062,31.337810714030574
43063,44.94918116836699
43064,40.50498612065266
43065,40.61099097887163
43066,44.654313811647356
43067,52.190991331319445
43068,49.022583310108494
43069,43.43702981572953
43120,16.81594447429897
43121,29.606132905588094
43122,13.553566177742423
43123,30.70842396980914
43124,34.93460260642342
43125,31.52519545010852
43126,43.810024936446865
43127,37.44276685383976
43128,48.868668783133494
43129,42.38349429690175
43130,37.884502763638935
43131,43.13023777755965
43132,13.342597191680738
43133,23.574079502722515
43134,31.929194340982868
43135,32.34808858262635
43145,34.1320993988012
43146,25.49354255229373
43147,37.8200620998699
43148,48.27651660598796
43149,41.804917656034874
43150,47.24319773306996
43173,25.012366782895405
43174,29.435934823813994
43175,32.8130784919609
43176,33.04329899610566
43203,36.56706194253386
43204,44.71337622748223
43205,50.6707562527535
43206,41.46044110337254
43223,21.88353327385335
43224,23.71542462790404
43225,35.72448150251746
43226,28.282520221777624
43227,34.00577752469814
43228,35.87376431344935
43229,35.27665048972828
43230,37.4753468446534
43231,33.93704073101327
43232,38.84096441266366
43233,44.33584259294788
43234,47.33361928004636
43279,23.235837400299882
43280,33.31723182665549
43281,33.85717442407306
43282,33.76470433692716
43283,43.66665520563783
43335,25.488805447737
43336,35.25819214462221
43337,30.005538554609526
43338,35.962091341355226
43339,40.979425049232425
43340,36.473523199259795
43341,54.88797690631888
43342,38.05768126352631
43343,46.098329038196525
43344,48.245545700981616
43397,42.695902794117245
43398,22.839776398144206
43399,21.98721325697985
43400,33.69031188275755
43401,34.2690652183218
43402,35.83826759174134
43403,50.66425987005775
43404,49.18023847003004
43405,42.53428154645678
43406,38.31577781549864
43419,33.571966537106725
43420,40.37345237112287
43421,25.394601657899237
43422,45.99421215015729
43423,33.129981890566754
43424,45.57007995180858
43425,48.7422053831684
43426,54.59409882495971
43427,40.145822309754905
43428,48.562987830445095
43429,46.78352791274321
43430,57.801800304001546
43457,17.290980215745115
43458,22.862682874636914
43459,22.843383486012726
43460,33.93788934473349
43461,33.93015712915854
43462,34.17063498865563
43463,35.78784289517151
43464,45.08768265285795
43465,34.46576335613454
43466,46.6490907369086
43467,38.49370444165669
43468,38.40137664036333
43506,55.787554071693236
43507,33.54820716673175
43508,52.99852994066492
43509,61.95023863731785
43510,44.857843334015044
43511,53.20860226457536
43512,45.46952671697989
43513,61.500092511031866
43514,51.73387483509034
43515,52.07878578890425
43516,54.24992196419712
43521,4.5542123823719045
43522,8.794558147695934
43523,12.931805746997739
43524,9.960480459312805
43532,27.138367927258898
43533,23.352460581642156
43534,35.74616038182032
43535,35.44519142273265
43536,29.9775298813631
43537,35.97215957037309
43538,36.452504416386
43539,39.576048613607384
43540,37.76322347218608
43541,39.33947300279749
43542,37.673361138040526
43543,43.013924910133
43616,32.47544455844122
43617,22.506685075523073
43618,33.023581188463176
43619,31.748564548234814
43620,30.050642403879667
43621,31.495408253752018
43622,34.49842162324983
43623,41.378874302070685
43624,46.367155641555264
43625,43.40896846947042
43626,41.50329714231709
43627,45.250541164084744
43776,19.313069334534056
43777,17.586878050065973
43778,20.027601067963623
43779,23.73687679842639
43857,30.595804613728113
43858,33.944575196975386
43859,32.7743443193119
43860,35.120371376188544
43879,4.275585035120348
43880,4.129598952818124
43881,5.525982938806056
43882,11.518816692460435
43883,13.420413801780315
43884,16.605467172599703
43885,15.545668389762916
43886,15.139672196857834
43958,49.06544213975021
43959,42.34761475201377
43960,43.80579194944594
43961,40.253983128953635
43962,36.317077567524606
43963,46.205492401672736
43964,44.589896986089954
43965,57.90652378083694
43966,56.59478481900272
43967,60.61124084550247
43968,59.41536011000158
43969,57.11480159044424
43970,14.490096060598846
43971,27.878801231634515
43972,9.7986663311741
43973,29.57336835915706
43974,41.699055385751514
43987,17.392477422188044
43988,35.311489173789624
43989,34.7030546100487
43990,54.93218556594114
43991,40.750011343834
43992,32.99044242772328
43993,31.601593275827295
43994,42.41191486357723
43995,40.92340586580153
43996,48.52647783688381
43997,49.591385150222635
43998,43.240245232847265
43999,49.930508437633165
44000,54.81900145745677
44001,55.211557763668495
44002,56.3018507250501
44074,32.6919416409595
44075,39.84141311588122
44076,38.91855176315877
44077,43.56603728532151
44078,41.74190461603858
44079,34.927161347180935
44080,48.61917970974256
44081,44.38604102681492
44082,58.944585297024084
44083,59.48389589638115
44096,42.698285998077225
44097,42.72181208124863
44098,32.475474326355
44099,50.568231915655645
44125,28.248086496275658
44126,13.767181308455065
44127,33.69878311772331
44128,40.360036592124786
44129,33.14320002931151
44130,38.11537308980376
44131,45.19283710132568
44132,38.652536723809355
44133,46.53455704295186
44134,50.1427306659862
44135,65.09174940541709
44136,55.783303455196304
44188,13.916904823623906
44189,13.970614919194963
44190,17.652636314642532
44191,15.473887819248686
44192,22.63844233694367
44193,15.58830264277846
44194,32.799836679803995
44195,19.908705925239516
44196,33.7007591336066
44197,34.01684705371802
44198,41.872030602216284
44199,40.894504287610715
44200,9.140121692168831
44201,12.451684571584568
44202,19.400675782892918
44203,13.779524000247502
44262,14.309102733403243
44263,14.190902491321932
44264,17.510574782288167
44265,14.874535909959754
44266,19.448585185110158
44267,24.984270994869448
44268,20.944514200949712
44269,30.980069616767928
44270,34.25189719266727
44271,34.88801195707444
44272,31.2075020049664
44273,38.440358198770845
44274,9.496798039612699
44275,20.48499886933623
44276,13.797812724578169
44277,15.882522409527269
44278,16.905459794942914
44279,21.29505538833434
44280,47.352250339741055
44281,38.87075991953703
44282,45.41488074758707
44283,43.63570395114294
44284,40.490058503789015
44285,54.32029523484108
44286,46.14958599339273
44287,42.21410960151632
44288,52.142460329211566
44289,37.19402243292802
44306,31.46177290291817
44307,43.12232289888346
44308,36.149729105427376
44309,52.25017419292094
44310,40.253452078869756
44311,31.635541197540608
44312,53.15480392589105
44313,50.92678699630241
44314,46.333331119885145
44315,52.65171164169321
44316,4.18620780958616
44317,5.967348607147137
44318,6.5076397742137875
44319,7.492547499571876
44332,19.550204692830214
44333,32.60411311509212
44334,25.514493483132924
44335,30.236264542676754
44336,33.15626705068605
44337,34.70053818525245
44338,45.19239735180948
44339,48.41765831039765
44340,50.95419296622076
44424,45.20149064178157
44425,42.90041689356538
44426,47.31008508830713
44427,51.29633326270841
44428,55.38622853885582
44429,54.30141710738773
44443,39.75458178427735
44444,43.90419924318382
44445,37.34019162660617
44446,50.304735493739
44458,3.0812929048920927
44459,11.70172917641374
44460,15.466121892286527
44461,14.334583888759402
44474,54.61646731637565
44475,39.0689086410642
44476,37.419907637619524
44477,42.784203998961885
44478,36.968432194163704
44479,46.335766690283236
44504,51.7466075590481
44505,48.342978650281424
44506,54.02036156842799
44507,52.42695067938413
44508,54.61964258824613
44509,58.37875459631884
44510,65.59155352564468
44511,60.38796898855706
44516,32.2121835608059
44517,36.31439956089565
44518,46.67048898684121
44519,47.7785994643175
44582,4.121021151454805
44583,15.114269348101226
44584,20.794247433313085
44585,23.983733073686306
44586,20.910304203617788
44640,48.418531658752585
44641,46.00877760878058
44642,51.480577000682
44643,43.59965633167104
44644,44.61177086377936
44645,45.05059093262266
44646,56.48659551075877
44647,57.63939678723797
44648,58.82382962298491
44649,60.85535436344054
44650,59.92366410980084
44651,61.66238861211634
44669,29.998907475485055
44670,42.31439437841724
44671,36.76470347536798
44672,34.67103438362988
44692,41.7477457028548
44693,48.183145026301574
44694,51.04460534925098
44695,48.65935472037689
44696,56.844170648514115
44697,48.357607886046154
44698,60.63282668930573
44699,53.485582467725436
44700,51.120543001693676
44728,15.76419747744492
44729,18.3160587169553
44730,38.16391993897352
44731,34.348762554074526
44732,30.714436602979195
44733,37.393441380310435
44734,38.80069546784184
44837,21.44403624162885
44838,18.42671048739184
44839,38.382214575662175
44840,32.11217823583318
44841,33.417223324777005
44842,32.77379536770362
44843,37.136693386839724
44844,36.02632165218493
44845,41.56151686694878
44846,44.77256195963476
44847,56.57094343777501
44848,47.439837441378295
44849,55.92953167151172
44850,55.78717224493748
44851,63.52923029706425
44852,58.90510563611382
44853,28.384189263025082
44854,23.982576526266048
44855,35.03122311240967
44856,29.2017583880349
44857,27.164231858908828
44858,43.910674334275996
44859,35.98736060380194
44860,45.310756879282074
44861,39.332042712403535
44862,41.807647960770474
44863,45.950659485772306
44864,52.09610934891207
44885,31.358176814309296
44886,25.477724312937873
44887,15.237941621821857
44888,21.80120517134545
44897,52.00109340012966
44898,55.139310779710314
44899,52.27419414130689
44900,54.03498069207517
44901,67.216993029988
44902,63.893683009593055
45041,23.326396450832224
45042,27.028027089333
45043,29.160493453781086
45044,31.95537830046323
45045,39.805467711827916
45046,38.71819847888479
45047,37.3175243809947
45048,40.50282697127653
45049,42.141232920552014
45070,14.567308167575952
45071,12.35246723344805
45072,10.19029433444726
45073,16.59957202275342
45074,7.211466788267188
45075,41.256455696106656
45076,33.35214582640137
45077,31.663433610608116
45078,38.90731883512905
45079,54.473753323685315
45080,51.074192818021054
45081,53.26093464267541
45082,56.437302484829736
45083,41.21262665726224
45084,55.27816925503619
45085,48.147517807159645
45086,60.88793025001341
45087,51.390643536797754
45093,51.069828247889745
45094,42.70555064124827
45095,54.7400286608988
45096,46.14328386080532
45097,43.189034629815865
45098,49.28188266701265
45099,60.36854290108221
45100,61.79228827225361
45101,58.59579295557966
45102,55.416783774204845
45103,66.79633697321471
45104,61.790699090628124
45105,33.57280484101559
45106,30.301654771826133
45107,48.21218148705266
45108,38.08466832242103
45140,18.19223245552385
45141,36.41607404266884
45142,36.251860135199955
45143,39.60448970994324
45144,37.67698126388781
45145,44.76152036028876
45146,43.250697635649274
45147,42.80179480420126
45148,39.71502194698733
45149,40.348738803092765
45150,43.19559717902755
45151,42.29433839979423
45176,17.509263453143607
45177,33.05857090922912
45178,23.375244798850073
45179,32.311848563858824
45180,50.84295869100137
45181,29.250022942623687
45182,37.579345893660296
45183,50.37320968548638
45184,52.700994545361254
45185,40.994855249202736
45186,37.484770289760085
45187,40.51469725944075
45253,16.21129028180333
45254,20.467269850478917
45255,33.891492149601035
45256,32.608303252022026
45283,37.838262107797156
45284,40.576473362245935
45285,45.248267856173314
45286,47.937752419344186
45287,43.49368847718038
45288,47.550603356739046
45289,47.241571352119585
45290,54.04332355099423
45291,53.11199269540685
45292,60.2756356165905
45293,45.773881602345625
45294,58.67294633170232
45354,8.195892256833066
45355,18.66275277643986
45356,16.794848097022818
45357,16.091817791793186
45399,14.619300196471258
45400,31.224514359287245
45401,31.646998664354673
45402,29.115413918955774
45432,14.782474366212766
45433,26.12655596721711
45434,24.825004857205816
45435,31.61114593572534
45476,29.61422989936334
45477,31.533218695512588
45478,31.27948656689932
45479,45.29765168221337
45480,4.377287690993161
45481,5.236487958368395
45482,6.923159436694645
45483,10.316914374831574
45484,14.532872699158045
45500,15.324224172191856
45501,29.853937017530694
45502,30.13313865706011
45503,31.73580425175036
45504,32.910806566069645
45505,30.648915430166607
45506,31.80151195387453
45507,31.39666001818859
45508,37.48642443616445
45509,43.466175555643204
45510,30.814845306276112
45511,36.91941812010664
45512,45.853034079622454
45513,57.553585650286266
45514,45.05263938757669
45515,52.673486717471974
45556,18.784954280416514
45557,37.37814583161636
45558,23.09716481545798
45559,34.00777483217107
45560,29.79992497231529
45561,36.11128451198571
45562,35.41281652542422
45563,44.459369422399355
45564,34.02790914079583
45565,31.89161114328776
45566,29.7202515692618
45567,34.712005528330074
45568,46.622667884485836
45592,18.532819827438196
45593,28.86339973327518
45594,18.27373424207484
45595,29.99508909200117
45662,30.679964174181002
45663,39.77136190664007
45664,35.80493692875282
45665,33.7865369282497
45666,39.657083199737876
45667,58.71669992445602
45668,43.325211136310905
45669,43.678339552478405
45670,50.42752843682169
45671,52.07244482665907
45672,56.86929777108786
45673,53.009729110866054
45690,21.381023582837997
45691,21.906017253645185
45692,36.1424408228896
45693,48.8600777220608
45694,36.9493816607828
45695,49.81759593637292
45696,34.36720324702796
45697,42.52645276733358
45698,19.656988403476955
45699,20.580097903035195
45700,22.254593357640108
45701,32.21114488497324
45702,32.785637814915404
45703,31.9286225449705
45704,41.356972450826234
45705,50.89267280093061
45706,42.92865197725625
45707,40.99776619950423
45736,12.478134522461612
45737,24.553878209929806
45738,18.888155493741966
45739,18.005200489535657
45740,22.19673585488106
45741,38.5802748435555
45742,36.6738868752603
45743,36.8639616838124
45744,31.624620759983262
45745,35.47882225449517
45746,37.97489515009572
45747,44.114400988440785
45820,4.2702482286756025
45821,6.9066840306913555
45822,10.024770737664875
45823,5.710119330962424
45824,16.596119613300417
45825,15.245009137025509
45826,18.78789804664609
45827,17.512485553149837
45828,20.750850734891074
45829,42.26806605977064
45830,34.69278113336872
45831,34.011468185176994
45832,32.51564540488688
45833,35.75925264105441
45834,54.00410214509353
45835,42.20467493029666
45836,49.87279351604945
45837,59.428671198709445
45838,46.40164770579083
45839,57.24618315795186
45840,59.274524072582395
45841,59.9471640959743
45842,60.05164731238786
45843,61.94259805899949
45873,32.89225837334052
45874,47.078891949717914
45875,47.61289571504291
45876,52.46193289802136
45877,45.94929487561708
45878,63.17613759862886
45879,59.53268981460564
45880,62.98959018103368
45881,57.25202815542064
45882,64.87537106330352
45883,67.34990573031307
45884,61.931897832542816
45920,42.924583028817935
45921,38.2533987166772
45922,36.80735634243141
45923,61.62878432023226
45924,44.81514796811054
45925,35.287210566143486
45926,45.32392692470458
45927,55.3877478466295
45928,58.146137055358174
45929,52.961427029251745
45930,50.72073215561156
45931,57.44512962219801
45944,25.93251498082112
45945,45.84713830079881
45946,32.37926668811054
45947,38.93916099806754
45948,33.98612402066146
45978,30.16224976556896
45979,54.36254010014213
45980,45.088713486324615
45981,50.66858288307974
45982,43.77891264009838
45983,50.895777989632144
45984,51.84231628051581
45985,57.28515060318844
45986,51.656495144612194
45987,56.98737349370515
45988,58.23880039694753
45989,66.73965220965188
46068,28.091627776243055
46069,37.013603509956155
46070,43.90323736296484
46071,44.546312035753445
46072,49.913962030493764
46073,56.618021331858124
46074,49.674652657982804
46075,49.00235360197922
46088,42.48595444046882
46089,43.53731400910292
46090,49.70802570766416
46091,50.82335289996107
46092,39.10320475252798
46093,41.94002999461445
46094,54.019105493588405
46150,38.694845258783054
46151,22.79967409803823
46152,33.00939778030368
46153,28.5921126721318
46154,28.728862917642186
46155,36.316923601267064
46156,53.35661821701589
46157,41.67376669424578
46158,43.56348922992772
46181,31.65723450746501
46182,50.05454007869823
46183,43.801477697511665
46184,44.89827111850065
46216,53.22852196643099
46217,29.225549488367847
46218,38.42639108225968
46219,38.27135168845467
46220,50.05732985787825
46249,47.724632610553165
46250,35.470109716705366
46251,44.33495205643013
46252,33.60655322876765
46253,49.82696446139063
46254,51.15084921191742
46255,42.7549913701
46256,62.461325366412616
46257,41.211336303424176
46258,49.50164340241887
46259,63.19212879885649
46260,50.26461834066631
46272,10.349657834029589
46273,14.764430892715481
46274,14.948897450425278
46275,21.303565199218973
46276,32.70381768299883
46277,34.16202561166698
46278,35.95250669913006
46279,39.720357367094614
46280,35.39850789167014
46281,37.60273554855699
46282,45.8326972853578
46283,44.30802208311073
46288,16.564731780250305
46289,13.969295007173113
46290,27.845535243061754
46291,31.182859729794636
46312,9.260273497780169
46313,17.07022250359202
46314,15.34489185827505
46315,22.08067455278996
46316,54.47795430451252
46317,46.245235144931094
46318,54.10435902224983
46319,32.99088538899687
46320,56.43593917082461
46321,52.45669328276524
46322,56.43483252503321
46323,49.8728865375099
46324,48.09828849344189
46325,57.97501911150081
46326,62.69543120885893
46327,59.688453982077995
46340,33.13908285941519
46341,40.850233314049255
46342,45.54643855682041
46343,32.215118887346115
46425,6.412854999433566
46426,17.53282239100623
46427,22.12550946164972
46428,30.471685335355982
46429,47.74362689224887
46437,32.52908835203727
46438,40.077904353525774
46439,41.87685572073018
46440,38.79631335854418
46470,21.309297429190956
46471,22.17913584458979
46472,32.591605449686575
46473,30.678715527485927
46474,35.16581259247976
46475,30.24981601045045
46476,41.97127257433202
46477,49.07858186652161
46478,42.084498949661594
46479,44.04572239280684
46480,45.58390685560345
46481,53.90978832657617
46530,32.39947871020043
46531,32.0603597003321
46532,43.77966950953256
46533,34.23510060984435
46602,36.61354302980695
46603,32.30583080835005
46604,40.54464205818683
46605,42.29074702425158
46635,31.199898437899233
46636,33.59812058944068
46637,31.667813057094786
46638,36.820769154397844
46672,23.59129556471748
46673,33.68585314018793
46674,29.46777628663817
46675,34.646478905725175
46676,31.380782358075876
46677,37.157135237992485
46678,49.61256048496528
46679,42.69642396666864
46680,14.54061146601568
46681,20.265043636625915
46682,31.52890223731879
46683,47.48783156690303
46684,36.76850763121932
46685,45.109392147327306
46686,43.51378056050889
46687,48.279947932734366
46688,39.72875745588206
46736,51.66659460599347
46737,37.47591972459223
46738,40.37795758111523
46739,41.35243373819394
46780,21.239517506625432
46781,23.13274367491781
46782,14.888402374582077
46783,31.626496338501152
46784,37.033506957079226
46811,21.852580481360214
46812,51.788648062961606
46813,47.060789239591585
46814,48.10449835788412
46815,52.93807559928575
46816,58.99713696326131
46817,58.97447474264283
46818,54.30919189859672
46819,57.722973263333934
46820,63.07153280904757
46821,65.2572596338804
46822,63.42806821087494
46839,18.645836775726334
46840,19.150073707419562
46841,29.503274880694672
46842,20.313693628595388
46843,30.977405038247472
46844,30.50661455423939
46845,35.911808369764344
46846,38.69376130349085
46847,32.172125774766016
46848,50.08208342726459
46849,52.137347607145095
46850,48.66499525422433
46977,8.899294326478218
46978,8.499575538966365
46979,8.990936680643369
46980,12.511231914654545
46981,14.293716507668181
47007,14.598843441564581
47008,21.21146629562569
47009,19.108703869417422
47010,23.41854395884149
47011,37.29337787511561
47012,13.12112450067364
47013,14.558218466630695
47014,15.340598814097085
47015,33.42056324851388
47038,17.960040556355683
47039,28.580522984309113
47040,35.23433630374984
47041,37.41116583338181
47042,39.15554324377242
47043,41.48944885735983
47044,27.747698835245924
47045,53.90064999925268
47046,55.27499775279063
47047,41.84432914650852
47048,38.92307297847652
47049,52.64253819500363
47141,33.73168389880619
47142,51.0531280422671
47143,49.4500015899278
47144,56.53190184907603
47145,55.48609567589158
47146,53.01053064326005
47147,45.109184280507975
47148,59.42669691238588
47149,60.52116643309015
47150,63.247861763302616
47151,67.77382749507488
47152,71.98216418409842
47211,4.3820262537321755
47212,4.802055440004955
47213,6.608402134578631
47214,8.307681577377561
47215,11.411350758676756
47216,11.037958752545991
47217,12.362037470960876
47218,15.454321251574894
47219,19.980067723135406
47220,17.76695817692492
47221,18.487201301881413
47222,17.017721816443466
47223,54.283517422788734
47224,53.95718183553483
47225,47.73532062245478
47226,45.20092597277132
47227,12.098975768668339
47228,23.3212484423699
47229,31.937237458679068
47230,35.46857834499878
47231,42.99839376655967
47276,3.7942281467669217
47277,5.565769143912811
47278,10.350361481976107
47279,20.45427846491557
47280,3.777805053848036
47281,5.721479334478723
47282,5.9541504805699565
47283,7.0690302891400405
47284,8.631996300204428
47285,13.09763274316358
47286,11.380577853435982
47287,19.703709745576017
47288,15.33023817761683
47289,18.392497025618283
47290,25.44827175964083
47291,27.480585571578576
47292,30.618265440588697
47293,14.729456298819109
47294,34.59781824774547
47295,48.088149289156355
47296,8.267603372235321
47297,15.758753820476665
47298,13.198732432053097
47299,29.169038648963628
47300,35.94264140718608
47301,34.08949845641472
47326,58.90589879887719
47327,52.65663779122952
47328,56.60130264967386
47329,47.052163919917284
47330,58.24595302667808
47331,65.10482638911743
47332,63.51556130872664
47333,57.59142467774569
47334,54.67377022750167
47335,66.08164754866192
47336,63.90313435683881
47337,66.01885139324989
47377,20.87780815626125
47378,15.421893823053018
47379,20.35625243606653
47380,20.288741373180176
47381,17.28441406935259
47382,16.482014172085012
47383,30.320806300042943
47384,37.868946327066126
47385,35.47785104520242
47386,35.04172709261221
47387,43.23033504822953
47388,34.84454612896684
47438,40.6884921104124
47439,35.8125080773912
47440,36.27002353721147
47441,34.99016615068765
47442,34.00041498435706
47443,33.52859381834853
47444,31.97286185660857
47445,36.68657434315443
47446,42.45908305328769
47452,46.57978467194536
47453,60.932246050190045
47454,45.8559272909603
47455,55.595362436728564
47456,46.23220160477172
47457,46.173401362674625
47458,45.65873721726505
47459,15.881272611256858
47460,16.81164384073081
47461,13.818313222663711
47462,21.235812738467487
47463,34.54789728013599
47464,47.748506777786915
47465,34.92614097100933
47466,32.194860858281054
47467,46.09266873432
47468,44.88163836799717
47469,39.012643886216644
47470,41.593870607732484
47490,8.571857314916192
47491,20.43086807609877
47492,33.945275898866065
47493,37.14537846830463
47494,43.12223526952826
47511,37.57037320371959
47512,40.91983693203266
47513,57.48724108143699
47514,54.94207696650406
47530,20.78175128956261
47531,44.927745980618226
47532,31.910559636027006
47533,36.90627427901083
47534,35.89515183275731
47535,37.69127871776887
47536,47.684990178590596
47537,37.858844443724664
47538,51.15712053452183
47539,48.81985868731371
47540,51.184993378179314
47541,60.52895973258303
47551,15.207284839100096
47552,12.372906368697754
47553,8.63629581401795
47554,12.698553541938708
47555,14.803223951797081
47556,18.855263908236072
47586,44.32604336539922
47587,41.04490625026096
47588,55.009754168860624
47589,58.04742894097711
47590,50.6243724073801
47591,55.950911424781225
47592,50.43996130483138
47593,59.67566473790354
47594,60.2596370578885
47595,64.17505515787138
47596,62.23031533540172
47597,66.51000043699663
47598,29.431462853423035
47599,32.215761675580346
47600,36.69357878338691
47601,32.91576724947863
47628,17.12329845845174
47629,11.348827382170098
47630,16.153665820343758
47631,20.080349747873836
47638,26.0769266636816
47639,18.067429478692546
47640,15.19307736870941
47641,11.039245376879206
47642,23.42850664146179
47643,14.12639907641644
47644,26.79326626051765
47645,37.691506084061416
47646,34.23191122888094
47647,38.86067629316841
47648,37.329279889295286
47649,42.78070404456451
47697,12.273718373309881
47698,22.987053440823825
47699,5.851891103570936
47700,13.929375437406279
47701,19.60765207123452
47702,22.351827158483104
47703,31.534219726156564
47704,35.31711107055557
47719,13.738896127742104
47720,16.945567200265252
47721,15.97448607542922
47722,21.69771602136409
47723,22.27258267623835
47724,31.215677674433138
47725,33.937875391720766
47726,36.1171254698953
47727,13.689320043161352
47728,15.933033793929594
47729,17.760653732225073
47730,20.671215710401174
47731,25.71643651782377
47732,21.57417968959847
47733,35.62944947144801
47734,31.022678803278065
47735,37.13650501682074
47736,39.677184064406575
47737,39.2383832669658
47738,28.952418218769363
47739,46.34878695575051
47740,34.546546443854275
47741,46.5258595937187
47742,46.2825406815381
47743,46.2825406815381
47744,44.64078046351296
47745,61.18552380292409
47746,44.15205958766064
47747,46.24368353170237
47748,50.2490611935862
47749,49.648814146102595
47800,40.924359410712775
47801,24.014572274151234
47802,30.10837532453946
47803,40.458373861320844
47804,38.1016851141631
47879,26.510792483905878
47880,39.2332583876897
47881,46.93323358586876
47882,32.786647463888904
47895,14.953435402321137
47896,18.816963761612516
47897,6.137113754309054
47898,20.892239531846393
47899,18.732653180032777
47900,17.907825874214154
47901,35.63157841981911
47902,34.25050532383113
47903,44.28972006841004
47904,36.89787862979177
47905,41.92354091442804
47906,43.36949459711897
48043,12.021932389151017
48044,25.6014794814159
48045,21.88524453459011
48046,24.54220980277204
48047,43.60026235379804
48048,33.48980261563519
48049,33.22438589984337
48050,47.006682485046184
48051,50.08895397564163
48052,34.53186281417131
48053,35.86639918712535
48054,35.71002509084412
48055,56.32772977513153
48056,29.942575462842996
48057,37.287956089014685
48058,47.88454327900784
48059,49.42357709062859
48060,39.44606031370921
48061,32.328774886900746
48062,34.11457273405567
48063,31.24891797264947
48064,39.61243188054295
48065,43.407215191858725
48066,43.86505848243991
48067,40.72386222124199
48068,56.5414167314442
48069,41.04775964710245
48070,23.826249755676017
48071,26.018549647531113
48072,20.403460622374507
48073,29.72646162905287
48074,29.829663652708685
48075,37.818025707963955
48076,34.80071965505827
48077,38.81379350987182
48078,44.818754105722114
48079,43.11174774364645
48085,34.64653589168939
48086,44.19003841970523
48087,43.830346799784984
48088,40.151428798528755
48089,57.152037380614374
48090,48.199337190417104
48091,19.364514216174527
48092,28.977905147287654
48093,42.38343206982701
48094,39.52471405473808
48095,43.21595993734081
48096,55.137724866920294
48097,40.28933769051819
48098,49.00508987370833
48099,50.578136366512084
48100,60.19230107156211
48101,56.2126563671627
48102,50.401650303462866
48128,6.615906948156961
48129,7.3038677798614255
48130,10.510774454570571
48131,17.55187743543786
48132,21.02804907779939
48133,16.397171389089948
48134,13.49745230519603
48135,39.078902904373045
48136,40.054548788759334
48137,39.310810810671676
48138,44.751216008929724
48139,39.270369724578735
48212,18.908347561250824
48213,35.68727562151562
48214,36.262138064599576
48215,30.937383854736606
48216,49.601165160162076
48217,36.02585915038461
48218,45.28049437344813
48219,41.86843692302054
48220,39.32958514444656
48221,47.55456899824562
48222,50.418151834112464
48228,10.59203604317335
48229,13.646392280153956
48230,15.564227610976795
48231,14.280841188638986
48244,34.856428330024954
48245,35.32159903853136
48246,38.56759328205571
48247,33.326026012886786
48248,43.802166802983585
48249,31.55517529835561
48250,46.23355308533336
48251,46.745241476769294
48252,49.19558138742391
48253,47.79045534629195
48254,57.05747033485571
48255,70.64694170164057
48256,59.432804586475235
48257,69.16883927031354
48258,59.657390280303964
48259,65.9744022065777
48272,18.982621154246214
48273,22.08929208859479
48274,32.014182276697014
48275,32.45766060505667
48276,38.56000176569641
48277,30.6129747488013
48278,34.78126584577959
48394,55.92138314928867
48395,35.83567377968387
48396,45.192071948467486
48397,47.75357789570168
48398,56.94282553335857
48399,61.7566531161331
48400,58.28294680762358
48401,61.091988738527974
48402,63.54352171938262
48403,69.28079152154444
48404,61.957588747530984
48405,66.0899045716748
48406,47.78514703595253
48407,44.7323842014707
48408,42.93262182043795
48409,31.90421135521041
48410,38.385841848980355
48411,49.924008094085245
48412,46.53948786584116
48413,48.554276784224676
48414,52.27408968093383
48415,48.26489400340222
48416,57.22196146914196
48417,35.096957839687846
48418,44.89829402463252
48419,42.02422067319577
48420,35.861418656343055
48421,41.7774189112505
48422,56.15138462375106
48423,50.21708765239373
48424,47.53680016735766
48425,52.24536143995638
48426,51.906383256814706
48427,55.18457710301621
48428,12.682064070139365
48429,19.74292772240555
48430,17.018869367184834
48431,22.06857230611481
48432,9.434831437073404
48433,41.16536680930798
48434,35.61072837732504
48435,41.53923432394422
48436,40.07494116205329
48437,37.80225539329195
48438,41.05867807979654
48439,45.00338503578493
48475,5.149023351747201
48476,9.32490554575718
48477,6.479465702480984
48478,14.378611447038322
48479,20.156378799495233
48480,15.614263013959151
48481,20.740744927892546
48482,33.1043153176479
48483,31.206878827974432
48484,34.18495586176354
48512,22.03376065862191
48513,18.93682174149977
48514,18.384093937817227
48515,9.192948590661567
48516,19.291540522947233
48517,19.705999501626724
48518,37.167173206597134
48519,31.896954462813557
48520,42.394292211266574
48521,38.685625583217686
48522,44.33938067499474
48523,52.8335698852987
48528,21.267734438603696
48529,13.872279177563072
48530,31.33453970055974
48531,31.703605342998046
48532,30.630250951550906
48533,36.619997889665584
48534,32.54083831057454
48535,40.304515093611315
48536,37.25112870064325
48537,53.093755359117196
48538,49.05851813434001
48539,58.37488033038152
48610,21.240270887579875
48611,25.621308176883474
48612,37.86414576189989
48613,28.776172108654418
48614,32.53317320619354
48615,37.08479616286365
48653,16.434127677147742
48654,21.115062218223184
48655,16.79585838931267
48656,27.077019955278573
48662,16.81216309919587
48663,18.2824690247487
48664,13.44084204336946
48665,15.692579313397886
48666,29.13854304584493
48667,37.7253554328487
48668,50.510073607524006
48669,48.04536360105544
48704,20.284612621001212
48705,35.987023076446945
48706,34.37454432506388
48707,32.50148365729741
48736,18.008874178217123
48737,18.955384702555612
48738,18.2296508749882
48739,34.69567578048295
48740,27.231329603705255
48741,31.566855773079403
48742,34.654308676923584
48743,39.964854671107176
48744,33.637467560727565
48745,46.12306566242058
48746,25.979078283774935
48747,31.737449532901948
48748,40.09964022511499
48749,32.35078408340215
48750,32.04505462927103
48751,43.90868406569266
48752,49.899221139025784
48753,53.00420565145588
48754,43.773966466844286
48755,43.65925336618078
48756,55.101069178508304
48768,61.0944576575631
48769,47.75908694939818
48770,58.89455112377409
48771,55.678346021582236
48772,61.1540090347731
48773,73.08441611516425
48774,65.33428687131197
48775,67.8243295457975
48776,61.509372433577845
48777,59.71605539211935
48778,62.369236945525614
48779,67.13865003941079
48828,30.776692355018966
48829,16.95047045035547
48830,30.611578173858824
48831,31.251269829440563
48832,12.215908225940327
48833,30.868589763966774
48834,30.21940533805419
48835,32.78775851999459
48836,42.78501967264064
48861,30.56682752587715
48862,29.129981790030108
48863,37.3206771801008
48864,33.378668583590304
48865,37.69906845415754
48871,37.273343942594735
48872,39.99521581800908
48873,46.04518912639947
48874,40.69356317643427
48875,55.993461397247984
48897,18.325410762729536
48898,14.74567095979967
48899,14.500943642965959
48900,17.392829631119465
48901,22.605982374769585
48902,13.899777150875073
48903,34.53613104861974
48904,34.94306521283881
48905,44.40262150262095
48906,38.24503981465198
48907,42.54469041745238
48908,51.63831928433956
48918,14.14527719738754
48919,16.06110387192955
48920,22.425005600725882
48921,30.52261053210374
49051,29.682944161329285
49052,32.13381463477656
49053,34.40328463573732
49054,52.19938582791107
49055,29.36455302713147
49056,46.18536710616014
49057,31.96313789246819
49058,36.74938751606812
49059,34.64182322004004
49060,41.221469729583376
49061,41.98407283617736
49062,55.76532750111652
49063,59.675650066711746
49064,58.09334112559571
49065,55.1400076856265
49072,14.166916591699675
49073,10.725443083007184
49074,19.425322048964784
49075,19.522757247996257
49102,27.534881587078054
49103,31.368599517962092
49104,51.47886696017889
49105,32.46050741537606
49106,42.58967205778707
49107,57.30479551302969
49108,53.212828125302224
49109,52.736947182820764
49110,51.907401743494404
49111,51.28699519584867
49112,46.300681172526545
49113,56.29049680161327
49126,25.22227581610506
49127,23.45802210973529
49128,34.8003905844232
49129,35.03986635209041
49130,41.000750153266246
49131,41.48463741741755
49132,48.82333105204508
49133,42.42051654133532
49134,43.323802970104026
49135,52.437862709465186
49136,55.11670069231418
49190,30.07145143005773
49191,32.49720715084257
49192,38.36012865590748
49193,54.43163431187678
49194,50.99294196477299
49195,48.980881888985486
49196,50.58869197876474
49197,50.6310331749419
49198,54.09206858127987
49199,60.59221212520552
49200,59.24017255931911
49201,63.92799406317102
49212,33.00544671191707
49213,35.69259895721609
49214,34.37331200714216
49215,44.13470742865392
49216,56.16916245096634
49217,41.36596755894682
49218,55.4619744155226
49219,54.84285223178661
49220,52.35358413275883
49221,57.30080734628138
49230,22.806162563728986
49231,15.746702329878946
49232,35.26854754003621
49233,37.83586541439728
49234,42.000197836084624
49270,52.00327784524954
49271,55.94193087252873
49272,49.63667645875678
49273,58.16363608398205
49291,17.817380508647176
49292,18.89752249943817
49293,44.65587507872409
49294,31.341292208244273
49342,17.46631943688117
49343,28.249352926657238
49344,32.42811502601537
49345,29.129565332036382
49346,32.14134377981255
49398,9.353996776991627
49399,11.765804279226554
49400,21.286161547073373
49401,22.783833999495403
49402,12.731345562452951
49403,21.27828983747851
49404,30.700936383462405
49405,40.910432360674506
49406,39.936225144972205
49407,43.97237442207449
49408,39.84488833407415
49417,21.269838666553472
49418,30.71810085973433
49419,23.65467967087934
49420,28.863390275760416
49421,33.64092097774469
49422,26.88705496059413
49423,44.38505822952245
49424,34.3575434463676
49425,42.096840226117266
49426,46.58566032869996
49427,47.81636415257835
49428,57.71609397689687
49429,60.38853595308744
49430,60.13596559394107
49431,73.56366521347496
49432,55.55018023356606
49433,9.248276124089935
49434,19.354185490482216
49435,33.963328564761326
49436,32.616216524740324
49457,25.1150183030872
49458,30.988088477813633
49459,38.141022033531684
49460,37.46010753180339
49485,50.71880225488409
49486,32.318785598996776
49487,35.21007384505041
49488,45.7728998853193
49489,36.253321740460585
49490,52.040571794912495
49491,53.133780956775595
49492,50.65898197989453
49493,46.14875334872659
49494,58.00649210435165
49495,59.47554450743144
49496,67.28888908075983
49497,44.63104627273406
49498,34.076638433664016
49499,32.631777159931254
49500,47.895378378126935
49501,57.00912211118425
49502,36.80486959815512
49503,53.47719316567624
49504,54.77336611310451
49505,43.131975730236185
49506,66.11522029404101
49507,55.09363020357151
49508,61.21396950420132
49585,20.094344266371365
49586,25.834507695768476
49587,13.654676793370452
49588,18.235810935520824
49589,33.697273375286564
49590,33.60218082367873
49591,36.307947777910464
49592,48.03213282137781
49593,42.26110781029454
49594,39.860239947146056
49595,49.658415263050244
49596,64.50949999800868
49647,8.903700834263349
49648,12.416129532140308
49649,16.024718474567003
49650,18.649734540028685
49651,20.34532687688441
49712,42.786728254729816
49713,34.66282013483976
49714,33.681668379205135
49715,42.91216367608379
49716,44.141553911708606
49717,50.85655174312656
49718,45.93269808357245
49719,42.838981569963124
49720,63.07213952329174
49721,58.13131075325225
49722,64.44624338585088
49723,62.70786258981882
49770,43.92197426177149
49771,31.633704190594752
49772,41.67931558490359
49773,49.762497042797634
49774,56.61649023790064
49775,43.21040654307655
49815,14.63902992188413
49816,29.594325292740756
49817,21.593046291483464
49818,21.286478213534405
49897,20.87479227700686
49898,29.58483434789025
49899,28.77832860851006
49900,30.428092979840702
49901,51.998496416121995
49902,43.00576887475413
49903,48.12579519743875
49904,53.178242088078996
50004,7.013221160074824
50005,7.846861026243332
50006,11.788674996463762
50007,14.291263311779836
50032,22.77975665985405
50033,32.57195478320474
50034,37.353174085116585
50035,40.50057694246628
50036,25.756217037196834
50037,30.273398203565808
50038,30.543413474800662
50039,37.46665259786404
50040,40.199874307972664
50041,39.33196849162946
50042,43.722171463074766
50043,46.62554403062674
50044,44.32807558645754
50045,51.66278426888972
50046,45.052508684963925
50047,47.07321625264467
50096,51.04150523391322
50097,46.39422344843761
50098,48.00034318796778
50099,56.923802889096336
50100,62.146910129675724
50223,40.15048869989013
50224,50.61855707242976
50225,46.60937947729667
50226,51.952964573117455
50227,52.648806902054936
50288,25.422607417541727
50289,17.187573233649626
50290,21.795172976861352
50291,24.246403241350215
50292,30.915418141817554
50302,9.109329781330318
50303,10.714052774024854
50304,15.03401342163634
50305,20.40038342052803
50306,39.600584146936995
50307,33.507424215485685
50308,40.32771028685674
50309,38.30708593721202
50310,45.03468118724012
50311,45.93925626939201
50312,37.406131990150854
50359,31.178344513153124
50360,31.93258300576758
50361,35.20970540829689
50362,33.00021327325132
50363,19.790468251571184
50364,23.136824179175722
50365,33.33068072523219
50366,35.72328845913003
50407,20.257784537154038
50408,30.254143769235995
50409,22.83268317525314
50410,23.7459968925219
50411,33.260452247829235
50412,32.41392704268141
50413,37.44862784132908
50414,29.25354132239285
50415,41.38953113233069
50416,44.542549628056655
50417,52.422237863824826
50418,44.42533483918622
50457,31.386236359182945
50458,47.20233133350614
50459,49.98389796497022
50460,58.12941405451672
50507,14.472885667892776
50508,19.292414032222933
50509,29.707864326971816
50510,28.62071152757391
50511,42.05715936520822
50512,26.41805197840668
50513,53.30718347673159
50514,32.5314832322009
50515,39.15053818687537
50516,56.445130032759515
50517,47.58951653462793
50518,55.410723124456716
50519,41.615451480637745
50520,57.871947845231595
50521,67.4295859787739
50522,47.96159643769729
50558,27.435058441065024
50559,39.34885540167203
50560,36.0067933662702
50561,35.05134716797538
50635,50.28956473150668
50636,61.10885813651663
50637,68.75563861540162
50638,60.608111637977764
50639,57.34599957757734
50640,54.12056591334049
50641,61.444672114921254
50642,65.66400582211412
50643,66.41401176089742
50644,66.9019438517398
50645,62.27402511281359
50646,58.69505639832111
50656,14.667194056019206
50657,30.86143386650977
50658,27.734680852701914
50659,24.778446460502828
50660,22.29376565029605
50661,28.1266424833223
50662,34.293867502594345
50663,23.497856329760143
50664,21.83741874313197
50665,26.518671558051203
50666,49.71281440333168
50667,43.18747903539412
50668,35.8320136531749
50669,51.851101756233874
50670,56.66308589829576
50671,54.39075983941514
50686,22.898211788023634
50687,30.45586453233765
50688,30.598021500215154
50689,36.06697256169096
50735,8.659479440387363
50736,16.495293696852837
50737,20.925783278666486
50738,10.86181863457077
50739,19.87463957672464
50740,19.50379571703057
50741,15.7514979235545
50742,27.962625584027176
50743,32.183484189233866
50744,34.00754599889392
50745,41.94277967617514
50746,42.79574369840253
50752,33.16636885979495
50753,43.53481602915158
50754,31.657758721492378
50755,43.374215461586054
50756,44.090183308627516
50757,44.77064045413014
50758,41.25244452591921
50759,49.24296247586764
50760,45.65086748435041
50761,55.07256061798526
50762,55.95480503766416
50763,66.84729845419024
50768,5.081937625962088
50769,15.262947185904103
50770,15.355984739396316
50771,20.09798291601524
50772,15.181931248172397
50773,18.01960936922733
50774,21.204971782510885
50775,36.49669403658004
50776,35.00953025328237
50777,39.886324710556444
50778,34.742820152024116
50779,41.2291577804304
50792,40.124228686832744
50793,49.78675713228538
50794,43.67273465896206
50795,43.89807252995669
50796,47.29633725596635
50818,29.22677308227759
50819,33.56729636941434
50820,32.80772609465942
50821,38.46959445227422
50822,44.54429226667781
50823,50.49683199109596
50824,49.75361917670983
50825,49.186170156557054
50826,36.37872530834426
50827,43.39335149758247
50828,49.19458078976626
50829,36.462966109682455
50848,39.57647118576787
50849,42.94553395771153
50850,49.7788235598382
50851,48.04023240241644
50852,55.47589903362483
50853,64.48605098063514
50854,63.93366285207636
50855,64.00429886979684
50856,61.536117571063606
50857,61.37595623402126
50858,63.40844908480329
50859,63.5820183597537
50860,30.195644210783755
50861,36.917329957734765
50862,37.07238515392067
50863,32.265289202054944
50864,41.12910863136195
50865,45.550065341646835
50866,52.731379909739026
50867,44.07173049522997
50868,49.56556664042801
50869,49.504665108185364
50870,59.390195935568734
50871,53.72284612404374
50890,17.75583294511055
50891,23.552375170053317
50892,34.46080893225809
50893,35.30176231193385
50894,45.493345190385206
50895,33.047415815086445
50896,45.05926369300995
50897,44.38793857390194
50898,46.92440584552836
50899,49.80218939765193
50900,53.12504989509092
50901,36.63590440690442
51021,41.396469201091534
51022,39.93635011974739
51023,40.16167826077171
51024,38.24131422650583
51025,34.22008031784118
51026,47.82976214325798
51027,60.17085753268652
51028,51.289188153869155
51029,56.347994658714896
51030,58.50136952479184
51031,51.00291022855093
51032,66.36526207469944
51088,36.625133301692536
51089,46.60272399795183
51090,61.02867362447306
51091,48.274109099861604
51111,19.004313080522646
51112,31.611430507011633
51113,29.70027247970413
51114,46.77260599321992
51122,41.35715110132401
51123,40.15733578209562
51124,46.49605363693912
51125,43.027849488056454
51192,10.953587939985715
51193,17.800630414127045
51194,18.038580272123696
51195,47.201439647969714
51204,46.812244029946015
51205,51.72306987321219
51206,50.41120430563555
51207,57.83984184378995
51208,50.148424243404314
51209,51.24296137754362
51210,62.947978097636216
51211,60.00574268370899
51212,64.11884408849033
51213,66.28291196419059
51214,67.83560066929083
51215,56.99157096222898
51221,10.56439397751047
51222,20.81985898450285
51223,24.61488755380496
51224,15.8149130013964
51225,20.18542997228527
51226,11.085401362146552
51227,32.55449163810925
51228,29.99753941596987
51229,33.19868075666944
51230,41.20493537782325
51231,35.57974130287008
51232,42.26306176241384
51334,13.665410196926572
51335,10.989688101153922
51336,16.786430270902297
51337,13.997854136616564
51338,19.67338950340436
51339,23.49358645994186
51340,36.6134141674118
51341,40.40384190971477
51342,43.671766588263786
51343,34.233142063586044
51344,46.67052628371664
51345,53.51577178928124
51400,18.557875322548174
51401,14.680890643354665
51402,16.28615321735591
51403,24.225357300262946
51404,22.71977961787508
51405,26.742631913224947
51406,32.01132321851122
51479,20.26718815274885
51480,19.540832822965186
51481,17.70853911522091
51482,14.288679606446893
51541,15.994496111406963
51542,27.93854707398169
51543,22.005371636414953
51544,19.700176029871876
51545,19.511376739166014
51546,37.13691384883814
51547,32.71853768618226
51548,31.593795966341442
51549,37.46284069625416
51550,36.526622552675654
51551,44.270204150591965
51552,44.033484197229406
51577,27.595587062396483
51578,44.598906577237464
51579,50.24353632822998
51580,42.71345888177596
51581,53.04320534874755
51582,49.98377727847726
51583,56.80110118957881
51584,36.91427487992106
51585,52.676312691390514
51586,52.49214594190959
51587,51.2909972586498
51616,44.42811555593198
51617,33.9420389987173
51618,46.727460318198155
51619,53.452383633390504
51620,49.998296430193555
51621,62.60830697737328
51622,63.35631855758088
51623,66.57665621514262
51624,51.19172970458846
51625,62.527604780293935
51626,62.01455594094161
51627,67.94432604425067
51674,28.896574128116466
51675,32.06307582711175
51676,45.18769611297035
51677,36.64148147808801
51678,38.67909850245026
51679,37.37743611463421
51680,61.230084061070826
51681,61.91813515553013
51682,52.752441991602176
51683,45.97279960744605
51684,61.531023820654234
51685,55.98898814054062
51702,33.34272833349618
51703,29.612511683544625
51704,28.649724039843957
51705,46.20171732053703
51706,45.97911912553397
51707,59.83690478607741
51708,53.913759636975804
51709,65.60118290127177
51710,63.48757307002931
51711,63.33806433369724
51712,72.55477592670802
51713,67.19883832542213
51718,19.142762159268663
51719,22.833751770025245
51720,23.927880912829142
51721,40.90345880340479
51722,40.77146331566475
51723,34.68709392246366
51724,42.1640915064556
51725,31.022156221997474
51726,45.286672238181346
51727,47.32173288852679
51728,45.437419830377884
51729,38.8884330815348
51730,32.390373610413015
51731,45.29906166265252
51732,45.398621940023475
51733,45.08392345581546
51734,50.50789008485464
51735,54.40833728865333
51736,55.78391078628552
51737,73.33293258536153
51738,49.99958605170221
51739,58.53497981365148
51740,63.71188608589856
51741,63.11233023561411
51747,23.829843737992714
51748,22.371014799272306
51749,31.63414992319443
51750,38.62871859415989
51751,38.25751516438315
51752,38.342437616957234
51792,20.98258874674821
51793,29.884295138340416
51794,28.383009961436006
51795,36.46045446627569
51796,22.1446950681993
51797,32.33425604709502
51798,47.017955543304886
51799,46.56666793061144
51800,47.789270498647625
51801,46.98586567511553
51802,61.816302717776274
51803,55.96446798474394
51812,10.091621782915027
51813,17.704542634762422
51814,17.368460468432882
51815,14.849030337136773
51833,27.393654861031187
51834,29.77838441349154
51835,31.545393796872187
51836,35.418461492686724
51837,43.01356626008419
51838,33.5762806734063
51839,51.81532459806306
51840,27.722472472581185
51841,41.51234129364792
51842,41.72112766077304
51843,33.24910035809696
51844,32.82526261716467
51845,44.490477778112705
51846,45.98230171608195
51847,44.9773503525422
51848,37.29340424646161
51849,48.34472202054045
51850,47.002370981199455
51851,48.52018073594459
51864,36.710376672915245
51865,35.44998075893327
51866,31.8985809869246
51867,46.19384308543725
51868,35.659973603538965
51869,32.80008635489865
51870,52.79609004251203
51871,45.48902873249274
51872,44.750358420675546
51873,49.64893201204116
51874,53.066002245347875
51875,58.00670328089893
51891,17.189737023671775
51892,14.022370409700303
51893,23.860360837559288
51894,21.13097894501225
51921,12.352953838967037
51922,29.68683704990726
51923,28.903766925007695
51924,19.530385573115574
51925,34.43586267022696
51926,36.933399373023754
51927,38.03395891357063
51928,39.05763374657789
51929,39.15755974800509
51930,41.452392364683796
51931,43.298501703238756
51932,47.32274574283298
51937,42.52537292497909
51938,50.29122105075427
51939,49.43176989887818
51940,52.32105808039833
51941,57.175441665713464
51942,43.95978718166062
52202,27.8527180521431
52203,33.69233583437837
52204,32.64914325484514
52205,49.57808015887075
52206,16.358318524170745
52207,17.938847676654675
52208,24.70632987552298
52209,35.663086793364194
52333,31.537603798370668
52334,33.885664893486464
52335,41.122583809057964
52336,34.91491521481838
52359,30.64721709476744
52360,36.27244412750225
52361,23.500341911229345
52362,36.65582606241963
52363,60.400622887354324
52364,40.638560781585944
52365,42.90540900355688
52366,51.407164040417804
52367,52.87323165701114
52368,52.51476886742117
52369,51.608237852217435
52370,49.587039259990576
52377,9.24748517400803
52378,10.592792455587166
52379,13.242271985551339
52380,14.00615513288388
52381,16.86546899179904
52382,17.978649467425168
52383,18.71111369787291
52384,31.583778146408747
52385,40.095136208082984
52386,38.36436437497511
52387,35.075729746490715
52388,42.88585316922819
52413,61.07783058079337
52414,55.75005102450722
52415,50.46996352749573
52416,48.86506233646222
52417,54.95919720790068
52418,52.626953676174665
52419,57.82511008628665
52420,63.04600630372914
52421,56.956437450270464
52422,23.13510480481511
52423,18.212138471258335
52424,14.737175233598443
52425,17.90645331019442
52499,21.66158200604457
52500,29.319883073345455
52501,32.077751230484715
52502,35.815248566499726
52515,25.826613507234363
52516,45.83437944180409
52517,40.44744980508699
52518,45.69759684125565
52524,11.88953054886177
52525,21.779282176309433
52526,20.334963880787612
52527,34.83917911026045
52587,29.952669824926158
52588,24.76657568974535
52589,31.297254566252334
52590,34.497802190810475
52591,32.033324008743605
52592,41.95636156189311
52593,41.11688004237725
52594,37.25910683333509
52595,48.461375519936794
52614,29.866704029460518
52615,31.461266364331724
52616,34.29686107305607
52617,34.74092394088808
52657,4.633996742642506
52658,11.58580713661736
52659,17.28178186136701
52660,14.168436172673832
52661,43.777827315583906
52662,40.94016159426016
52663,53.65668374476943
52664,58.53057890589023
52719,40.38310295372234
52720,35.83613060655265
52721,33.92118121210248
52722,35.255410126962516
52723,36.82058417036767
52724,43.32743889838998
52725,52.1922929656345
52726,42.50825070877396
52727,47.22527001722034
52728,53.07206881523645
52729,53.10265952189513
52730,51.623341713800336
52753,14.31688319265786
52754,12.706659304838634
52755,15.66777207218372
52756,18.294844866854387
52757,10.081465163458327
52758,18.23250626641915
52759,22.419273242416764
52760,18.918518005045993
52761,17.161118461395123
52762,29.160395579995615
52763,35.864219130857045
52764,33.63182490562839
52802,43.607296141383884
52803,55.81966186339526
52804,54.929858150082346
52805,63.057272034354604
52806,66.42581236738587
52807,67.99206512364941
52808,71.57265970434861
52809,59.238399728125124
52810,55.10728032006543
52811,59.96056563611627
52812,66.25358206723836
52813,70.43658766094683
52861,12.682268024957455
52862,30.232204466435533
52863,31.720419376982203
52864,35.42205627854531
52865,51.802231072927086
52866,50.86771594385521
52867,47.366603825605495
52868,43.796707396805765
52869,53.95048299888322
52870,48.47789885762436
52871,55.98446634951543
52872,49.02655755481653
52913,18.352332083582958
52914,17.31869268146264
52915,17.840210339029596
52916,11.38428155273118
52917,14.548505412627197
52918,22.21791648704024
52919,17.646107525148146
52920,18.487862670807452
52921,35.05027697991235
52922,32.98980667135628
52923,8.087569528679488
52924,25.57958873795639
52925,22.840090420365975
52926,23.644024672736133
52927,32.31691035456953
52928,45.119313966954465
52929,39.53156119933315
52930,35.94654606062341
52931,47.38799472489284
52932,41.770768361691864
52933,46.3944089659836
52934,52.42224784545606
52955,19.86080652841707
52956,43.07056636540929
52957,15.022615422930905
52958,33.90352887832583
52959,55.17834378451799
52960,51.507455650074355
52961,40.86272325735368
52962,48.0249213369222
52963,46.924238609367805
52964,54.91856428156418
52965,55.16246602060358
52966,57.63675798685129
52998,38.241123861786654
52999,29.216300662622647
53000,35.81008242729492
53001,49.02268090115749
53002,29.547554807820514
53003,25.994651175767554
53004,41.241582096518634
53005,36.46804186697084
53006,42.83954747762516
53007,39.66862983380512
53008,44.4338801998596
53009,46.5421108940537
53010,48.112295599468865
53011,48.55528920062132
53012,52.21736570422426
53013,64.24662337552273
53014,21.185592005144564
53015,24.469976815238894
53016,30.351430624273274
53017,31.813229288059883
53018,30.10318517246692
53019,31.278653372452762
53020,48.345733147473595
53021,32.10401014442451
53022,34.72680530798481
53023,50.66312465428572
53024,46.9030527483311
53025,49.30598753118644
53141,28.851877205704554
53142,22.601803007410897
53143,39.86070538630255
53144,34.992326752275595
53145,34.96775636455197
53150,9.458573130000396
53151,15.997482292804099
53152,16.01230597030891
53153,16.872058764524088
53154,15.863349453141215
53155,15.937656581988739
53156,18.659031186740716
53157,34.399309901896125
53158,45.68768435157346
53159,35.03660932460255
53160,35.39678323237065
53161,40.918255994244646
53162,24.007786641284117
53163,22.446761644700523
53164,28.994630253644228
53165,38.236282631431436
53166,28.00587970721206
53167,30.620905167778822
53168,30.947090385656608
53169,28.988885935415247
53170,31.323130116647885
53171,23.460056325412204
53172,31.6135112765848
53173,18.293893115662083
53174,32.06432023147463
53175,31.851871533170506
53176,31.236932756396342
53177,17.811812660271706
53178,39.27817892594459
53179,43.96168912849186
53180,46.6907719960301
53181,54.50856781497506
53182,52.09282585109576
53183,38.545148490233956
53184,37.205168410723154
53185,45.23682951654562
53186,45.666950455903425
53187,46.93278716738335
53193,29.659198358151908
53194,38.62909576803274
53195,29.99205061701067
53196,39.379589878779996
53197,37.58159778416601
53198,54.0150196811815
53199,51.58407957788869
53200,53.39630247345592
53244,30.965352661699136
53245,41.928565422998204
53246,29.337315151157053
53247,47.210648397268
53248,49.21942051871485
53281,24.578225013296482
53282,20.81624855663762
53283,23.715111451103674
53284,31.67722706288999
53285,32.11636786151448
53291,40.905394523884574
53292,41.938488893905436
53293,41.55439456150741
53294,36.93815126753472
53295,44.76763232600449
53296,49.33965086990337
53297,60.39329714833397
53298,54.35065906466422
53299,64.78795630374742
53300,52.19602146264628
53301,55.34856582997138
53302,53.7050537533091
53318,36.05626732737902
53319,26.988606766356018
53320,52.692412708453745
53321,46.82599027781673
53322,57.63687091823381
53323,56.848290008136445
53324,49.16952326959734
53430,26.73590972622865
53431,34.54817100353742
53432,38.24213442774164
53433,29.971622769064886
53434,46.01641553436899
53435,34.615494766890755
53436,50.768486733388464
53437,40.588779359169905
53438,45.343802441127856
53439,46.94639806904417
53440,44.234011087352464
53441,43.66685682805934
53442,22.571117607105098
53443,33.59412805140521
53444,44.21342076493163
53445,33.38379695284924
53446,46.1067713498371
53447,41.8944391615058
53448,41.288709832068044
53449,43.1290076826244
53450,49.12713090847188
53451,52.509025316917516
53452,38.48577003017443
53453,42.84992623463986
53483,11.696963764517704
53484,30.803824811120883
53485,31.48439170413468
53486,35.4963159465954
53487,39.32886755774381
53488,39.01314414999619
53489,44.31344146485719
53490,53.71029156196715
53491,55.52867176781661
53492,49.14450577196536
53493,43.316376533306645
53494,53.89465923572703
53527,41.939632081217084
53528,27.06092754013875
53529,44.293475498745686
53530,34.5229333509132
53531,46.019445252409135
53544,26.51104689770368
53545,38.418755174093775
53546,36.811805250561825
53547,48.19482405461562
53589,48.63264123615617
53590,52.11969290454436
53591,58.33561443200756
53592,54.97618653026573
53593,58.961102304176485
53594,59.154104135494755
53595,59.693945065933164
53596,61.71374958549984
53597,64.913861558739
53598,64.20879815524616
53599,62.64039080094636
53600,63.07573756401053
53651,36.171494162465926
53652,57.762100765287286
53653,47.436744914735435
53654,55.343159948423484
53655,56.36659892467499
53656,51.64413576669426
53657,35.40126482249455
53658,56.31471913780366
53659,56.37562252281932
53660,60.31381160479701
53661,53.459502180573715
53662,57.5148840650007
53663,47.18881638888071
53664,55.24291529098833
53665,62.922089552371226
53666,48.716202055237694
53667,31.08966136741862
53668,31.456942893949282
53669,29.87318205453289
53670,35.60489818923231
53671,38.28895837802568
53672,40.18711482684908
53673,40.039799070965984
53674,40.82565909921383
53675,45.22382877240765
53676,58.11532501457146
53677,41.463127287023205
53678,53.34885869457061
53703,27.534038702038156
53704,37.19532912425014
53705,39.85818384313654
53706,47.73573374777146
53707,60.4878607026267
53720,4.244574503728044
53721,9.675686543492828
53722,5.581523513636456
53723,17.921083182730722
53724,17.511624976684857
53725,15.206296814781139
53726,25.061893646436317
53727,14.507604509750433
53728,20.049481108019133
53729,37.75490393930218
53730,41.55699172127638
53731,40.518990903454636
53732,19.51850163830554
53733,31.938692031990634
53734,30.366408320359238
53735,33.82095312922805
53736,44.03031326706119
53737,36.134199094404465
53738,29.159538578433487
53739,42.56086280170323
53740,36.96196103000904
53741,38.00852124636655
53742,46.374307640418984
53743,46.49432545789167
53794,15.015926263850528
53795,19.835765365347072
53796,15.762412097875295
53797,32.85474849174038
53798,15.224195463738326
53936,38.67777107378809
53937,41.80646703821427
53938,43.858825856380854
53939,44.06904806383767
53940,57.19709323997738
53941,49.615608762855395
53942,57.28429838296281
53943,48.80020804420998
53944,50.14452243468603
53945,56.964612391557694
53946,53.81729622845534
53947,69.00777109750435
53954,3.4339628091835217
53955,5.051860857246171
53956,4.904920104681005
53957,11.037280005787288
53958,11.090690947234185
53971,31.41310451397803
53972,33.96224872648221
53973,36.281293306630666
53974,36.83689510632244
53975,36.53527265931751
54001,24.791066638743363
54002,23.490781887141868
54003,30.363716293717722
54004,43.59910118619209
54017,21.944505498528205
54018,33.520481760844845
54019,39.451018698729854
54020,29.30947049412794
54021,40.16221864980055
54022,36.81740738606594
54023,43.64627068633349
54024,45.3952774339167
54025,43.51820954278599
54089,38.466903198583594
54090,26.08759064966006
54091,40.02235221775722
54092,41.569608641574995
54093,50.319401466597554
54094,44.20748494601835
54095,58.16751595156745
54108,53.60646669159834
54109,46.660579326395755
54110,39.862550663128005
54111,42.754163471099005
54120,12.292172345992961
54121,9.73250014682334
54122,13.245872509066917
54123,14.63492706542641
54124,16.172581983898258
54125,20.159759743623557
54131,5.343469013617404
54132,12.13679075576849
54133,6.605764831843953
54134,16.25073441260076
54135,15.499458542333258
54136,17.891643615032375
54137,11.794263981756883
54138,30.379455579438126
54139,34.30589357260126
54140,35.98108529799751
54162,23.298563349967054
54163,39.978434651478
54164,34.89724844131555
54165,38.02135633088557
54178,3.1322464643079133
54179,7.092443921931252
54180,9.418247181932683
54181,12.317175576855202
54182,17.786916500761116
54183,15.223799521326
54184,18.249786763080508
54185,13.613065614757021
54186,18.25448432571111
54187,27.529585369466254
54188,31.11108651959865
54189,32.62072863724721
54202,56.6942366214651
54203,61.551488416036364
54204,59.950381323837604
54205,64.33867746704732
54206,64.77566291408624
54207,64.61011772668724
54208,68.02602819655878
54209,67.7384701676424
54210,72.07751970062556
54246,8.60632100247016
54247,12.61688218797125
54248,15.100353163972843
54249,6.40824027616429
54250,16.93989930280894
54296,46.48835337778089
54297,34.069361893073584
54298,36.49680612173959
54299,41.65262273518163
54300,39.599478599869464
54301,48.08644170180702
54302,46.612636070127735
54303,51.64646778383029
54304,40.614873491468025
54305,62.50054391699169
54306,61.560906798296784
54307,59.842392068856654
54323,19.58646094767381
54324,14.36988842839864
54325,15.873506615242366
54326,18.22008180287438
54327,19.408888683324324
54328,18.292777838575148
54329,29.97975899520671
54330,32.845846442267884
54388,21.964989607794895
54389,37.31196040014378
54390,31.549942816896685
54391,45.359524933845954
54392,41.00004264584105
54475,4.761059155721198
54476,13.432648212143286
54477,13.965329401797804
54478,15.066804670393596
54479,16.58646816869723
54480,19.728367496175807
54481,16.58646816869723
54482,20.347003175481618
54483,18.14410719649868
54484,18.376510262230198
54485,22.70773820773856
54486,17.946398506026963
54493,32.592823589929985
54494,31.89840320461845
54495,32.08942204472529
54496,34.2987820517785
54549,15.133304111819754
54550,14.037391587980967
54551,20.041114964997362
54552,30.552053809551637
54553,36.12860952685803
54554,30.979333537917682
54555,45.746447112805946
54556,36.146173839705696
54557,48.301530548307035
54558,42.51714694047248
54559,42.56388086136199
54564,4.87377287127392
54565,9.742556643257169
54566,13.50895716467887
54567,14.594786941549579
54659,12.949151115477443
54660,22.194763569242262
54661,23.971933416434755
54662,20.865557832334506
54674,19.87049832572798
54675,30.036859627680855
54676,33.528116500917406
54677,30.379117574034076
54714,20.705126112604926
54715,21.910288665420545
54716,25.94553854800075
54717,34.052400891802485
54718,45.62850957964182
54728,29.679707667265543
54729,38.23397410130235
54730,30.967325382762994
54731,40.585168812200706
54732,42.2543851647255
54785,22.27152738758162
54786,33.66380844614627
54787,35.0683705333968
54788,27.388014506162314
54789,32.35226977900122
54790,42.38340536983434
54791,17.365572831627208
54792,9.216674023272045
54793,20.69825572551498
54794,18.393409540605298
54795,29.75520574525904
54796,35.25192196016309
54797,36.544205756523596
54798,45.929122034156514
54799,36.137639073351
54800,47.001652825705136
54801,41.63781781130991
54802,32.88314908876687
54851,22.731856236902132
54852,30.841215498764235
54853,32.46043612005074
54854,34.436802084797996
54935,30.80393301125716
54936,41.94703844448864
54937,53.588454549111034
54938,48.16330579308662
54953,53.0246849657815
54954,60.73094009523359
54955,55.61142640351829
54956,59.54727024597656
54957,57.730605160067896
54958,61.020052676273245
54959,60.7519308720445
54960,62.355275957167784
54961,67.00450059169141
54962,58.30226916117036
54963,64.94727637639564
54964,67.84426264812136
55017,36.41072599106545
55018,52.23120447036191
55019,28.428650372440575
55020,47.835688056704505
55021,41.13557942660305
55022,61.583350234783154
55023,49.0984142092685
55024,52.54324255911529
55025,56.802320996924955
55026,46.780128256881504
55027,52.577316461952115
55028,61.99266260147322
55041,35.3871501548621
55042,40.144589056654404
55043,45.37840678356137
55044,52.719689343636446
55045,53.18195368784858
55046,42.498412068929774
55047,38.73283768349732
55048,56.00904247317614
55049,37.9990255418621
55050,54.01332097950958
55051,52.6130557446543
55052,55.330816522133986
55060,43.49373349794527
55061,39.43880286349394
55062,50.94972682670555
55063,51.70211396160882
55095,35.63046440513926
55096,40.138340212480884
55097,44.04113418449763
55098,60.119611351622126
55127,30.875243358205356
55128,27.72791491864459
55129,19.752473602286614
55130,31.04104331424136
55131,29.335443102290398
55132,33.771781529955945
55133,32.72825792680126
55134,40.089539661901135
55135,50.29653704684952
55136,44.402731319076786
55137,50.93955441086901
55138,44.21768886601053
55179,20.98126186576794
55180,35.793795547797636
55181,34.15590868019685
55182,40.8957151393749
55183,41.59623322164307
55184,30.227227011100585
55185,51.753341481685936
55186,50.536891698037195
55187,35.90542165086388
55188,40.82125814855387
55189,45.50929894952041
55190,46.772671126080944
55191,58.08845426286098
55192,50.38430761027588
55193,55.582313351211155
55194,58.94251585919579
55220,14.037080367690065
55221,20.869281830377243
55222,18.38669084857982
55223,34.03509872690297
55224,38.58742807208866
55225,36.47287025340732
55226,40.88542482856622
55227,43.25805579686871
55228,43.17432462869217
55229,52.66086226733282
55230,35.13384792778842
55231,41.22307238783198
55261,9.417245416199329
55262,16.562905213542102
55263,16.813215161603175
55264,16.187415436568987
55265,14.310053193828397
55266,20.204350252579243
55279,44.65835005562689
55280,45.459993528742466
55281,39.416511395873904
55282,46.408273403163854
55283,53.154658568001025
55284,57.84965117309207
55285,53.57869095455823
55286,63.35564728259527
55287,62.53892760745438
55288,58.58956498413833
55289,62.16064569507274
55290,58.75682769475769
55349,51.73088524007262
55350,44.28689260815925
55351,53.59556758557655
55352,52.15946220404792
55353,42.44093988906692
55354,53.79470169215872
55355,61.01428880447732
55356,54.222810340415705
55357,60.983528064716545
55358,65.91819344117579
55359,61.80905538954607
55360,61.90774151645724
55517,10.21586299875079
55518,23.88485704541392
55519,15.430561646152354
55520,14.987065225362121
55521,10.465931973914936
55522,17.633745207574698
55523,17.60286113477388
55524,17.716386922473383
55525,27.63227763159957
55548,27.66265494448833
55549,25.949315634388082
55550,17.45924506009975
55551,27.97804712787755
