Index,target
66,22.08460913769552
67,29.237489835562915
68,31.078548577758028
69,35.88073704344737
70,34.67927737955664
71,41.40575887977717
72,41.049741112474756
73,30.236140573877208
74,49.54663344868606
75,42.47173961581005
76,56.238234632794864
77,55.51259188277274
141,31.997024526689355
142,32.97090084111593
143,38.86901807179132
144,40.50361475958562
217,27.33818677902509
218,35.742751906041285
219,43.06531279980935
220,35.12519593149071
221,13.974054676368825
222,20.907869119684513
223,12.531243684719465
224,16.93748553087621
225,14.051279032084361
226,17.233215584062716
227,39.25857019146469
228,36.35238662595414
229,43.46322582845811
230,36.29681725785795
231,48.27074791372818
232,43.78770320870376
233,33.60856244666618
234,47.2138198643124
235,46.19899259474793
236,47.21427712060274
237,45.61462008213172
238,51.25100468444045
239,55.5944178089586
240,50.72223590816927
241,77.3883842759136
242,56.14511278639981
243,61.947567859670805
244,67.13670308333212
423,14.501657234305691
424,18.205538018805786
425,30.780635978270208
426,36.56393202476508
427,37.72973358816469
428,47.351125910897295
429,46.96592490079473
430,38.60190912836486
431,50.11347890469544
432,45.406379137968614
433,43.04466945268093
434,41.3731962823582
447,18.247997535913516
448,22.27973895307741
449,21.786057533475798
450,34.8028420220193
519,26.327420882652092
520,39.91365536561103
521,41.7830679834266
522,39.21432607953897
554,12.824124513807972
555,23.020582373109768
556,46.38434841913634
557,36.466664850800775
558,40.35068702426653
559,15.6737455277376
560,19.276506863725285
561,18.512040865393086
562,21.997242504734213
563,31.845959513631882
585,31.913298969071093
586,39.09089642858529
587,32.36588097807877
588,36.70885993180695
589,35.570121396841095
590,39.18461639838947
591,41.94462534728551
592,43.5305487504135
593,49.603850023684885
594,43.87607009805911
595,35.962089802734916
596,45.31846524263063
606,26.885925675036326
607,25.52462689974365
608,33.92722877607696
609,34.84099868846159
610,33.69663115737382
611,32.14349635209956
612,41.23720455501069
613,38.380481420387525
614,36.61362778929748
615,44.34819859383383
616,43.520456687178225
617,47.668888347943124
618,22.526576598923775
619,32.82226251313269
620,36.09234722964658
621,49.53362535009392
622,42.086835200189675
623,39.14130253078101
624,42.65516608142801
625,58.31998201100223
626,55.706630859504926
638,42.48559755002231
639,41.93549423948729
640,48.482688528697864
641,53.33999875855936
713,48.904076546133936
714,34.98670231773298
715,59.24933445280293
716,57.00109353260706
717,55.886347594407354
718,49.565896736618164
719,60.5301256329777
720,64.77166479236064
721,55.83407383468865
722,57.532788727402995
723,59.48992059521022
724,63.61376650064183
731,31.540658200578733
732,24.196793894986108
733,28.813676527039693
734,32.17263793075748
735,29.615447776794745
736,34.165849342656905
737,36.84959242592566
738,36.30044295559645
739,41.799199020143135
740,38.839177852432776
741,49.00427544538542
742,50.12788890315557
759,32.0285753783635
760,47.2138377830658
761,37.429718177729846
762,35.351676059730245
763,45.082207838967534
770,32.30437164135703
771,38.817292282908106
772,33.12897012833297
773,37.479493863693605
774,40.9507311748867
775,14.298022187386453
776,31.09596209644456
777,29.634270298333224
778,33.16228256042436
779,41.08138734161505
780,39.49085464845579
781,36.68089136075463
782,27.741444599688958
783,46.374717658741496
784,55.39934870072933
785,57.13800373156639
786,44.789391530953054
787,40.322918056744065
788,48.681586531450996
789,42.6376416836852
790,48.639195653130194
791,52.88947324513613
792,58.60091243661207
822,36.29179445170708
823,43.254643751899096
824,49.99609272459971
825,45.74665036476059
826,55.5588701184093
839,22.433648622909423
840,21.662942640190106
841,34.5270315208631
842,38.229731632268305
843,36.36863342203643
844,44.16394721608395
845,42.75344554588083
846,42.86189640120999
847,40.878286724293666
848,42.989796595474175
849,46.128526537155466
850,48.92434087791119
911,20.052119790145312
912,17.439330142923392
913,31.074452933955516
914,21.503320036843075
915,21.20938567705247
916,34.15152871696815
917,38.747618166520226
918,49.85034250330245
919,41.01746717164988
920,41.92534616609863
921,48.913910163111325
922,45.62888811202464
944,22.091661251638126
945,34.94145566339113
946,31.609411533744858
947,32.10832993932168
948,35.57735885219973
949,47.01138126744033
959,45.25605139187577
960,52.47816919505064
961,52.26410133260425
962,49.93388650063943
963,53.446071010397404
964,47.001513146148824
965,58.627998015963755
966,58.556157959363595
967,62.503718375204826
968,59.200167559147026
969,62.9862705188992
970,63.00297326628457
1097,26.16679077745624
1098,32.08479859128251
1099,31.397156938084542
1100,33.97681830998833
1101,42.648640392055576
1102,46.56254250240404
1103,33.21097257737677
1133,28.902665108906145
1134,46.28771553072094
1135,48.027371787209866
1136,46.028595636734174
1137,59.427439789435695
1138,58.739655739408306
1139,31.618652518969995
1140,37.3828291649656
1141,30.292759559271854
1142,29.93840180589615
1143,47.40420013666218
1156,34.699178300581295
1157,26.706412059571775
1158,33.58228866679673
1159,38.90947626300721
1271,29.57056936851163
1272,31.34890236454205
1273,35.27202748422662
1274,36.59967119690446
1275,36.66418327942891
1276,37.92223650561198
1277,53.462267412522294
1278,44.72318185775771
1279,48.507452485004684
1280,50.04860277132316
1281,50.922122420700894
1282,54.46536808668713
1294,53.87721997661448
1295,61.37403935196009
1296,58.734650520548726
1297,58.99448950378575
1298,58.34808709736753
1299,55.076700339856316
1300,65.70429972816842
1301,64.27165023751965
1302,73.4063845328105
1303,64.87953971495904
1304,69.70756190300906
1305,78.78430101700415
1318,10.662384855746698
1319,21.55592868280087
1320,9.685522291095491
1321,21.217180493501584
1322,17.896998983969812
1323,29.996265444554837
1324,33.61561190114702
1325,38.09604957081948
1326,37.480015102424666
1327,48.09378421911062
1328,39.7894804543342
1329,61.94581535802646
1443,25.640316698867117
1444,36.06644061773825
1445,43.581704929910465
1446,38.45281502342354
1447,32.44448399695
1448,34.833111278060194
1449,30.06013224141482
1450,38.18047162377048
1451,38.59724058212764
1452,49.6197767198872
1453,52.223564327347695
1491,23.668184872653015
1492,33.099819185407085
1493,32.451601363956954
1494,48.696226823935476
1495,39.76379279995358
1496,41.66754666700799
1497,33.06755421064662
1498,46.95269522153696
1499,36.09518894809736
1500,43.9417271577639
1501,39.251894197906125
1502,40.69374548188578
1540,42.71394442370772
1541,50.385894020994385
1542,41.653939855888815
1543,37.425323396583735
1544,50.680688070608504
1545,33.39631275179298
1546,47.31923369039023
1547,49.043210593226995
1548,64.13807729266883
1549,59.36583925867203
1550,61.38428848672402
1551,61.59941610171438
1682,33.50307073517036
1683,55.65295262326155
1684,48.21975702796274
1685,53.48535680818789
1686,46.443577246149054
1687,54.42479489127047
1688,54.187947664738964
1689,61.99147957192026
1690,55.38975649425039
1691,61.095381904839265
1692,64.80378609762138
1693,64.85925948201667
1788,4.3815324640145565
1789,7.929375876450159
1790,6.741479342600435
1791,7.470268633609033
1792,8.97032277807391
1793,11.44238148558382
1794,14.280846853738176
1795,21.297540839355445
1796,15.067984625805929
1797,16.840010708030416
1798,21.358410357871033
1799,22.02837482611687
1823,3.8823585422901497
1824,32.46554003403844
1825,33.78018651859352
1826,38.12322496558941
1827,40.229753212210966
1828,40.465375636831105
1829,46.03269604203798
1830,44.61019375966997
1831,63.5162206245318
1832,60.56450941154527
1833,39.538179211462754
1834,59.32246923315148
1835,4.112973696406678
1836,23.19380120891107
1837,33.917905758589285
1838,32.41559315213569
1839,39.82351430878089
1888,10.180922296060505
1889,19.243710890286575
1890,19.17279411485178
1891,18.30851803154436
1892,20.422115128775246
1893,24.57433071476164
1894,21.443866333271277
1895,34.219666719812054
1896,37.18968686886452
1897,44.18195314492442
1898,61.28307723977428
1899,58.4905776856892
1900,14.711292925259105
1901,35.55095096574862
1902,32.07196546247241
1903,33.00787733444569
1921,19.563694689457154
1922,28.340699484990832
1923,32.10709386764614
1924,31.87591943782027
1925,35.201519735082286
1926,36.93047243852445
1927,38.41827602645404
1928,37.333076477025394
1929,38.057509972217396
2057,20.62491567372545
2058,22.365381242078872
2059,24.000426835786225
2060,43.21375573158857
2061,31.953659242851028
2062,33.02398747408517
2063,30.87610932864756
2064,37.956112543912816
2065,44.22186099296481
2066,47.730889438194545
2067,48.937544932748494
2068,58.4946931684573
2139,48.38115000470843
2140,44.01556912084424
2141,47.829885409781355
2142,69.64140330035133
2218,21.18261211482009
2219,39.017397084418306
2220,28.870070367580322
2221,36.63659892349522
2222,39.50454347041783
2223,42.20517836546392
2224,41.17030034012523
2225,50.080499199999075
2226,43.99549772157938
2227,44.82166232937238
2255,38.96380933382371
2256,30.970313784537897
2257,36.87622750186319
2258,32.99622655512558
2259,34.392585602965134
2260,32.643918147243696
2261,42.19163169397718
2262,49.34902007017854
2263,47.02365633565685
2264,42.236715950741996
2265,49.74411770791703
2266,59.46469737216228
2271,31.78727015495357
2272,29.281511312172526
2273,36.38822735431526
2274,34.26541292159097
2287,25.532798393578013
2288,18.776723946793982
2289,30.573274807785847
2290,42.08601356458138
2336,12.634022994265184
2337,30.47192571832752
2338,32.215451971566246
2339,35.68746684786788
2340,44.7190984329722
2341,43.49898568560912
2342,45.58712145850586
2343,48.73942825630343
2344,48.87787918393615
2345,43.556789105472085
2346,51.31107911792441
2347,47.96304560254552
2413,16.72132291000283
2414,28.903706497828335
2415,15.12193438119663
2416,25.88227153035487
2417,33.069299580507895
2418,29.417986069807185
2419,39.89796535498797
2420,38.42100444407088
2437,38.92145684333689
2438,30.967918616128333
2439,43.461541355864036
2440,59.1499017368148
2479,39.37913115236557
2480,45.110408758692294
2481,33.76149845243515
2482,40.451356850043055
2483,21.370494911650816
2484,18.60025942573122
2485,31.184586074926045
2486,32.245925917067275
2487,31.183668797985465
2488,29.478022295227685
2489,47.41662706621062
2490,52.705218799037766
2491,45.702281436341295
2492,32.169321170135454
2493,39.79194272174974
2494,49.077777118978545
2535,44.08891136137721
2536,40.01238835989427
2537,52.339851277739086
2538,50.50127445007666
2539,53.69655194292104
2557,29.43877395497596
2558,18.379227758370508
2559,31.412521255049818
2560,40.594886453573274
2561,35.46966894555447
2562,31.332081851516023
2563,38.30421301729408
2564,62.371979909336346
2565,47.70965343132441
2566,45.826207621434776
2567,52.091531196935925
2568,57.418716834447025
2573,39.107423731138994
2574,42.651583209682016
2575,36.72479329016081
2576,60.02384978946585
2577,33.19242331090049
2578,48.37043534818697
2579,50.48209928759554
2580,42.078182291136855
2581,56.23113121750557
2582,56.87097230096574
2583,62.43496716477645
2584,63.390812261824514
2585,18.347430397185203
2586,14.493677834064982
2587,19.104139772106368
2588,9.812130642217548
2589,37.48760304132369
2590,39.68611281422727
2591,47.63068773189369
2592,46.97371464198521
2593,51.933201835435995
2594,31.130951398298134
2595,34.87504528394971
2596,31.764851009619065
2597,36.34284929726558
2598,56.23702603671131
2599,40.68234756576416
2600,48.25406134798073
2601,51.52301808811801
2602,36.48395308103789
2603,38.60108886849989
2604,53.422101951716215
2605,48.05653305302596
2606,12.014546721006207
2607,20.57803250064795
2608,13.830726490057009
2609,19.52145054081351
2610,17.835183394924197
2632,50.57407870861118
2633,40.446795309435274
2634,51.17815959553563
2635,41.52901305380597
2636,25.343427338908786
2637,28.816645315208472
2638,31.394718891928022
2639,34.46640897912178
2640,32.81387782914292
2641,47.89298395809114
2642,59.155887004507456
2643,45.37086055049387
2644,56.65606483643821
2645,62.90996402062832
2646,56.78555443656494
2647,50.255101291638724
2672,7.886724462771224
2673,10.285220058653717
2674,13.487434596506548
2675,15.989485235647962
2676,13.826958761928761
2677,24.05192936830071
2678,20.32867973618753
2679,39.75299652117973
2680,37.41648777266906
2830,32.81182396935083
2831,15.426982853609363
2832,30.878255993424254
2833,19.188056607603535
2834,39.318784888684846
2903,10.941384071705794
2904,8.41854603913422
2905,13.072561514291383
2906,12.685725854691507
2955,36.62529142212693
2956,43.63834924494208
2957,39.136995995353324
2958,36.79717640065069
2959,41.36105276860898
2960,46.1359121578367
2961,48.681093630470535
2962,56.13932651771782
2963,60.787731416394315
2964,33.933183201149575
2965,44.212068424104665
2966,51.1242482600826
2967,48.2144428829052
2968,45.11292005603624
2969,48.07539940153058
2970,62.223975190363326
2971,52.50294365038166
2972,56.02861077062914
2973,60.255245496926406
2974,60.34507454073053
2975,56.501884309209636
3006,54.89055169982443
3007,61.87372146068253
3008,54.15103735415295
3009,70.02541570960248
3010,56.34080430247626
3011,67.16646943706131
3012,65.10487274306716
3013,62.1657135764803
3014,70.34188219018745
3031,28.202394418237695
3032,21.524046133444116
3033,47.24301033654375
3034,53.426767295789446
3035,38.927110275172375
3036,54.51296357797832
3037,54.76259271370556
3038,47.643937716283645
3167,17.348713671333616
3168,20.653610767854918
3169,22.57260315250606
3170,12.586595503689988
3175,34.078939171862686
3176,34.21516176071572
3177,33.17880007366462
3178,32.26198717840192
3179,43.06274369858998
3180,43.129313317359205
3181,50.699253971419914
3182,58.20085678416835
3183,56.787037226694196
3184,43.2569626373051
3185,62.66553780650465
3186,58.256881049589346
3192,26.714393516065893
3193,22.003263532014802
3194,33.21745261678562
3195,40.71784942901412
3196,35.63090059105808
3197,10.236569142701235
3198,5.801209698809836
3199,21.65586403884051
3200,14.978552693662483
3201,32.299478918377034
3202,45.01577138127028
3203,32.023333811338055
3204,50.957254607012246
3293,41.496837589138366
3294,42.768878696694706
3295,33.39292703965729
3296,38.15125415106529
3297,33.5941237616895
3298,44.81713571496621
3299,50.39220871221343
3300,40.598697475766116
3301,42.73772725809196
3302,53.218966475842585
3303,53.541077765130865
3304,46.705147399086535
3305,44.09208007179597
3306,55.731256963690576
3307,55.713054575144106
3308,45.45708658962543
3309,14.651406584229992
3310,20.509901460793813
3311,36.129807679905376
3312,36.48266553290163
3313,41.72122191838384
3334,17.57228043435675
3335,33.24814591217003
3336,35.772681622008776
3337,32.57405969747651
3338,31.461629557024693
3339,33.32566662785583
3340,32.57650535925268
3341,37.70164561364436
3342,35.29539386569751
3343,54.314219056419454
3344,42.2390166210284
3345,40.9292019189429
3346,51.69292400348986
3347,33.587817309557714
3348,42.606113541899994
3361,20.17218100079589
3362,19.924384267979153
3363,15.94585457465537
3364,41.80585224522464
3393,19.087787869959403
3394,19.822614092184963
3395,23.622484246043644
3396,27.10270219459351
3425,32.4348501521053
3426,34.48749958559642
3427,35.770878995854346
3428,59.88283466695565
3429,51.26249312158174
3430,53.73234293717481
3431,54.3477787432446
3432,57.28476643449912
3472,14.769207833624499
3473,22.139708045302786
3474,15.712933902815903
3475,17.227026903933076
3476,20.194936120108714
3477,39.29142565935158
3478,41.29770055227693
3479,40.54615542012733
3480,41.035034019455686
3481,48.56602314493638
3482,34.08632683040044
3483,44.31640300586142
3521,19.17841332204834
3522,8.070183619914456
3523,16.073992058743546
3524,23.04338505944182
3583,19.19082015647095
3584,14.614804388254113
3585,8.249992562401886
3586,38.153140848401705
3587,37.644140544917676
3588,36.80209674206135
3589,41.69266208847904
3590,48.78348215721132
3591,47.88297687317506
3592,54.340763970216415
3593,41.17238065161824
3594,14.358746180002909
3595,24.930859197281546
3596,30.076711375262608
3597,39.77874758812891
3598,37.01042288178434
3599,5.054728960248494
3600,5.5405306757356865
3601,13.547094116774808
3602,10.79127816701398
3603,14.91594758710865
3604,18.76036036302904
3605,14.388872717999426
3606,26.592465411123545
3607,37.19833797760492
3608,34.87952379616165
3609,40.448048595256076
3610,35.6685858999609
3644,13.65087141200933
3645,16.04754232874756
3646,15.876480368893946
3647,8.554559023808816
3648,17.559338199930657
3649,19.965688420244053
3650,20.94227892739638
3651,37.65441919726185
3652,35.59619218481924
3653,39.19311168367189
3654,41.006978964089065
3655,43.620210095819374
3812,32.72645130336833
3813,34.10606732012148
3814,35.708926439645694
3815,36.67729028324088
3816,56.72638303030671
3817,54.344205856312364
3818,34.466150525042764
3819,34.13490683930018
3820,42.34485917252721
3821,38.998206362751596
3822,46.06458436113655
3823,39.68891752573318
3824,51.057855748636555
3825,51.33217070112775
3826,65.10445890028132
3827,50.16333296600995
3828,50.55029542240844
3829,61.54105933312855
3886,30.017147584367322
3887,31.247214096675076
3888,39.65828660658709
3889,32.76985376685878
4051,14.954675196345756
4052,22.053148994394828
4053,22.070609020514613
4054,23.86967874662048
4055,20.37890864232412
4056,12.023654779814345
4057,17.469025468667372
4058,21.74200213875369
4059,32.77259622300516
4060,35.98236860220153
4061,37.38853555741885
4062,37.281778868683176
4128,14.828205888974491
4129,18.292558302381114
4130,27.25662378542421
4131,19.66861176750868
4132,32.43952304872756
4133,31.40654315900288
4134,27.626234186108597
4135,38.50062430642355
4136,44.94817517736473
4137,41.97645560279131
4176,19.25399931858297
4177,27.16269863774014
4178,31.738085440834293
4179,30.93737991079979
4201,49.78157354133529
4202,51.65734122258126
4203,35.620384884741235
4204,34.65250071092999
4205,39.25895366782264
4206,58.96481940998635
4207,69.8949337406935
4228,49.94512422355815
4229,54.807698457689455
4230,49.44674743969388
4231,53.082090626614516
4232,56.24684847820337
4239,23.579040449986564
4240,27.629703461409846
4241,36.024569575826696
4242,37.64477980592925
4249,27.684384473095925
4250,23.258093896183098
4251,26.763709331296543
4252,39.67000559720302
4253,38.348956938118654
4254,39.82187641499973
4255,42.123211744151185
4256,54.32764440856906
4257,36.64508998546501
4258,39.919124001957805
4259,38.72011759820628
4260,48.846003546397114
4270,46.10611614051701
4271,34.35462885059721
4272,46.36690237813105
4273,47.60690351060826
4274,39.478171590452696
4275,48.38347537454435
4276,31.98496136678663
4277,40.38691449848368
4278,36.428941912483246
4279,48.97512194276136
4280,50.099935530777785
4281,39.45593223296514
4282,52.046101892657745
4283,42.95517452411146
4284,48.41768353851342
4285,60.667846935214065
4323,10.773244964724883
4324,22.32080677943303
4325,30.680281257664078
4326,32.05544801645893
4327,38.96454579288661
4328,35.71317991728545
4329,35.90794666145049
4330,53.53528715942441
4331,42.85089839984719
4332,48.19072367586993
4333,39.413287404043686
4362,7.905893296298336
4363,18.54584516909527
4364,19.645590726247683
4365,4.8509959889550265
4366,10.732479964414697
4367,44.589919358862694
4368,15.064089716361076
4369,35.379410869305005
4370,42.525952424143966
4371,33.78144806992543
4399,32.47912699103296
4400,34.193411849342745
4401,36.93730223247645
4402,60.944794379593425
4403,62.74510109222839
4425,24.95342619687959
4426,34.790950691010565
4427,53.08335115816561
4428,38.77566522624214
4429,36.75171896940916
4430,34.8620766892638
4431,37.68001514444538
4432,48.515037303765915
4433,46.972606212298
4434,51.24799720717291
4435,49.102532100336965
4484,15.24866399913929
4485,15.208904716588343
4486,23.656026082183896
4487,34.44356226428533
4545,20.16560321078784
4546,27.58818528752249
4547,28.741121810309163
4548,37.006634214552555
4549,35.5010382037018
4550,50.93173570652902
4551,43.27862307166259
4552,39.6167225302433
4553,49.79410480433833
4554,45.865014483676326
4555,49.12545130901943
4561,13.362089022002325
4562,20.671749993574974
4563,20.87300089080727
4564,14.69309103854805
4698,22.04247289623348
4699,26.06440314946245
4700,34.53079933733299
4701,37.54677344798433
4702,41.551289226061186
4703,42.2359111566147
4704,42.46014062792587
4705,48.18860415603254
4706,36.25893984117574
4707,47.105069865821896
4708,39.215982724363116
4785,14.659232347108441
4786,19.03118910682507
4787,37.986541525738154
4788,33.29591011065219
4828,27.98394996162133
4829,39.027631581668636
4830,30.47267241133745
4831,37.36179460640031
4832,47.700527990533296
4837,4.0798886544789035
4838,8.31243849054599
4839,9.66086403583678
4840,39.26656933658846
4891,21.754295967861975
4892,19.079931106897433
4893,20.933305291116742
4894,29.80370867326196
4956,48.57903359284548
4957,61.690574711733724
4958,67.34408964860964
4959,57.690922069203864
4997,16.053817554568365
4998,24.957300913503442
4999,31.755133612697186
5000,31.130197386228158
5001,29.390816440840187
5002,34.53125784665705
5003,30.22408289194134
5004,35.64580336869873
5005,37.549515597957
5006,34.55880426155191
5007,44.930413888952586
5008,53.02295521975036
5045,4.830872867850461
5046,9.329413299367205
5047,14.732844306827937
5048,17.081861393591105
5085,17.986914677866245
5086,12.570594695013941
5087,13.095388835158627
5088,22.110673195696517
5089,22.43342430547389
5090,37.14100654645725
5091,36.16687320417837
5092,36.87954294839754
5093,41.666664812577416
5094,45.03845764313902
5095,37.83761351704891
5096,44.50400442563106
5097,9.38774879940168
5098,28.114588242723077
5099,30.104876494745938
5100,32.68799894563906
5101,39.96903635419212
5102,40.440363013705564
5103,32.60632555069193
5104,61.20201969273808
5257,8.362964139225415
5258,10.725125635777776
5259,17.24707697276264
5260,9.257671631097812
5261,17.88457480891923
5262,17.814893974453366
5263,29.05895294680579
5264,35.71060793531472
5265,33.30289610242891
5266,33.1586373297931
5267,48.221151002021394
5268,45.79694443534111
5372,49.49334025378625
5373,39.45789953465888
5374,54.636077363187994
5375,52.096567436985374
5376,61.096483761382316
5377,59.526714761386756
5378,54.145464530034275
5379,58.66925611793104
5380,60.58224626467202
5381,66.83123755688722
5382,70.39473525527806
5383,67.02672244871333
5419,20.74189878570925
5420,15.735163482931425
5421,31.29464020265731
5422,31.23643243485488
5423,47.6266639659308
5424,33.2084456211098
5425,45.53583121477412
5426,46.47331071340401
5427,56.03111804909023
5428,56.48430687147167
5429,41.36110674500831
5438,41.36966190246107
5439,48.67486267278105
5440,52.22608808669547
5441,51.423633320934435
5454,46.50217819610964
5455,26.453538538722153
5456,33.90684372129542
5457,40.94660061153598
5458,54.071156366439396
5459,62.54567133375539
5460,53.62974693271733
5461,66.48489021285876
5494,15.896089600087656
5495,14.571157111481167
5496,29.243247938089716
5497,29.26658726285844
5498,29.208152728599522
5499,38.27781937137333
5500,34.33330663585421
5501,38.04976711557008
5629,3.9730717952090684
5630,14.52717394699516
5631,9.093654531682093
5632,16.0750152353104
5633,36.950233018209566
5634,33.27834289814661
5635,43.26292325289587
5636,51.6821251559883
5637,43.76457516034278
5638,47.7153445645472
5639,44.71396026743328
5640,47.91873588144911
5641,54.09571245676984
5642,47.63815610654067
5643,52.74495615711503
5644,53.718710174427045
5645,5.145757170997103
5646,17.98652090092846
5647,11.384937826635714
5648,20.76700765812271
5649,19.919884009674902
5650,25.590777340247918
5651,36.35346678940817
5652,31.791615042280252
5653,35.913844933799545
5666,40.70116792371403
5667,46.40580080941912
5668,38.26745973398981
5669,42.436859909574565
5670,37.72129114988543
5671,37.75731319048041
5672,54.140272860838955
5673,55.463642224098855
5674,60.14844943350898
5675,54.10183358023989
5676,61.34767039821731
5677,57.578888181140506
5732,15.490974230955748
5733,32.97193350492293
5734,21.412555899478438
5735,31.547407076306914
5736,39.390322351267265
5737,40.56663707756443
5738,39.44475533800002
5739,46.713586702273304
5740,46.28102273372487
5741,44.13244158470952
5742,45.42927014982501
5743,48.96796567721562
5863,53.210085515939724
5864,36.739928083165175
5865,55.406705183559986
5866,51.87197014803954
5867,61.769274417142086
5868,55.76853375564234
5869,67.47813000871112
5870,64.48885337622039
5871,63.47916605485274
5872,66.73845548355155
5873,60.25318224193736
5874,67.73407423356706
5907,35.2889366277299
5908,36.44095441746233
5909,41.54219117174279
5910,58.27573666278625
5911,40.811667953981186
5912,40.52382933064506
5913,38.53401223478167
5914,44.308736897202266
5915,51.08964223219957
5916,66.77662966808302
5917,58.804329338868975
5918,57.78256857922838
5940,28.70622665535406
5941,32.365769097079756
5942,34.85989661803706
5943,30.864418657145112
5944,12.381931044101961
5945,18.6690796980861
5946,17.439509095666434
5947,22.99922932772125
5948,20.615184135599648
5949,35.428599279730776
5950,38.409180068406975
5951,32.703452329634985
5952,43.38634021822146
5953,40.51280617218091
5954,41.57936513432688
5955,59.66787053527972
5980,29.20364656141675
5981,34.49046645318468
5982,27.793296637184653
5983,42.91847445348012
5984,49.229000342254764
5985,35.95568605407439
5986,15.543323380775405
5987,34.37354980324065
5988,47.17350202190954
5989,47.442718800335435
5990,36.94504444891923
5991,42.9402665293961
5992,52.433472658396454
5993,41.315222473288
5994,42.1348861621746
5995,52.48623207575548
5996,59.4998083641294
6001,33.36929481421393
6002,29.92310172665361
6003,28.504916783893208
6004,50.43106415518043
6005,52.661107863434786
6006,42.4659815527954
6007,63.85697496516496
6008,66.29282966810345
6021,28.575069575439738
6022,32.75942155919766
6023,51.796287739503846
6024,54.26016524624415
6025,66.20382131955793
6026,57.5351572720441
6027,57.508019976215515
6028,59.94946312103454
6029,57.1506698803607
6030,63.41523656355443
6031,58.83844211263107
6032,64.37955161088787
6122,37.2454843362749
6123,20.551806791382397
6124,43.891735005446755
6125,37.129105951338374
6261,25.27968673032009
6262,37.41704553582463
6263,50.17982858937464
6264,57.49389388587202
6265,46.5559292147378
6266,53.541533524273106
6267,57.46072174804647
6268,50.741485404301926
6269,52.71498213030924
6270,55.68556907082878
6271,57.256916142318005
6272,54.292155403723925
6313,41.00073493710221
6314,43.547464366892605
6315,46.779982184933054
6316,47.33801007287363
6317,59.71362653444571
6318,38.89678576655623
6319,53.382899528837186
6320,57.40009561965456
6321,3.650205829990662
6322,5.568989469579295
6323,15.11672889715929
6324,15.085924750297966
6325,14.708559393244153
6326,15.136400633173112
6327,15.136400633173112
6328,30.39588347910211
6329,27.895764426767574
6330,44.12965497321309
6331,41.562208554706274
6332,34.68548483495404
6348,8.7701951353509
6349,13.966063559617737
6350,10.221626983155907
6351,15.821318373137144
6352,13.613992791871018
6353,16.525784943050745
6354,12.243765307435329
6355,25.212812184656347
6356,21.992448332053886
6357,28.58832990972817
6388,29.882574203094034
6389,30.851944424892018
6390,17.81903147516641
6391,32.73059921597279
6392,39.94411526634302
6393,35.8356014809732
6394,32.07008355919159
6395,46.46548733521162
6396,35.441971284875656
6397,38.07345417464195
6398,51.44431758250228
6399,40.7086831079153
6462,9.631141983822188
6463,17.97630351520862
6464,24.682770704087314
6465,34.16781839025906
6486,4.058186495401012
6487,20.832804664528044
6488,18.81166467090215
6489,15.078866367430791
6490,24.234686681570327
6491,31.348870089165878
6492,34.159857729630495
6493,38.30979791238042
6494,37.9841257539456
6495,47.75919931418097
6496,42.73402507829116
6497,51.44896561413812
6538,28.338814491751492
6539,33.06653702485681
6540,34.79640400289776
6541,33.38015554556405
6558,32.471670842370024
6559,42.40330196689287
6560,38.83034963596637
6561,47.82769378657221
6562,12.401493292798023
6563,19.930110534564548
6564,14.348618031908615
6565,27.469561425297638
6566,35.157421278419385
6567,37.95003759197959
6568,36.756373289004266
6569,30.975805908662572
6570,45.076727023045194
6571,42.15230737032756
6572,52.96783858119311
6573,52.60907128018836
6574,29.768946083694928
6575,34.128365113274285
6576,39.45565312021802
6577,34.26353501845816
6578,48.31706189711779
6579,36.53236367133395
6580,25.222690823848886
6581,30.18195210275402
6582,33.01325391472278
6603,29.87500352926373
6604,32.12995037355666
6605,31.075947199913738
6606,32.5554812461432
6607,35.44214255484737
6608,33.010070486458574
6609,54.037886140097655
6610,35.37541939856012
6611,37.42108775079098
6612,40.20750904491493
6613,42.25029235843593
6614,48.31315601575876
6643,10.362522375565202
6644,13.250967351454372
6645,10.561845362088313
6646,16.665846109716774
6647,20.48458985576747
6648,14.771003982203036
6649,14.120856435631472
6650,22.854359661873715
6651,14.43632379449457
6652,34.004153540783044
6653,34.59217964858153
6654,34.7463607189123
6663,29.399220418604273
6664,40.45802371128583
6665,31.31107793111353
6666,43.421340820452485
6667,37.6659241702048
6668,50.082230593951564
6669,46.86650332140704
6670,47.04423507862603
6671,44.76546947333734
6672,51.02004051519015
6673,54.765661514498056
6674,39.71324481316467
6675,25.514548489699134
6676,29.872738205377008
6677,29.058299498374776
6678,38.68566336112802
6753,43.66865597338889
6754,51.74420065189726
6755,58.439607713009686
6756,58.13528473886269
6757,37.16283259317121
6758,41.52656523395118
6759,49.76917068677814
6760,50.226602983301525
6768,33.47770569009981
6769,52.184569933217176
6770,59.75576754369395
6771,55.98720523937152
6772,66.21869823789916
6773,57.828581413222665
6774,63.9090480853305
6775,49.69789009983884
6776,49.80541245376195
6777,60.559327136405436
6778,59.66298507726875
6779,58.713258729161375
6788,12.931383940201481
6789,15.461275673674724
6790,17.381659937605292
6791,15.179006938200464
6792,16.04705703087057
6793,17.527503609097916
6794,19.828895889211694
6795,18.240621285268535
6796,22.86362411377319
6797,35.74656988893928
6798,37.796452048035476
6799,46.206264491351945
6842,33.17006332022787
6843,42.92547494640033
6844,46.815381708789374
6845,51.05434091677237
6846,45.18836248004468
6895,29.432959607295288
6896,37.08444949928879
6897,32.488934242963275
6898,45.07637656844172
6899,40.872678886018896
6900,41.68046868467756
6901,46.44087200736151
6902,46.062295228979146
6903,50.12388209754456
6904,53.12511799477708
6905,57.023304781764324
6906,53.103765133033065
6907,58.470700352015434
6908,52.673974410076866
6909,60.02931922927801
6910,50.59197348122373
6956,29.355483701535253
6957,38.21795650649828
6958,38.395616793326695
6959,49.60351099166299
6960,48.882536443501905
6961,53.53422936943631
6962,37.15285112871999
6963,54.96877614485247
6972,23.62318933881493
6973,30.8905023066372
6974,27.832845953592958
6975,39.54730819821673
6976,48.973260648417785
6977,40.09443842837702
6978,36.338147181647344
6979,35.172545192804435
6980,36.97442893812885
6981,52.602851341575885
6982,50.99744653864268
6983,49.693267746620144
7052,37.617659609620596
7053,32.32574215478297
7054,39.78744682065243
7055,41.57821878402239
7084,3.174353175412471
7085,4.958787921002713
7086,4.978963033104681
7087,5.766427437784824
7088,11.662424879887938
7089,11.319686948436367
7090,15.232039572599025
7091,20.883014205334714
7092,18.915920611212236
7093,15.875299808756594
7094,21.294398890870728
7095,14.972956572921015
7096,27.935971840128243
7097,41.405777029190325
7098,42.32381931323602
7099,45.156824598054264
7100,63.04637631056039
7101,42.59237203913794
7102,38.8524095249548
7103,39.941589906384245
7104,46.592739612910535
7121,12.140981805861491
7122,29.163714236697153
7123,30.001499071575502
7124,46.70226212485334
7134,54.6121953535538
7135,32.18456228468085
7136,45.47360178024805
7137,61.25421957176154
7199,20.763242298883426
7200,19.97036617857706
7201,41.75811872279946
7202,40.1124175373323
7203,36.42661869669505
7204,33.056679249067
7205,38.244152264855614
7206,44.246208266767695
7207,37.88193060975995
7208,46.99830889585882
7209,44.80810150833473
7210,48.092056422445694
7279,21.956018680472138
7280,9.146803493644033
7281,28.251965184760472
7282,30.48521527224671
7287,26.16402375096322
7288,19.817794177663753
7289,22.58153956117584
7290,30.754897856027018
7291,36.99733926405998
7292,30.354254759230916
7293,45.04552810156741
7294,50.90882597246621
7295,36.810221975112015
7296,44.81628409788142
7297,48.22920866685471
7298,50.36525802226493
7371,7.335148215693884
7372,11.986893255573726
7373,11.013230262828154
7374,16.27643930244571
7375,17.570423451175245
7376,17.35818053380724
7377,21.609273101249233
7378,22.92326102422344
7379,30.846041360441475
7380,36.01841240639189
7381,40.3116677897601
7382,40.860202612003185
7510,44.51158868194697
7511,47.21494373188551
7512,52.66999693670639
7513,42.13102256919482
7514,50.37028018054985
7551,2.865281465980308
7552,4.647608261225628
7553,5.110688246135529
7554,7.228287256100929
7590,24.228547954371987
7591,27.47139171799426
7592,33.92429553559882
7593,34.1574836007034
7594,42.33593529281702
7595,15.85117692203029
7596,32.192922425554364
7597,38.56078587841642
7629,28.538438786774133
7630,26.730463038426556
7631,32.93837399530062
7632,31.558714639640826
7633,36.35904000397556
7634,49.185567958671776
7639,27.157769825606998
7640,34.83347422452621
7641,43.030232928264056
7642,44.70637617223455
7643,52.15010736476377
7644,47.918576151491834
7645,52.20464987316298
7646,59.044931174284
7647,54.270196493533795
7648,14.19643887187905
7649,20.16946909246315
7650,5.912748854783229
7651,14.020760919772208
7652,17.201375300691605
7653,15.758121258205795
7654,14.378472578070282
7655,32.762647794540435
7656,32.50111199696351
7657,38.73041350208628
7658,42.79247974676436
7659,42.670598495978304
7690,13.431262111085417
7691,19.341917349977596
7692,15.138560458191563
7693,31.076077796745217
7694,30.282377786421414
7695,32.67494601972932
7696,28.031347294931862
7697,39.021640214667656
7698,30.466811136805916
7699,34.47790881899007
7700,43.62399918126027
7701,43.38286465834115
7734,4.204342997495609
7735,13.824657852715362
7736,19.322062957683336
7737,35.88612675773681
7738,37.59125656508403
7739,32.749157296076326
7740,33.5941310426671
7749,4.767819691335951
7750,14.188632082279
7751,5.107147021457473
7752,17.176787231376714
7753,14.852691064179147
7754,14.351403527043653
7783,20.097328313613705
7784,24.72700701819367
7785,37.248686035751355
7786,31.21655012757197
7787,35.55513848522898
7788,3.6951832985913726
7789,14.894994094822495
7790,14.977545358668015
7791,7.972685584206873
7810,34.62856906781013
7811,49.795865388991245
7812,35.92130908697509
7813,53.4173685231663
7814,53.70673425829993
7815,50.46970741034005
7816,48.28712545685357
7817,60.78203499761598
7818,53.280352266270675
7842,31.62760139797446
7843,45.80510517509549
7844,37.567008444733816
7845,47.19025447753515
7878,34.551984722159695
7879,34.45747241027282
7880,34.833021600526486
7881,33.926975941165615
7882,38.17463048165773
7883,31.686914064635882
7884,29.347597428017554
7885,49.91992654811349
7886,44.57550930493967
7887,38.52990182564846
7888,45.57190786506888
7889,51.8853505615151
7895,28.775923199124684
7896,27.645110520620744
7897,29.803711748011988
7898,29.4734557645762
7899,36.41258802655007
7912,10.558512631301594
7913,19.03571796048256
7914,24.377160844774544
7915,22.119775843342914
7916,34.07595542418514
7917,36.24932459765764
7918,39.45925908427796
7919,41.23166782627485
7920,40.97171307238914
7921,45.24838111600456
7922,43.52564479736678
7923,44.55609829074999
7957,31.48734413876928
7958,38.28208951620818
7959,31.020368459068088
7960,36.03488661227038
7961,39.61820500924165
7962,50.351261389621264
7963,53.096700778671845
7964,42.87835231879501
7965,49.65963272786955
7966,50.52497865447161
7967,72.82802107604742
7968,42.559345767205
7969,43.73380815128714
7970,55.99698860562289
7971,43.897540927681604
7972,44.63047257206341
7973,20.036141563920268
7974,36.32376999424214
7975,30.76769937038988
7976,35.66044286586125
7983,12.693650727295172
7984,6.395520733031146
7985,15.825566747454465
7986,12.134062562049715
8027,44.12844395497752
8028,53.34081076101413
8029,43.30413476581647
8030,48.3107262183385
8031,42.7070944034264
8032,37.59425050490721
8033,43.068123408481085
8034,48.81368109360708
8035,43.47604154223542
8036,45.13343408934813
8037,49.75314820742954
8038,56.84049658974528
8101,20.487925035502517
8102,41.80307667717377
8103,32.12393882756102
8104,31.96164651667033
8105,10.258006682931342
8106,11.599144454615278
8107,10.860556977908495
8108,14.63294037545009
8126,39.800436789926145
8127,42.55351901305168
8128,57.25567428037883
8129,53.819461093983236
8139,42.085956033446394
8140,38.82151770119994
8141,43.48150668289362
8142,29.8725941965933
8143,55.04371641600879
8144,45.548024338538966
8145,47.456261667828265
8146,19.18290166775499
8147,13.071836814456352
8148,20.919332620582406
8149,15.439322718707643
8150,12.298501081803105
8151,15.619126948695707
8152,13.719833325657255
8153,17.013622605578217
8154,14.549399563110804
8162,44.01872610619722
8163,48.77540323362813
8164,32.5359817448587
8165,39.70561767283896
8166,42.31384882558875
8167,45.084450277333794
8168,41.23086313554083
8169,48.78551371822692
8170,52.72229753621111
8171,51.8864440728511
8172,50.06234816123426
8173,57.23732118527319
8203,16.298903756801415
8204,17.215558657140214
8205,22.711744676699144
8206,42.92724280390748
8207,37.79115944720229
8208,35.2791449145382
8209,38.9753553936848
8210,41.17797266260219
8211,52.99667235134022
8212,53.46926572133979
8213,61.314831471566634
8214,54.31006376386273
8215,2.709259049671222
8216,5.720995069596769
8217,13.606997995788346
8218,16.837459155169217
8219,23.603709789225313
8220,19.44169626910453
8221,20.681078883914452
8222,18.22955305606288
8223,22.04574536658359
8224,32.45208310199883
8225,33.950436051558945
8226,26.841491923196788
8305,13.265344705234712
8306,21.305061475725367
8307,19.904645732109756
8308,31.911896663830653
8309,29.560208505052092
8310,40.55232317424148
8343,18.308393759051317
8344,16.007193080164736
8345,12.747974631811408
8346,9.30616805598632
8468,28.672373765480767
8469,35.48809861562357
8470,30.99129627268484
8471,37.44952939630313
8472,21.782225923119345
8473,34.012561919912145
8474,48.079018608542704
8475,37.36945470250462
8476,32.83984787945021
8477,51.740939742910214
8478,56.88056759604841
8479,46.227472226162156
8480,54.17933838250653
8481,44.140677009304774
8482,55.2139329849893
8483,61.22893018551657
8536,23.67145859224051
8537,38.81622316680099
8538,46.75440047864067
8539,42.79332758518269
8540,12.94103351691734
8541,17.548016460398767
8542,15.074096116077408
8543,10.165674223949086
8544,13.698762181137573
8545,32.71130944654892
8546,28.272089934586354
8547,33.19570138771653
8548,31.269676546768
8549,34.179600025111995
8550,39.86256366098548
8551,42.35109242791652
8564,21.391994212338943
8565,30.054181030163566
8566,27.32544592660642
8567,39.754206396619125
8568,54.35041449743803
8569,43.04379928832694
8570,54.276978677395874
8571,54.727620938109126
8572,59.98819969727836
8573,47.68299724356687
8574,55.426888590072735
8575,61.925487734312966
8604,15.967646715811075
8605,20.6508154582241
8606,29.18654560785201
8607,29.375746055803788
8624,18.87419131729027
8625,18.198507403095736
8626,20.7057763660278
8627,16.90083930871328
8677,19.407777105525895
8678,36.68289732615769
8679,36.788171266296374
8680,33.46501564590764
8681,32.0205908605194
8682,32.55258577888036
8683,42.4491148577544
8684,40.17398801535265
8685,32.53252960501856
8686,33.43970723697364
8687,40.342971611671054
8688,35.82684847150972
8732,52.415383570033875
8733,58.19667989234777
8734,55.1933140654884
8735,65.43288803885426
8768,33.74999514136424
8769,36.17878659775735
8770,40.74434572846271
8771,37.6938122548283
8772,46.187666170329756
8773,47.9641981335554
8774,52.301560929939775
8775,31.008516441530436
8776,19.21583747178501
8777,23.145445258737794
8778,29.98222472360986
8840,28.962469329689117
8841,32.55053614393657
8842,35.40152117813924
8843,38.88193119376193
8844,32.666621641590716
8845,43.35991687339972
8846,47.92448698809458
8847,45.447670129068044
8848,47.852432010231105
8849,43.84096861051115
8850,55.86004935651209
8851,48.00689693537637
8852,29.723123354908108
8853,37.2080448210703
8854,48.76058350758224
8855,67.50529642627276
8868,41.170443817664896
8869,44.9776244255143
8870,43.77958322759632
8871,45.072614818891
8872,47.595534624732394
8873,46.32295023813648
8874,56.62761761005847
8875,64.35027697668447
8876,62.57428677595974
8877,52.37160371312053
8878,62.45999492851452
8879,53.596648165718676
8898,43.26567901697239
8899,17.97317983376718
8900,17.959448719641216
8901,41.57519334086612
8902,36.98523936745071
8903,35.00616835607113
8904,43.674619933420686
8905,42.13217123479222
8906,34.173870742953866
8907,53.282971561010925
8908,44.21193943069418
8965,32.58039537657963
8966,29.953197453209622
8967,34.064977774359136
8968,33.911615374913836
9070,28.684758150122473
9071,38.209366359099334
9072,29.615337505705583
9073,42.48139015950302
9074,29.48497600454138
9087,18.91627203938451
9088,36.837859231389864
9089,41.38086098955588
9090,26.292449282620566
9091,14.535109060853886
9092,21.243653217359267
9093,20.561389650390726
9094,28.363570968728272
9095,28.298148994292703
9096,33.774213233913535
9097,34.177145474643225
9155,25.1090871790284
9156,14.540687995055064
9157,32.0645627064531
9158,31.071250230166637
9159,46.97897570103857
9160,41.56056240696018
9161,34.12776942935853
9162,38.64492043614013
9163,46.051891094729456
9164,56.58024758852235
9165,43.837457892311726
9166,49.492050989788105
9167,32.39523936691612
9168,33.600052379234704
9169,41.22185577922625
9170,31.471967596370618
9171,50.6204664477911
9172,49.33140390560802
9173,47.87702997076607
9195,16.193407606943914
9196,11.780838757839511
9197,19.652767818563813
9198,17.684205605737368
9282,29.16809361831383
9283,16.99400859505745
9284,38.5169166910472
9285,42.464952464757744
9286,40.52334906468857
9287,44.155037013790825
9288,50.135997451479085
9313,15.50710409138466
9314,23.122306144228876
9315,22.63014985282823
9316,31.475533891541595
9359,29.660035130626433
9360,46.22181347963178
9361,48.71826110038521
9362,35.4391673520513
9363,23.741379984314136
9364,30.925501705060512
9365,44.24036039834234
9366,61.307021530815106
9367,62.70404461665199
9368,29.11046858140716
9369,30.348774913390372
9370,48.90936716884962
9371,32.77695709809866
9372,54.49127283647034
9373,43.099702263855704
9374,50.9675743186942
9375,50.9801055478699
9376,34.04022709468776
9377,55.47873506308487
9378,58.66496543547583
9379,48.114973275308735
9380,25.818498634381733
9381,35.629135640849995
9382,34.48437127955551
9383,37.79656130979502
9384,35.277720620302745
9385,36.60747232040212
9386,34.646712937848484
9387,33.04378286142656
9388,40.92274033940792
9389,37.2661729520595
9390,43.93107234969671
9391,50.13178423745321
9392,30.092734625592684
9393,15.263363643138009
9394,29.005533920258888
9395,30.129548083944606
9396,34.59769710866695
9397,32.53304185511005
9398,34.50028968913697
9399,41.71143211400973
9400,44.86645075732244
9401,41.84770180575402
9402,35.963308787627795
9403,34.60438574526777
9502,29.354713554382954
9503,16.829933273826388
9504,31.308557258396082
9505,31.96069720928384
9506,31.94081653471219
9507,32.93582305843742
9508,40.582404746347635
9509,30.00994025046918
9510,32.34888964900372
9511,33.933658208448705
9512,41.291201283121936
9513,37.489121979446715
9514,38.40796454054967
9515,34.771793369011384
9516,31.56819162165456
9517,48.24496127679852
9518,51.5960521143167
9519,35.55327250354088
9520,42.044434688366074
9521,36.71203160992044
9522,41.92617496175616
9543,57.60094680904467
9544,54.583652580361765
9545,52.96664663841969
9546,64.89781257484671
9547,52.1211432625919
9548,57.33276596661279
9549,66.00715040539608
9550,55.38048371066901
9551,52.90012694023758
9552,60.097605398333044
9553,70.98751631441739
9554,57.55165926937444
9724,28.644831435075442
9725,21.836987368514688
9726,33.01742616516018
9727,33.39813511638571
9728,29.812444563064993
9729,32.095497574992606
9730,35.81474219839381
9731,25.850399233371697
9732,44.6209136006093
9733,45.256206898834066
9734,45.60194094409781
9735,48.76791245057242
9778,26.567179632214796
9779,34.08126520254503
9780,40.704218077053305
9781,35.012404008892595
9826,35.97629347000874
9827,37.06030820917753
9828,31.84486784742419
9829,35.411892594968414
9830,39.04955996448769
9831,42.5586444173109
9832,34.76547505478569
9833,51.662200360076
9834,45.36724170013342
9835,44.389965607047564
9836,45.993292427765304
9837,44.820822560797495
9850,31.43649710325552
9851,33.63580221534027
9852,54.60094639770886
9853,46.48634231671329
9854,41.395048021208275
9855,37.15436815276052
9856,54.008085360020736
9857,52.86484016797708
9858,53.78936133502902
9859,30.861651610301116
9860,34.57831996503746
9861,34.24571845043294
9862,40.79766576485381
9863,33.789390941002644
9945,31.96385515872222
9946,56.67838608646954
9947,36.63074270963481
9948,53.62692683343849
9949,35.33326315819837
9950,44.41334910731189
9951,65.55107113120883
9952,55.56077968409265
9953,46.28650318306409
9954,48.61806617144795
9955,58.93693538587805
10058,7.249109062780401
10059,25.77946518528676
10060,20.83472658659807
10061,19.35792717201651
10062,36.33318781850107
10063,33.44191547001374
10064,32.466408299249586
10065,36.606110366631526
10066,45.72894799703786
10067,41.35601116752364
10068,45.598925951338565
10069,51.08209954598324
10070,48.59414210796561
10071,35.4770620292299
10072,40.572169893754904
10073,42.7557321866805
10074,55.138818846604764
10145,19.296420409369667
10146,28.918806777908788
10147,34.90381893157831
10148,33.41249422675429
10149,38.66726158766802
10186,43.087135675064026
10187,30.726611452056208
10188,48.90773742269977
10189,45.13775988305156
10190,36.3002135100727
10191,47.51239584501019
10192,49.061454696722194
10193,55.885190156853746
10194,48.51900743590533
10206,28.773992069847008
10207,29.948494627193046
10208,37.50569208793902
10209,35.60180394341485
10210,35.22163171413983
10211,42.9926268391083
10212,35.02824420203282
10213,44.997500100563
10214,51.773877897353984
10215,47.89090851024569
10239,31.163064860660374
10240,33.349126407737465
10241,39.970329527674906
10242,39.187359030468045
10271,16.427052756336263
10272,10.162482092069501
10273,18.178082150232417
10274,21.17206106500825
10275,14.307452930027027
10276,35.18076483913765
10277,37.364500573992906
10278,33.011667590029695
10279,55.71504516053754
10280,48.16550188926582
10281,53.618456935738685
10282,54.67713693892541
10283,9.137457837755024
10284,15.216662788548993
10285,21.64203230086027
10286,29.20465799974524
10310,37.0462385652486
10311,31.146557182058
10312,31.83609912420032
10313,30.36933658123376
10314,35.628749900987934
10315,44.86011744404663
10316,45.94884213966718
10317,40.17029259479196
10318,43.30844859267307
10319,49.575938455524664
10320,59.34959681651402
10321,51.21056553497999
10322,21.588308784156663
10323,36.23044685609913
10324,41.26847371377984
10325,40.203370763592375
10326,44.26974126279301
10327,32.665828783116325
10328,29.334559688006316
10329,46.78158898964766
10330,39.2369237174942
10331,43.53560209923344
10332,37.143725101090446
10333,40.53535832000083
10334,52.31033080131573
10335,40.29700564534273
10413,24.548247310667314
10414,42.00808970349964
10415,34.79039415553881
10416,53.540958819307164
10477,28.358389461929974
10478,26.822755754679005
10479,31.9237341929747
10480,35.241001034074415
10481,47.828708401774946
10545,15.2630030743781
10546,29.500829568281304
10547,33.261658717841186
10548,31.9568427627664
10549,31.6436844273689
10550,36.392596223954186
10551,39.037573366949516
10552,52.526579560766955
10553,45.19846529614427
10554,34.800994538158314
10555,41.57164048542284
10556,52.30736839788436
10634,41.81026750631644
10635,33.32299290661342
10636,51.2523204276782
10637,48.593554721476146
10638,39.916829252829245
10639,43.277783414991
10640,47.15294843932158
10641,46.42958231175649
10677,22.720502771038706
10678,18.951754597593215
10679,29.193793199945254
10680,31.27287055880756
10681,34.036460751354795
10682,43.12667085603993
10683,28.801563245961738
10684,43.915299026604835
10685,38.21584164780243
10686,49.26559624057945
10687,33.897168555728186
10688,44.633676918733926
10689,37.04544818319324
10690,45.40608193323849
10691,55.34779878986285
10692,47.60518946553641
10699,18.853417422209226
10700,31.482888517551057
10701,50.80487280937902
10702,39.400483119088975
10703,36.5677840904717
10704,44.23423432776591
10705,43.0399768940506
10706,58.2384695897085
10707,51.306852787775625
10708,45.70496090423068
10709,54.56625105615095
10710,49.94741279621443
10772,25.02868084445431
10773,34.51783465572394
10774,43.63163414721724
10775,47.43478981631638
10776,42.6627946040282
10777,41.02468936535418
10778,39.96227581256275
10779,52.17204692059958
10780,52.41568831683432
10781,64.43077783655752
10782,49.401052975384026
10783,66.45644676609551
10793,10.506254560522141
10794,16.50875045534407
10795,22.984024665575504
10796,23.46172544119408
10797,31.515416865270623
10824,51.00319010569602
10825,37.288332540202845
10826,37.61924928459281
10827,38.19651675110774
10828,44.65899967507452
10829,55.74868624490221
10830,59.46969959167059
10883,8.532926806183076
10884,17.702248619362642
10885,14.68721668873629
10886,18.960720790372648
10934,30.35333175650201
10935,27.593367919192175
10936,20.256296331881277
10937,30.107923021607622
10938,35.48050115335693
10939,39.131288740817524
10940,39.62202287227334
10941,38.81577955800872
10942,41.0367985523417
10943,37.912094284174216
10944,33.395753819409215
10945,48.501646064037324
11128,19.869605744198985
11129,29.5663788685198
11130,36.691851408860266
11131,36.298056699606526
11132,43.99876178996839
11133,34.841022394273644
11134,48.06170676989868
11135,55.4443420429223
11136,52.71726664098984
11137,52.98666751543912
11138,43.84220589359618
11139,50.023978834834374
11189,28.47411498655549
11190,41.10703848518988
11191,32.67527042883991
11192,38.543947813343514
11193,38.78464151443734
11194,41.81909833082107
11195,43.6480129017478
11196,42.86358213652064
11197,45.43119836055591
11198,47.153552981062646
11199,42.17613938039012
11200,50.296712431438216
11236,10.734897281941056
11237,8.368726788627994
11238,18.888838556908322
11239,18.924885444360118
11240,18.272378096104184
11261,9.389042235649853
11262,7.2581528030478015
11263,13.624783868138097
11264,28.72849740351546
11361,48.09760706578806
11362,42.181393344492825
11363,50.3012312500373
11364,42.33655810096651
11412,4.457809166441738
11413,19.2596189841279
11414,17.69744833765798
11415,17.180016961803172
11416,24.21437670542089
11417,31.38521222781218
11418,30.208920429674013
11419,32.42093166729158
11420,40.729192085123216
11421,43.74268238554839
11422,55.94416848060649
11423,52.73105448464005
11424,10.873139839364953
11425,15.205947709787619
11426,15.603602385790667
11427,21.16654205372319
11428,30.06214965836561
11429,34.264997614230126
11430,42.74438527349542
11431,42.30717391065244
11432,47.14583721170526
11466,15.572034725471852
11467,16.009217128678767
11468,21.921006384052944
11469,19.913732480839645
11470,34.05336072707797
11471,32.78457480830841
11472,32.571991572173566
11473,39.63380583097354
11474,36.45728986139296
11475,43.89218586203254
11476,43.659458489369925
11494,27.502394040137407
11495,36.29285422722062
11496,38.25434090406377
11497,33.565980433011184
11539,28.38649621070403
11540,30.02018639901413
11541,38.964827318577484
11542,32.25720185346167
11543,35.97082458867813
11641,5.49554120734015
11642,9.495683936305724
11643,6.289699323074533
11644,13.934038361370108
11645,14.313230656036758
11646,15.318655935311194
11647,14.175931850207219
11648,15.183566007417433
11649,16.821931967057065
11650,17.708158683566303
11651,25.97971200080322
11652,23.882079021288337
11757,41.12313385462923
11758,13.120893624801388
11759,41.8708088247453
11760,22.012040112974894
11761,38.202099960661165
11762,50.75060615455624
11763,50.655050898512066
11814,44.21226200384255
11815,34.912413423053074
11816,37.66874625658198
11817,45.1587088859219
11818,53.86873800999258
11819,37.68702531263437
11820,26.190740876871324
11821,34.48195590033165
11822,46.25179102118636
11823,46.99283801934643
11833,3.447864820847101
11834,4.997753507612767
11835,5.421297873052144
11836,7.00134699406376
11837,11.057545749726295
11838,10.0790108813917
11839,16.572578547680465
11840,16.5119672215734
11841,18.33803609366304
11842,18.129042235969642
11843,24.17931214608619
11844,46.76725807325007
11995,3.8707802303828736
11996,5.17520058304541
11997,9.700592912326526
11998,9.808084563184908
12009,32.419543318749966
12010,22.728154679904712
12011,48.12124663438273
12012,44.528572717062985
12013,61.37739660902012
12014,48.264430639230206
12015,43.71715888686782
12016,39.302964092225295
12017,62.643711965574155
12018,41.31556151850927
12019,58.113619926842084
12020,55.15850559979598
12032,39.68703151228592
12033,43.48159790182465
12034,40.9744405456983
12035,44.88387374806603
12036,55.13577643246831
12047,26.004218634853792
12048,29.159928672033676
12049,31.246777498012516
12050,47.108044488499836
12051,49.9948359108829
12106,51.3483141393089
12107,51.81899867491131
12108,53.89431193697488
12109,53.847336180307686
12110,67.52818388609322
12111,59.374957432101446
12112,66.08378752127888
12113,67.60901561270757
12114,68.78387330141103
12115,68.64084250016604
12116,28.7202235013275
12117,39.6624580988789
12118,47.250637890285155
12119,38.571231874706434
12120,44.957606704550315
12121,47.56784162697866
12122,40.935726370893455
12123,41.172862018792316
12124,40.50052726369526
12125,50.47580280245464
12126,53.838750829426075
12127,49.41358181837974
12132,54.02015370604311
12133,46.72500144706569
12134,42.30730263405204
12135,56.431692162648766
12186,30.051875663288097
12187,28.288256698702096
12188,35.90658866688374
12189,32.41518417090529
12190,40.84996418580169
12191,44.746944741251
12192,38.61828654608046
12193,38.5945121650952
12194,45.65143569020877
12195,39.551466899503566
12196,45.514117201673656
12197,44.95554490037254
12210,37.22112445700517
12211,21.344672079413318
12212,30.494322028018868
12213,35.69474974821496
12233,13.40429203466324
12234,15.882203126598233
12235,17.157181292532687
12236,22.738574228025797
12237,33.19717592096082
12238,37.386174616267475
12239,35.35577564772951
12240,36.256691101722446
12241,39.7406679738243
12242,39.42705948601295
12243,39.881346480645554
12244,45.231764992923836
12245,40.17574380988359
12246,59.45440214780729
12247,44.64700146874483
12248,42.74269523693737
12249,56.66812169581275
12250,60.54320192373793
12251,51.57255059049025
12252,56.63257222476001
12253,58.58294200280125
12254,56.20630119703432
12255,53.92895018037399
12256,63.80036180373926
12269,45.52234133210885
12270,44.78925865400501
12271,57.57597138626546
12272,60.313937270654755
12273,47.46748254173467
12274,51.73904672381387
12275,65.24881497062071
12276,54.3789349070102
12277,69.18549018957083
12278,59.511628915292505
12279,74.99622935747985
12280,68.2414118315714
12307,16.05537365112445
12308,16.147519382992343
12309,15.867235429118205
12310,32.479875834618674
12311,32.15311241074079
12312,38.781670604609374
12313,34.32001900879991
12314,48.98827746676399
12315,49.7812050550491
12316,47.701498908902934
12317,36.745494871228594
12318,43.72686181931169
12363,19.49821191347734
12364,17.608530055140246
12365,23.35251331527703
12366,28.183868082939313
12367,34.37595942048116
12391,34.85380768062953
12392,37.61970258419335
12393,41.18903028673067
12394,43.156343594431554
12395,46.32474503337356
12396,49.04345678374926
12397,42.88126616636297
12425,38.51505299311392
12426,42.91903349552499
12427,37.10375743099022
12428,52.47456690186534
12429,62.24464796951176
12430,59.46622718496026
12431,67.49532498386672
12432,58.455922385669325
12441,16.416268417756342
12442,30.25891155004661
12443,35.528775144566936
12444,31.09519146406152
12445,41.910177175855516
12446,32.0366233677631
12447,37.75145880050233
12448,39.32434030303651
12449,37.35953718934703
12450,42.753274199103494
12451,50.14076145366999
12452,67.04262898606183
12514,11.852545563749842
12515,15.800611698493402
12516,12.83522619895082
12517,17.64940327080771
12518,14.334627938571696
12519,47.705620654408335
12520,38.66321534529194
12521,37.19013972777128
12522,49.920105949135184
12523,53.23936348127389
12524,61.087730886605385
12525,54.41313456702508
12526,57.85495076982345
12527,50.312234892821635
12528,50.50246369799198
12667,27.10688062728876
12668,32.07098954969503
12669,45.370911990873076
12670,34.54441821261194
12671,54.18888605084627
12672,48.69576928982218
12673,46.355543917447946
12674,59.68870413087656
12675,51.39220646516512
12676,49.00341944318265
12677,60.19404820258734
12678,58.34509634421629
12711,33.876687416111565
12712,30.859178973629902
12713,35.023993265460355
12714,52.0104589661742
12715,47.749128694756095
12716,39.902278188775774
12717,29.8901198171289
12718,37.46887270614121
12719,36.47954375701961
12720,35.78430817414912
12721,36.73311025097349
12722,51.96359735623822
12723,47.946661983322684
12724,48.201185790103914
12725,55.58538017955234
12726,53.945094488617826
12727,46.83130830435009
12733,13.004570706748208
12734,16.53110867928757
12735,21.328061630145587
12736,19.234402894609904
12737,24.664867282864137
12738,21.644976448996438
12739,32.273270895112475
12740,44.15533749027262
12741,39.4288972806215
12754,30.910520874529453
12755,27.8882824771786
12756,32.3667697576534
12757,29.341587785785944
12777,3.0981778131237467
12778,12.355483115492122
12779,13.670292341612418
12780,8.87795796972685
12781,21.14538833089221
12782,13.485465764853583
12783,21.2192685452991
12784,14.000616405560567
12785,35.76723685544515
12786,34.57942017751736
12800,34.26227527852757
12801,33.36732940291642
12802,43.45458832978694
12803,52.494151250518954
12804,50.437383081226336
12805,37.752157453074076
12806,51.13087468999628
12807,47.65972473686555
12808,52.46438644904294
12809,55.38070179394735
12826,21.309022297653627
12827,9.989551440447306
12828,11.204684221140319
12829,20.84457528221081
12853,7.117977044837738
12854,16.104030610750986
12855,21.6494550637733
12856,22.18009808380102
12857,22.262027861371063
12858,41.05971084417665
12859,43.95466353195689
12860,48.998368421808486
12861,38.41978989423538
12862,55.12008343265504
12863,48.1671822075631
12864,43.016217023941806
12865,56.10940719603912
12866,54.37938885892853
12867,51.690930625634664
12868,67.42061520390293
12875,19.48053792996732
12876,21.06789594579777
12877,31.22466986627193
12878,40.62466128968457
12879,45.352132151815184
12880,45.77230348623951
12881,42.26251762857285
12882,52.55963433206681
12883,47.01373753077109
12884,64.45244524498773
12916,27.547496081278382
12917,35.004305430022164
12918,32.352948902172244
12919,39.30960698386509
12920,43.054743511514815
12933,16.73249651052244
12934,14.764414071079564
12935,15.686277617635609
12936,20.907878481391908
12937,29.09004523427085
12938,33.20298145114913
12939,32.97540426428076
12940,37.14561038202742
12941,39.47716244011158
12942,41.095357139868696
12943,38.99386601039433
13020,30.052818865449765
13021,31.00101112728128
13022,34.91307946865646
13023,44.32286807870033
13024,44.678064421859105
13025,60.291287471452
13026,45.175008179770465
13027,47.0258415409343
13028,50.267508893030495
13029,53.6836311420182
13030,51.049718844439106
13031,42.75767078683943
13032,63.87803688830303
13033,52.08940628644657
13034,49.017290047306645
13039,7.903922081309962
13040,19.526767186379498
13041,28.11483627725107
13042,24.588564007463805
13043,20.61683324103448
13044,20.227302690020657
13065,12.282895816655532
13066,19.89957135547229
13067,22.45686184706525
13068,16.39446399199354
13069,22.47166937114154
13070,21.40113309020062
13071,37.85163014567756
13072,39.35630381316251
13073,35.88706381617344
13074,45.548401706317335
13075,39.514748760972935
13076,49.089657033452816
13077,13.392409986122747
13078,12.557018549017872
13079,14.900281060056699
13080,25.717399202436837
13081,33.09467710760141
13134,8.43041759772266
13135,14.826755663272062
13136,22.85290996462797
13137,30.19825155736646
13162,22.18788376884621
13163,24.14518360118473
13164,18.174099602082663
13165,21.59985584675091
13166,32.64189527979835
13167,50.43979230356369
13168,32.20701171064168
13169,42.528494595111546
13170,40.68805536177846
13171,55.794592991922066
13172,56.10079363148323
13173,47.44374143770383
13195,42.08506568075139
13196,32.79780574526403
13197,33.933568952811456
13198,33.2754347593393
13199,35.88309291791072
13200,42.15499459023873
13201,43.07246316343767
13202,43.67143796333693
13203,42.00903528431944
13204,42.81753956235239
13205,46.87988991317992
13206,53.84093433040175
13219,21.51417824274164
13220,11.909824988817302
13221,21.50347171606867
13222,33.41348614230246
13223,36.14401639635926
13224,37.98085892455384
13225,61.00128763496989
13226,49.479931690722616
13227,44.63714598774563
13252,29.486884079633434
13253,10.1143818640968
13254,8.519101078646283
13255,22.13755593854098
13256,39.60246012552634
13257,32.281677949254615
13258,44.14889239228794
13259,50.26986048702107
13260,46.57946085829674
13261,51.106047631581035
13262,59.68797503443737
13263,53.93366216155718
13294,37.396278877724804
13295,33.54546389442065
13296,43.18374351554708
13297,45.348671022957205
13298,51.1633930331154
13299,51.639575447022175
13300,38.76808291961076
13301,42.633152228185494
13302,53.43017751059421
13303,59.84876135269114
13304,56.79904123865796
13305,61.08300090165605
13332,44.64703453741803
13333,40.520681676008124
13334,44.21565069117796
13335,52.486097224311045
13336,37.73417720356668
13337,45.62809135255151
13338,50.66817894726364
13339,48.651068900190175
13340,53.688338054361594
13341,55.76175353054323
13342,62.747288390584814
13343,51.25063522100383
13344,2.8418320203945178
13345,7.582336785768731
13346,7.501100173903296
13347,15.590470917277145
13348,18.188442973296432
13349,19.423592727491776
13507,7.927558229225788
13508,15.005768534267155
13509,27.27142242840257
13510,32.72899532139376
13564,54.38468845939071
13565,38.524768394042496
13566,40.9063185835049
13567,52.68666181801123
13568,36.70328049374015
13569,47.55015434804041
13570,43.88204067043471
13571,59.76765377116982
13572,66.19780790207423
13573,50.47318836302412
13574,53.95604504977218
13575,61.93518314369675
13674,15.132262832080798
13675,10.1831987510849
13676,18.019258336001545
13677,16.84567608372266
13720,15.952910377120286
13721,8.981180566285309
13722,21.058636835602737
13723,13.26019321798264
13724,7.566949486071445
13725,20.925285378249594
13726,21.635764834150038
13727,46.681435708769556
13728,43.246708017637296
13729,29.148785474019633
13730,30.777703714268693
13731,41.66757191555899
13732,42.12967098366125
13750,27.266351139050617
13751,38.43662328659973
13752,30.40710854592751
13753,32.583150338016615
13754,52.12632223124555
13755,40.50450673727212
13756,39.6901094430758
13757,37.12616347557051
13758,56.098116614341244
13759,52.86649465205952
13760,46.282776456817054
13761,46.170983702341644
13867,21.857309175273414
13868,29.474896432618
13869,32.34913480655807
13870,35.94420974380525
13871,41.62415641733485
13872,48.15811421024414
13873,55.64676962927811
13874,38.353961052769485
13875,53.25098542090343
13876,40.47810904367018
13877,61.470557054780784
13878,59.0790152639968
13896,36.70482292328373
13897,35.11915639349909
13898,47.570811993606824
13899,43.61649391411234
13918,19.448374487192226
13919,30.17379582332441
13920,50.60824089016476
13921,50.843188851759486
13922,43.68674025622529
13923,37.10258659490285
13924,38.97768273250242
13925,40.73798472314926
13926,41.56028622441148
13927,53.24783575322797
13928,58.74067896414071
13929,61.13079858084603
13946,11.089599284079245
13947,26.13046644424195
13948,17.045932891201534
13949,20.80857442346006
13950,20.948696202784472
13951,34.54309069461534
13952,36.74195543370211
14097,18.741732701479062
14098,14.346265351880241
14099,31.874909105927426
14100,31.820527921871623
14219,26.576351564814807
14220,23.35788480690483
14221,34.84700935869199
14222,34.4036053586162
14325,45.50976460184181
14326,47.97837710774006
14327,49.62739891950877
14328,49.527374331135945
14329,53.49551654234031
14330,47.59926007107188
14331,59.67672991823155
14332,56.50350212348928
14333,44.304120362519875
14384,12.924598614185761
14385,17.310141953585152
14386,18.02422415095224
14387,16.85064189867335
14388,23.372978807800266
14389,34.8165940940714
14390,38.5903152646489
14391,37.8678030225845
14392,37.93257972475128
14393,36.811307874251256
14394,55.48792706811157
14395,37.54313372320931
14396,27.086406026924152
14397,44.16458216628502
14398,50.20987827678314
14399,52.73148568912577
14400,8.773732446316377
14401,11.753165832821583
14402,15.23781763013162
14403,15.330943324548675
14404,18.194249502432722
14405,19.71775370973415
14406,14.157685952068288
14407,30.112600085028017
14408,44.55849131559153
14409,41.10433778570412
14410,40.136077564250314
14468,17.946883351181814
14469,32.41169835458977
14470,34.485243514592504
14471,38.45782644227884
14472,42.36486278961549
14473,34.2470198798524
14474,34.443362426209994
14475,53.30742084263148
14476,45.005055582856585
14477,53.1102915125705
14478,49.151241352227096
14479,44.26020844018465
14498,3.8131006365479116
14499,5.533562650993783
14500,5.841737222320798
14501,6.839655289653287
14502,12.559029600124061
14503,10.304306434659118
14504,13.621315055757929
14505,14.294110375133233
14506,20.573813938987797
14507,14.149831852263961
14508,22.098941711322308
14509,17.10717980226894
14510,14.620483576789884
14511,16.47342181855838
14512,21.378840295906006
14513,16.11360722149945
14514,11.247607492411868
14515,23.530361621901445
14516,29.470398306443087
14517,40.20379934921288
14518,32.987913827365276
14519,32.581478511711246
14520,35.46107591172672
14521,35.6583186802265
14535,11.797717624378913
14536,11.160134871805232
14537,17.62566274184027
14538,22.47871423650869
14539,34.88355930485128
14540,34.35550717695671
14541,34.30693760797968
14542,45.46335563758403
14543,47.280497116448764
14544,32.69324857689459
14545,32.51641470864529
14546,44.05277623171406
14547,4.1924076310671285
14548,42.029616447683466
14549,31.413384842215102
14550,38.674993145952364
14551,36.6959656469172
14552,43.80190002919791
14553,46.850355848687734
14554,55.998183960544374
14555,53.15725398250871
14556,64.96676074871058
14557,53.84393116013693
14558,64.10353160920451
14563,51.329833833223105
14564,56.020731964000674
14565,38.94115652375459
14566,53.6129172609799
14567,57.4156659601313
14568,62.696792410166246
14591,3.9014420025247745
14592,20.568131072109193
14593,36.770999981309345
14594,47.275359890030224
14602,39.84872937381882
14603,46.1522790684847
14604,47.84439842058423
14605,39.7025603161715
14639,15.491107539500202
14640,15.462196860929243
14641,8.818094326685815
14642,31.199444434718334
14663,3.75075093854305
14664,20.255870375801845
14665,28.14498289971976
14666,13.670476528717707
14667,30.335999521287267
14668,33.08236500792209
14669,45.11310673281449
14670,37.92692272581411
14671,42.765525608156025
14672,46.30005992374527
14673,41.5362809425081
14674,54.781900183109435
14675,59.39674649631853
14676,34.14187493784959
14677,41.93007562457721
14678,54.447556026288986
14679,45.75273841885621
14680,44.656876417007346
14681,53.19912432061659
14682,47.440124811718654
14694,41.36979362216214
14695,38.41051436248077
14696,38.78973060413629
14697,47.37487258177817
14794,26.96280475216195
14795,29.202636598749912
14796,43.12636680382159
14797,33.36760545489466
14831,4.031066191699142
14832,6.003442674491459
14833,12.378323026667934
14834,10.69768976736945
14835,13.42460328380585
14836,17.455868216352712
14837,20.040640434229324
14838,33.49442924896857
14839,35.90038800937999
14861,44.362753772162876
14862,32.014691599847126
14863,32.98057660627939
14864,33.58214093974086
14865,41.2437485861555
14866,36.07314578693831
14867,31.65282355788904
14868,39.83691610394148
14869,52.77726306206973
14870,38.833057590563854
14871,50.920971236149406
14872,49.24525457183401
14873,34.544399233285496
14874,47.169984753249224
14875,46.40368108107865
14876,43.862106324498924
14877,12.671908377806854
14878,14.348848853600233
14879,18.248226252438386
14880,17.51279154185443
14881,14.581424755167838
14882,22.36501054535163
14977,4.307437634544918
14978,11.498302705309657
14979,8.675182223269365
14980,9.406779293949423
14981,18.923066150397574
14982,13.944470594476492
14983,12.242746570801405
14984,17.629577553947186
14985,20.974901396082345
14986,21.667509182733887
14987,35.8595509575409
14988,36.29413146297044
15001,38.16907739565411
15002,36.59885005718685
15003,52.24548295257589
15004,48.03313511807635
15005,48.19880008721944
15006,54.31739984107661
15007,47.22473858790609
15008,58.745782084650585
15009,40.197215425295695
15010,59.58845822267489
15011,37.52807081999036
15012,17.405544045010387
15013,41.560547990970896
15014,33.45893967887307
15015,36.70608844850558
15016,49.156711850777654
15017,62.37765076929223
15018,43.106158555995826
15019,51.02837371104252
15020,55.345486971525276
15021,58.57773151763419
15022,52.58787346980278
15039,28.85742645422737
15040,32.5234374738122
15041,32.779098907845764
15042,32.06922245698853
15043,37.12604396840376
15044,39.75247234843541
15045,44.02804734294258
15120,54.23325847510482
15121,51.27206754096243
15122,58.68911151618906
15123,43.795118077661435
15136,25.934073077365504
15137,44.69110738928339
15138,33.029733957643614
15139,30.16488402721783
15140,37.31766459989742
15141,42.446453971117705
15186,12.619509718896438
15187,15.73435927606188
15188,10.907147569976262
15189,22.78532878152027
15190,20.78700337481375
15191,17.426313257104212
15192,32.81848853544097
15193,31.98149341572092
15194,42.67209182293914
15216,34.29829292629981
15217,36.89938536879352
15218,49.8003135385364
15219,51.9097857957194
15220,28.635935702771725
15221,39.34091254982142
15222,50.74516495983453
15223,34.40671165660093
15224,36.094654830743416
15225,39.74937832828249
15226,39.79011167978838
15227,35.29996430856831
15228,41.22044694499038
15229,34.423847731804955
15230,46.693196850921396
15231,38.8273351098288
15232,12.417138264235037
15233,29.25103702309634
15234,42.5564145119895
15235,36.93879014886573
15236,40.64724395485703
15237,28.909427254310625
15238,41.32563591319763
15239,52.50209545120933
15240,54.58976967940511
15241,60.48892575832897
15242,51.78695275095083
15243,51.929725001654354
15260,25.812857337009643
15261,28.20737602060654
15262,35.83803722769537
15263,31.469194027079414
15264,48.01611786816898
15265,50.35810415226306
15266,41.34222457833549
15267,51.13993438951568
15268,39.99388903596036
15269,43.156857641133385
15270,56.243397070786465
15271,46.29212346199773
15281,11.001188043996802
15282,24.00863106233655
15283,19.763409405603646
15284,32.151560494518755
15285,29.965463062336106
15286,30.59009713304095
15287,38.15339730443142
15288,43.9400923215451
15289,33.941104197262085
15290,33.683856487789434
15291,45.94000266488507
15292,41.32944284963106
15574,32.54563724771546
15575,42.702344092719905
15576,22.65748417503446
15577,33.03561814684725
15578,40.12944826542087
15579,34.34532116776655
15580,44.12733362513324
15581,42.1466516807363
15582,49.157461911310286
15583,44.358506035450326
15584,45.643961155674816
15585,48.83538737981761
15606,16.076037802439213
15607,33.17721111259644
15608,35.677134464943926
15609,42.64955498491227
15654,14.163578532960672
15655,14.19572488116858
15656,18.07911254960824
15657,14.273740195861093
15711,48.18805735474543
15712,39.19990252098732
15713,37.576451434698726
15714,41.569330653752885
15715,49.52208381129716
15716,46.250458451006935
15717,37.47678354188373
15718,45.73428344286316
15719,43.88941926928814
15720,50.79296488861699
15721,11.542249550747872
15722,21.31759335960496
15723,19.24691982930909
15724,26.590655826584396
15725,44.435538675999176
15726,67.63293317599509
15727,64.70732714511315
15728,64.37400964167347
15729,65.40567715891332
15730,62.40217571501627
15731,67.61934666347994
15732,61.98913764506412
15733,62.386768324988196
15734,75.73191396348183
15735,73.9702210911384
15736,71.97660297072997
15737,72.39290403401905
15762,28.99309966375338
15763,42.927898972665375
15764,43.33078773935146
15765,36.22633496617675
15766,47.00471546358162
15767,55.460290327616036
15768,40.21501001409847
15769,42.821992914735226
15791,34.13163090793028
15792,44.53563012052365
15793,35.278413020422725
15794,36.75191347160223
15795,50.44299908208844
15796,43.05192825282644
15797,58.96423919720742
15798,47.508653250017446
15799,60.91089002917505
15800,49.568100866764844
15801,56.13735879686702
15802,61.16777387213233
15815,22.382005460834947
15816,21.302664613447362
15817,13.921577647725478
15818,32.040892781588845
15819,37.173443646913896
15820,37.34011694863634
15821,34.80325727144756
15822,38.84196715446107
15823,45.10922436469146
15824,37.21841699426714
15825,47.749130941553226
15826,44.18659106624505
15882,4.025656925076077
15883,9.584136119014858
15884,15.98983813344038
15885,17.238759364743913
15943,48.08916588566314
15944,37.670881392869305
15945,39.19683145163731
15946,38.25134047632745
15947,54.731922706920535
15948,3.9729405975273524
15949,4.941426790685117
15950,8.153500199570129
15951,12.33667247152564
15952,14.892380218271102
15953,14.528535805939224
15954,16.79349702309615
15955,17.5211780861389
15956,15.90049421501232
15957,15.627090955457309
15958,19.712811499300017
15959,21.358673370048418
15960,36.39764838794978
15961,31.64921237133081
15962,31.473829456640857
15963,38.12870155447424
15964,42.86660944126396
15965,35.180960152910274
15966,40.65568069870452
15967,44.28767598309131
15968,38.6142859542607
15969,52.57767838316061
15970,53.288629807758966
15971,4.131745384148961
15972,5.4576007628014755
15973,8.58677607830998
15974,13.387809937561233
15975,15.78266054024102
15976,14.246112396348568
15977,20.750833040411685
15978,21.333138010929925
15979,22.714466690715092
15980,21.172326649053623
15981,35.60937981990614
15982,35.39441495532822
16004,37.492114764530406
16005,31.18248920047438
16006,34.41597371668612
16007,46.314292546198
16008,45.91744246719221
16009,36.25047827045316
16010,34.68616522412239
16011,47.25200424447816
16012,47.03880604769413
16013,47.35261016382949
16018,12.847672426438866
16019,17.733277812317287
16020,20.39954494097878
16021,35.39354765902975
16061,59.964325814157114
16062,57.725322750599105
16063,62.92313630755747
16064,58.42013511407735
16065,69.69777822048819
16066,69.84183868781317
16067,62.95753559056436
16068,70.14804255483115
16069,67.77828664385994
16070,67.77828664385994
16071,67.51930058409263
16072,73.38844219251617
16073,14.557447044792037
16074,9.922661955707966
16075,14.173592607319344
16076,10.435924431287535
16133,13.164369607312109
16134,11.731816175884088
16135,5.963302650557791
16136,10.60299872822614
16137,19.536152879576317
16150,40.510416847099144
16151,43.7031949413224
16152,44.46615245309465
16153,40.7953966161071
16154,48.869272904990815
16155,40.67926992013402
16156,55.78193649957232
16157,47.55168534025022
16158,58.80022027312151
16159,58.12685891392105
16222,30.43831820104527
16223,39.756758049993444
16224,31.25529719080815
16225,39.780190485224075
16234,35.31868599207019
16235,40.536702161531274
16236,33.75034419745053
16237,42.06744495192196
16238,55.88685175398063
16239,47.6022473353352
16240,53.2156282060054
16246,24.05610974510453
16247,34.34055998499612
16248,31.12277263601503
16249,37.74916964467048
16250,43.04042244303871
16271,45.76095966979855
16272,39.08932241385166
16273,55.42396778279269
16274,49.42140419954507
16275,46.716101502714565
16276,52.31565828678552
16277,55.67020711554529
16278,58.99078067971671
16279,61.154481897996355
16280,53.02460895901759
16281,63.56900618852947
16282,68.70274571138614
16354,37.04138719382944
16355,42.759946845972586
16356,43.61542189027388
16357,44.95205919165245
16358,50.8198630562588
16359,51.446396926883594
16360,19.584697267522934
16361,19.000677930534057
16362,22.212110524878526
16363,19.49188794570507
16364,28.18734766798398
16365,35.4588028130271
16366,36.18620106488787
16383,17.119839603928362
16384,24.73272684506569
16385,30.571256665222865
16386,30.80292304555882
16387,32.191762895647265
16388,37.80116054317081
16389,41.82712787669879
16390,31.850029862006096
16391,31.661129685407072
16392,40.70472693273072
16393,36.65792993962911
16394,54.3148287133438
16395,57.31971533940913
16396,37.02026973095357
16397,56.25958546086358
16398,57.430699692694866
16399,52.71741623097168
16484,19.275113706024992
16485,19.589627661335346
16486,21.05501967023006
16487,15.079329470340623
16488,16.926226815901618
16489,31.020244689255676
16490,33.67200302667107
16503,4.340850510788985
16504,6.015113505574489
16505,7.959349313956863
16506,9.515185756828952
16521,21.035923954317756
16522,16.89026809986102
16523,21.771833968311924
16524,15.671845999183558
16525,16.83892141012256
16526,18.74775465504014
16527,37.66896195665925
16528,37.33004045211054
16529,39.53315977498982
16530,35.815732718509096
16531,39.93493943789651
16532,47.49517481959188
16538,24.253933439598136
16539,20.690330209788293
16540,32.42955766904936
16541,39.92740674411149
16542,36.159973609815545
16543,42.80012764461213
16584,3.8447303999282427
16585,5.160547794786969
16586,5.967546934560969
16587,7.517467537696701
16588,9.499500480184121
16589,15.760453409892195
16590,13.827646903785688
16591,19.90390827837497
16592,22.272731790712083
16630,32.848208752146746
16631,23.92319705165295
16632,28.90411380470401
16633,27.474640560557678
16634,38.26791569938925
16635,37.65094390679558
16636,38.37366021246813
16637,42.59910125135499
16638,50.319234459376624
16639,51.99341472736204
16640,43.26343013487349
16641,50.06744827279048
16676,35.80963064367034
16677,28.727061076147322
16678,44.68890100500717
16679,50.62640016143221
16680,58.98835522034352
16681,53.31294254877017
16682,56.28723292803205
16683,46.724176073747316
16684,49.1666016709289
16685,51.0010786126425
16686,66.29429353759645
16687,73.48454253627779
16712,48.9709183374712
16713,45.517826700932055
16714,46.47002960225354
16715,58.07092043419509
16716,42.63881741720134
16717,46.116224211592815
16718,60.61968517585367
16719,53.58526667020139
16720,57.84849415196873
16721,59.466666953475766
16722,67.93573271709936
16723,61.378317533786614
16743,49.836679768884494
16744,39.625158956652044
16745,44.18825653652224
16746,38.97127893069038
16839,16.746574000011748
16840,17.73127641044953
16841,18.400742955871184
16842,14.876371617448205
16843,18.571884860819694
16844,37.14934856197958
16845,36.47399963058189
16846,39.98029368065838
16847,39.0319773676182
16848,44.472706519689055
16849,54.94229170473784
16850,45.520595362215474
16855,39.36206262969121
16856,28.212184235601626
16857,37.7834039405969
16858,37.09533402645338
16859,50.17691296586684
16860,37.82375745652729
16861,51.20201134959847
16862,55.41228322272699
16863,56.67642641626051
16864,51.95191579592551
16865,55.76979696323881
16880,42.91110075671061
16881,36.71514958838613
16882,45.908495047151895
16883,46.65515559102782
16884,40.58289032887329
16885,41.852807893761394
17000,18.408664480466037
17001,33.26212574021347
17002,29.288363866622877
17003,31.946558868027747
17004,28.648402076484473
17005,35.79650910117167
17006,49.6542840494546
17007,53.71837527105321
17008,41.03968890687911
17009,53.47956636004957
17010,63.856364876092265
17011,48.65793509696122
17072,34.234886814026844
17073,46.73268586575877
17074,57.0868683297555
17075,49.7303359314822
17076,42.19053050928567
17077,42.96197964550507
17078,41.43133748607124
17079,41.2999194192244
17162,10.986474698074998
17163,25.814494381545174
17164,18.32063124871701
17165,19.159521701761676
17166,30.91015950095293
17167,47.548838029463674
17168,38.825310283856425
17169,44.222827277663576
17236,15.199819731458222
17237,10.009862302368303
17238,12.061492967342971
17239,22.726785303316017
17240,12.950765444909477
17241,19.67720889972944
17242,23.465715698450683
17243,36.31313395144129
17244,27.22295783924349
17245,22.508510273427113
17246,32.911820810179954
17247,35.88001132336258
17248,31.88179625808721
17249,38.70494481230779
17250,38.158494339554835
17251,37.850324919712264
17252,47.744803932115055
17253,44.747971708969914
17258,37.55933534642257
17259,39.332472771264875
17260,45.70893369436843
17261,50.23053746180169
17262,56.916422823794285
17300,26.488925582014367
17301,17.82196908078698
17302,37.75406251062532
17303,20.292313338986983
17304,33.54066756051604
17305,39.25708909125774
17306,35.56653725946172
17307,38.4785994320924
17308,45.03768040024709
17309,53.19219875225944
17310,55.404302541830624
17311,42.10367551892743
17324,17.622830381520565
17325,30.980968820640616
17326,32.31587145682875
17327,40.83012413600368
17328,38.48206545751634
17329,35.456038294578605
17330,38.96844408783781
17331,42.31662388088575
17332,51.01611357095326
17333,45.61452185936471
17334,45.9109424239613
17355,10.76328198418501
17356,13.8667754855934
17357,21.453578842062427
17358,16.187810337987216
17359,21.750626658219268
17360,29.059486130533852
17361,41.0776370719928
17362,40.37472300307396
17363,35.03476534443911
17364,38.00593753725875
17365,38.073232535197214
17366,37.68490631271504
17371,7.672314341668258
17372,19.855108293738677
17373,17.609696802609236
17374,21.503576179612427
17541,19.87494008996632
17542,15.096570190214502
17543,35.77030219518305
17544,38.16367487726819
17545,40.55927513887576
17546,39.11984933193494
17547,44.50161467671627
17548,31.01235022186397
17549,34.38457076095219
17550,46.14660157263339
17551,39.97734811897524
17552,35.291110862508546
17557,14.207457707364105
17558,30.100862045196763
17559,31.07217223679405
17560,35.44697337779366
17561,42.25802178059886
17562,38.53689808178718
17563,48.870151412574955
17564,45.462836165961676
17565,42.3144360324263
17566,41.56893189472224
17567,43.34949133084724
17568,40.68671378885389
17653,4.840501305101875
17654,11.462253270653509
17655,17.000681722334317
17656,18.96760360567909
17657,17.720947263713832
17658,20.101187678749984
17659,34.860938009976415
17660,31.06801629599643
17661,35.37132049033139
17662,32.81532785611483
17663,37.24844582376467
17664,51.53135943916693
17681,29.57716883730104
17682,31.0282085796678
17683,36.70855323430491
17684,36.43026408004228
17685,35.370402000961796
17722,9.897417792408293
17723,21.87749771026152
17724,19.703248411058794
17725,16.025186637844666
17726,32.32677080003159
17727,37.92445833366687
17728,42.08466681027903
17729,50.392907999038606
17730,37.46367070457493
17731,41.07503698748263
17732,34.27864948176471
17733,35.97438302353473
17765,3.593336150225195
17766,14.16870220183359
17767,8.12388634529555
17768,15.350845378574668
17769,22.788648742388567
17770,18.44754066087021
17771,30.69863453677508
17772,36.60854098347449
17773,31.781585050751815
17774,50.08866876050168
17775,34.41050893488183
17776,43.39930085677536
17797,28.37841409988076
17798,36.480039286148894
17799,27.85951409642293
17800,37.263648910027605
17847,28.51308482410979
17848,21.105294574912822
17849,33.878143109715666
17850,34.98237486687783
17851,33.99149555299142
17852,40.841187916339095
17853,42.24077294047022
17854,60.172807714699964
17855,54.41248368498799
17882,29.337867797623847
17883,23.693262262526506
17884,31.63808527325399
17885,34.01677302459814
17886,44.9247812717802
17936,9.705473431307135
17937,15.441413457980785
17938,22.536266856380138
17939,19.52108317942834
17940,25.243872164601324
17951,29.77140145103305
17952,43.08504632365465
17953,39.23107980125234
17954,40.731308460704156
17955,38.77239671331441
17956,53.86647924764136
17957,50.52410128984429
17958,52.02448830561582
17959,43.72693783945569
17960,42.93925728524006
17961,53.91502812525733
17987,31.115061230652323
17988,34.797597999579224
17989,35.14073491556729
17990,39.56026595300725
17991,49.90882628973114
17997,32.070339132467666
17998,37.30358554801446
17999,37.72470890884663
18000,48.60006424643652
18001,37.114059371966185
18002,43.268372632173055
18003,42.031028608136474
18004,65.81636086732006
18005,52.27520058355326
18006,43.850637421299346
18007,59.696011215201416
18008,65.87734916778334
18096,20.99367617591563
18097,21.93212637607593
18098,32.57138122744801
18099,32.17678661957579
18100,34.72732245582646
18101,35.12440215651453
18102,7.265911166173346
18103,8.240562858052176
18104,12.945039485949362
18105,8.591740577329606
18106,13.144869261689792
18107,12.557840415121625
18108,17.07196679986448
18109,17.02802475331379
18110,20.104283733764934
18111,15.745732630050371
18112,38.31240035539208
18113,36.48531341016535
18124,13.856422093774782
18125,22.531183285494265
18126,15.315356398928785
18127,28.12719746949301
18128,29.877647152171836
18129,37.152465632325274
18130,34.908266879774835
18131,35.45462295561726
18132,44.93590568072026
18133,51.3889966074667
18134,49.540802471086515
18135,49.44734246218628
18184,3.8654709425000653
18185,12.407199186420083
18186,9.16496958577145
18187,5.79970337064457
18188,14.302727556808367
18189,10.85498503898812
18190,16.820747720501732
18191,30.737907186015388
18192,40.81035390306793
18193,36.462918526711896
18194,32.817721838255
18195,47.93787571937581
18221,32.396884014485536
18222,33.136781620080214
18223,30.046317263036187
18224,47.612278470009535
18321,14.946551883941785
18322,14.526549846043423
18323,33.18671321104202
18324,23.422495802802178
18325,37.21261273139759
18326,31.193410357541847
18327,33.627386354130074
18328,36.98918907220359
18329,43.39417906698733
18330,33.47593313683723
18331,42.708252016821085
18332,36.07887145527519
18391,36.04060520386907
18392,35.41968227121935
18393,33.08182718434129
18394,28.768643146718873
18395,36.95190882858234
18396,45.38203595794733
18397,22.518861464289763
18398,31.935656230364632
18399,30.651244513915692
18400,31.611489911983227
18401,33.00201793107708
18402,42.324898290421835
18403,32.866366147271016
18404,49.68568361655617
18405,59.68055063276153
18406,39.134614041337436
18407,48.827477979546856
18408,59.55722760178454
18479,4.115252500160687
18480,5.305478820808959
18481,12.923598328749792
18482,11.324900856469593
18483,13.736988769675712
18484,12.927863878693625
18485,13.63112305698488
18486,22.63656416651009
18487,20.732383307917864
18488,23.34049375527157
18489,25.29792247587654
18490,27.5759985798064
18566,14.478733709787384
18567,20.301226421695997
18568,25.112696261781064
18569,29.62494265002268
18570,39.761163042205176
18571,36.15405236579193
18572,36.56463068438495
18573,36.515381386393834
18574,40.599405207932925
18575,35.80535269548241
18576,45.97855006324501
18577,38.76505426650356
18578,55.52094364456072
18579,53.589899844464924
18580,54.131654678765315
18581,58.31953484796423
18653,30.64091026121989
18654,38.69728878032776
18655,29.280355447040787
18656,51.69668928968761
18657,51.22227523499017
18658,61.459319928254274
18659,53.89650830977743
18660,59.18247271761526
18661,56.947983901693014
18662,57.72272523985491
18663,63.567344888037624
18664,61.09658383047913
18665,27.25633841548599
18666,32.344583613011686
18667,30.59658539830749
18668,34.294193022076485
18669,11.85716983829886
18670,14.491276441544777
18671,19.703069427746197
18672,15.27734843853443
18673,19.09328404549243
18674,18.512596008999086
18757,22.105188277123258
18758,29.64929012713744
18759,47.24021373342366
18760,34.93972322610981
18761,30.673928490690976
18780,19.11055677374201
18781,20.374585320371775
18782,29.898686495619643
18783,33.65954042942465
18816,10.025606501500825
18817,30.09552084333547
18818,17.718050467213832
18819,33.22575250170512
18841,39.87026823949535
18842,41.891672067357426
18843,41.485397368988465
18844,32.82385599469254
18845,50.40781849508816
18846,44.19020002672639
18873,27.1816117143926
18874,47.898093508113035
18875,41.13576995565602
18876,50.24560797254601
18947,30.826414481790806
18948,27.022863236081218
18949,34.62546775501838
18950,30.32650102699085
18951,33.11088340506777
18952,36.83087052390012
18953,30.4908007105294
18954,39.73950138024659
18955,40.448375634154765
18956,46.97194841186791
18957,46.88150202263579
18958,51.128562823284554
18979,37.40190579013097
18980,46.707460900630856
18981,35.85943838384112
18982,32.91961944082056
18983,40.59624771055795
18984,39.06514036855971
18985,38.47720108135872
18986,47.73417677568901
18987,52.426181108990725
18988,47.7520730470448
18989,46.99754905639885
18990,52.45368301127554
18991,12.378816909725005
18992,24.95433520503836
18993,25.591298819716105
18994,30.359319006128903
18995,31.8804842476638
18996,32.92901833928887
18997,21.62511863714206
18998,38.08890919776908
18999,44.987423877521145
19000,37.19999003622154
19001,36.63553875070056
19002,39.784986035645005
19003,44.792865868516714
19004,48.69645685480453
19005,51.689300910770676
19006,53.417662158277736
19007,51.104644162915996
19008,60.18480560239678
19105,7.453818534333025
19106,13.264201425386867
19107,8.37446025852265
19108,11.833573382592036
19109,17.502008793019307
19110,10.825451238800506
19111,21.55535078992512
19112,35.45910771156724
19113,35.266444428028734
19114,38.0035648266284
19115,46.50367188497745
19116,34.49512576848409
19259,51.66967527442866
19260,47.66749689504931
19261,39.28182654434442
19262,50.514836611673694
19263,55.91641980619707
19264,58.09158869920518
19265,52.146718913166886
19266,59.612800945427885
19278,36.84879470488541
19279,36.47052594159324
19280,31.680476343545696
19281,43.38752913143687
19312,22.049131459289697
19313,31.16111821050938
19314,35.607760701651
19315,30.576864475104998
19350,48.25980551764269
19351,47.7726399799451
19352,43.77138607468549
19353,45.59499582611727
19368,30.980939857557193
19369,30.708192553133234
19370,32.4840779921508
19371,42.64827160663572
19372,40.61910838264809
19373,41.90846491673705
19374,43.21344537539943
19375,47.55944193768421
19376,47.64285204702731
19377,48.00526556377129
19378,44.09077220330267
19379,55.15331222167218
19397,21.442774462276763
19398,13.851425967875395
19399,16.518873155920435
19400,21.850280596152558
19430,19.18025666741641
19431,16.798623746852435
19432,20.962374338749047
19433,49.87721825115523
19434,47.93395482425782
19435,41.716970960887075
19436,29.666495881619763
19437,43.26148285815221
19438,33.12971828927341
19439,43.229870704774626
19440,36.20259886935771
19441,44.478469470062855
19454,18.676119738582013
19455,13.734062785503593
19456,29.265312658738548
19457,33.030153888338496
19458,37.68511409728872
19459,32.217302172548976
19460,44.83023955715589
19461,34.74144023808958
19462,38.951792818029254
19463,48.91878516640618
19501,33.222021699953864
19502,33.2517155021664
19503,31.80133298439703
19504,53.38444413453841
19505,40.949170424121014
19506,37.3825195040646
19507,50.27718428423038
19508,39.73542307765443
19509,44.428552923767306
19510,61.87025025111292
19511,58.40329781704182
19512,51.36236436426328
19566,4.100814222826333
19567,7.701954789068836
19568,9.891139217063293
19569,10.50946391628615
19570,15.83693170948057
19571,17.268055293673182
19572,18.119200968979627
19573,18.33745943376369
19574,16.96447508114696
19575,33.00496414573443
19576,35.429414291757105
19577,37.33564044933928
19590,11.739772216808596
19591,12.412987342433969
19592,11.067080531018258
19593,15.203293839696418
19687,16.144167142195457
19688,14.70999547068896
19689,20.810489263140056
19690,29.238842628195748
19691,39.01153458139937
19692,29.795266447327453
19693,37.59845043245254
19694,39.10402005740319
19695,41.30586603168894
19696,43.02237589620761
19697,47.571964142947365
19698,51.871486862388146
19759,44.349739292923765
19760,33.48108296834542
19761,28.599409896043817
19762,41.136879819063985
19775,47.589063222878714
19776,52.6599008603826
19777,49.50102000916498
19778,44.19031801233629
19914,11.08552109682163
19915,4.4126142274694695
19916,15.509093062017975
19917,19.982379238788113
19926,27.54574420124805
19927,34.893377472301225
19928,46.64091735827825
19929,41.41460180098041
19930,38.60694119966877
19931,41.17101809926302
19932,52.984885330857054
19933,48.42927954079792
19934,57.92573072935026
19935,52.82311471060406
19936,49.546786526882705
19937,47.35264673421161
20000,11.072362944293282
20001,34.27972057930961
20002,34.03083809206178
20003,42.37044997104983
20004,39.90239042611468
20005,44.40600738153243
20006,37.339915213957624
20007,46.91955090036465
20008,38.77891983648921
20009,54.40719596401364
20010,52.574275404887636
20011,43.87266724663403
20012,7.046067776387343
20013,5.130869706737478
20014,16.95088892434943
20015,14.85263573520707
20016,16.928728737897938
20017,22.853093689148274
20018,18.59024931832668
20019,31.280600808384232
20020,36.02386595590018
20021,41.15633036640634
20068,17.60472089050032
20069,31.277823776030772
20070,33.643742071858476
20071,40.3514190898249
20072,45.569788035276396
20073,34.073362176416346
20095,15.892041436981492
20096,16.355360144615343
20097,30.42459117967092
20098,20.440888284854267
20147,42.6288674526755
20148,52.73414337477359
20149,42.07994523837168
20150,41.01199572432468
20151,48.291751869180466
20164,28.495685059381643
20165,18.005890086274672
20166,20.93288605065787
20167,37.22759395197011
20168,32.30859231742115
20169,33.50381418024243
20170,30.521758878699163
20171,43.82870015087813
20172,39.77512554312877
20173,41.518349940306955
20174,48.91025185424557
20175,45.25287990965036
20245,9.794281742530908
20246,13.78518135195473
20247,17.262099194014112
20248,19.250616213170588
20249,15.400086157292725
20250,16.3049041800936
20251,18.92576303913408
20252,18.09437395434431
20253,22.783403136175377
20254,23.609345596334816
20255,22.22316262996456
20256,19.004732723429377
20285,21.01188380289007
20286,22.25584897912219
20287,11.435960335945659
20288,37.75390446936213
20289,34.89429878138322
20310,13.135280533931754
20311,17.969510064397877
20312,19.052554305254535
20313,15.895987608472037
20343,9.95566776904064
20344,12.038980532800903
20345,9.361972104035681
20346,13.057677719895302
20437,3.548524141434575
20438,6.284897749876926
20439,5.905477013902301
20440,6.761334096897472
20441,11.415781905621994
20442,15.698354486798117
20447,4.1421107282420815
20448,6.039545936698885
20449,8.02524798002652
20450,12.198440649093659
20507,14.745852846585667
20508,13.649229808044304
20509,15.256049575316233
20510,14.012599691120258
20557,35.34172666543641
20558,15.255090532354826
20559,18.95968026601045
20560,38.73473399676025
20561,38.97167457517117
20562,47.5305947988576
20563,48.3206173526675
20611,43.833656446060516
20612,38.47129512211495
20613,33.385848177375784
20614,37.93577527663485
20615,40.869904837690726
20616,36.14124047468471
20738,19.965033814837245
20739,28.37886433418097
20740,34.263483895572136
20741,26.91664754817059
20762,21.802455883014808
20763,30.771909533061887
20764,28.037459701424886
20765,17.3829772105404
20766,29.5615362976573
20767,31.97072146467635
20768,36.12867054668502
20769,46.35498170807628
20770,30.145959825355362
20771,30.8582047132629
20772,41.4827221749529
20773,47.305542427567815
20790,44.86484192037067
20791,49.558734402919605
20792,60.63351350844206
20793,58.09501643974652
20888,3.729356337780593
20889,20.187624935994428
20890,25.574814647757904
20891,14.946052548933705
20892,44.85732387099814
20893,47.14603169560107
20894,55.32009347500084
20895,48.56566220155221
20900,15.060130604268855
20901,12.800215883468468
20902,24.037725749106887
20903,35.01800427675984
20904,35.3145188181072
20905,35.62047537924862
20906,52.809723840464024
20907,34.065034297507204
20908,38.87155941965883
20909,41.02953409168741
20953,14.645614017002854
20954,10.928893059820805
20955,20.031093401783583
20956,22.1453474585029
20957,30.466192919473016
20982,27.65296639305708
20983,40.55464559795844
20984,37.29480349660411
20985,42.04579410141158
20990,18.25077653235571
20991,30.707510841743492
20992,30.75490244453104
20993,35.139049155536135
20999,50.39754014086013
21000,42.64891064274034
21001,36.75219002248116
21002,49.269889424948765
21007,19.981136372641235
21008,23.429942208797666
21009,31.33687181201206
21010,34.204513884889046
21047,35.2577885167528
21048,28.946441924586104
21049,35.53188841661133
21050,44.87279034936231
21051,40.07813656392386
21052,36.141041842949704
21053,41.11607510858521
21054,9.340596966435607
21055,12.562451398303352
21056,14.272999838791014
21057,16.19962383500984
21058,20.843323585389083
21059,19.683379608901035
21060,22.066872501678024
21061,21.905080389198893
21089,40.510054240348936
21090,47.53463777816214
21091,51.06872219135447
21092,57.27536988055854
21093,50.66023505925239
21094,65.03848113185137
21095,58.16945568587705
21122,10.720698756266897
21123,28.8854508264645
21124,22.676458727338503
21125,8.853054305298105
21126,10.641293585777564
21127,32.94718721128169
21128,32.770762181320094
21129,33.61428690010558
21130,34.7573483045791
21131,37.99971632565823
21132,43.07955451011301
21133,34.8925606351569
21189,25.574619905611147
21190,21.33336397824038
21191,21.269691170538405
21192,41.80555901795396
21193,37.08678549250642
21194,46.66751890312488
21195,52.611165068882656
21196,54.139791242678086
21197,43.087043682558026
21198,56.13431661325376
21199,56.081545476348225
21200,44.386640442810766
21234,18.32387489949434
21235,29.57958396099908
21236,32.21224493526395
21237,37.97979405774095
21238,39.590207966469215
21239,37.07928457627617
21240,37.417923157786305
21241,47.28217675260212
21242,47.25952795198643
21243,55.16562033194515
21244,54.74137295773022
21245,50.06800677020052
21246,30.827573870783016
21247,26.91006269715116
21248,19.312592521009435
21249,19.929881679542977
21250,34.15823114210725
21251,34.40134167658138
21252,34.13567762228519
21253,37.41243062442815
21254,34.87375765548083
21321,41.43883085581105
21322,33.54347467194704
21323,29.670732530884468
21324,52.59548093051045
21325,55.56355352435845
21326,54.823925188685664
21327,51.72130100597779
21328,59.876629118377146
21329,54.71781950134835
21330,53.59511051972316
21331,54.952142029606556
21332,53.97225406635944
21421,29.003649762873792
21422,26.865364268297753
21423,40.378472362691326
21424,32.86100223325388
21469,23.327421119224045
21470,20.04353844134603
21471,35.531235266753754
21472,32.57996845315003
21473,35.46815112542812
21474,45.68660557849801
21475,38.96632865039064
21476,47.48491384070403
21477,37.37625323350183
21478,51.07686776916406
21491,29.127650209858515
21492,33.58881086765139
21493,32.55080827967091
21494,33.28408566628032
21495,32.58818230661609
21496,42.39517018157025
21497,39.05320293290497
21498,47.54121380149589
21499,55.542127163956444
21500,55.31944195189436
21501,48.30760465055839
21502,63.42641831468515
21553,36.14226941206405
21554,34.134292220913814
21555,37.4960369256117
21556,41.58223442193154
21557,45.78180532823009
21558,51.44924117546887
21559,43.2275937164565
21560,55.763611980378855
21605,60.361640479576806
21606,58.89768512706597
21607,60.73688885493475
21608,51.611427369518516
21609,62.97164990425953
21610,64.1134139355543
21611,66.90226410074665
21686,17.926451693990273
21687,29.73415239797693
21688,29.73342453984294
21689,37.84935163299652
21690,20.63213047797562
21691,30.77986932684059
21692,36.84903080060823
21693,53.48891557778818
21694,47.26230311980059
21695,51.794843000462386
21696,55.191464547902115
21697,55.870589500272644
21698,44.20785434034602
21699,57.61466903350546
21700,51.832289023701954
21701,59.17295380659747
21735,15.515371854168162
21736,6.060948370122863
21737,25.683145003320806
21738,31.873721032200233
21739,31.772264455604045
21740,32.83841595285437
21741,36.309188158598474
21742,33.769724016991894
21743,43.247578627123914
21744,39.67391113036792
21745,38.31416403383654
21746,44.48736511018219
21840,28.440656754425607
21841,30.284620048532307
21842,34.232923315309776
21843,36.70024628366299
21844,41.819899307716476
21845,46.42139780693951
21875,14.073148159192849
21876,13.820741450676458
21877,10.803632787521233
21878,20.038674421978996
21879,14.812077359714614
21880,18.505621411993616
21891,14.301627379298969
21892,22.22185764742853
21893,31.551705671701285
21894,33.87353256038799
21934,33.29276276757555
21935,30.680809696794096
21936,12.780375103865788
21937,35.24555668447537
21938,46.54328554275043
21939,40.51183064575605
21940,33.16952999120701
21941,44.64358446000748
21942,46.10661945857385
21943,54.57989482476162
21944,39.742469676473604
21945,52.71245381233851
22029,58.674606199005325
22030,60.547440687844976
22031,66.52111215349639
22032,55.94120522593364
22033,54.94086084412863
22034,61.82803054546155
22208,41.18914243920343
22209,29.99829101556696
22210,30.016992495893838
22211,36.271363286554276
22212,44.12202430431985
22213,40.740750026649394
22214,55.057547487152824
22215,54.61664729418334
22216,43.81910782374306
22217,63.843306952417436
22218,17.375118605043593
22219,15.655446019569636
22220,22.50073147765572
22221,31.09269330399104
22222,38.1293412427727
22223,34.81618177128612
22224,37.520838480169196
22225,47.561388093511816
22226,43.737040606557116
22227,35.75833046218124
22244,26.247718309359445
22245,47.59234979231018
22246,33.45276930702703
22247,42.564228584903354
22248,32.87463849559548
22249,47.8377506491387
22250,46.822208790714996
22251,39.24975821244208
22252,47.513741262164366
22253,33.18680058869478
22254,57.370472600697674
22255,47.19051137663756
22256,56.084675671254296
22257,56.43978615327458
22258,56.150678616999244
22259,45.48289117937438
22296,4.152720292444776
22297,5.087238352598317
22298,5.585398753784627
22299,10.991057710578653
22300,7.829085533134995
22301,12.188130365115084
22302,14.55860498491437
22430,25.821606664279454
22431,49.3647428762871
22432,48.216424273151006
22433,44.917226733014104
22450,13.020815879995991
22451,16.94293584336617
22452,10.870685394724612
22453,17.736173733470075
22454,18.940247955235783
22455,35.47547743869791
22456,31.38220421499163
22457,41.64879314573017
22458,41.94096510503601
22459,42.495901140653444
22460,53.201916963959924
22484,42.77931498081195
22485,41.22791217621903
22486,32.50247572025259
22487,46.4347405054005
22488,46.08370928506822
22489,48.77350788930838
22494,23.22883337593923
22495,17.976468905854382
22496,10.144858304877733
22497,34.929244470038775
22498,34.967654525581004
22499,47.46355777733359
22500,45.39869526041911
22501,34.870078513513285
22502,36.855887364075194
22503,40.578325212495784
22504,44.44552736420514
22505,44.737013952499005
22518,7.4832250988372655
22519,14.174212635668935
22520,17.259913717825984
22521,23.18181432207267
22522,30.25629522554081
22523,34.32830676552389
22524,40.70829015002683
22525,31.72111715887589
22526,37.69279645633402
22527,47.36792136896406
22528,47.14203537040581
22529,46.11263214145017
22681,14.119062311236362
22682,10.81766258858968
22683,13.07455058667032
22684,21.54607716942117
22685,25.153365197091155
22686,4.35962922714087
22687,9.14032389798932
22688,10.422521789194827
22689,11.135605558404526
22690,8.442309198670987
22691,17.441908975656144
22692,13.190146818328564
22693,19.24989185817391
22694,20.898472918568302
22695,22.91801781644376
22696,44.01288674771017
22723,35.11326503479181
22724,39.53394212096603
22725,34.920583327438806
22726,53.91669993671226
22727,55.51729639639163
22770,39.805455356311604
22771,41.182711123502294
22772,48.00701731979152
22773,43.72785139541851
22774,55.637760480725916
22775,62.43499301182636
22780,27.20399058917825
22781,28.851461550761965
22782,43.9622403525568
22783,36.03318023806595
22784,33.11555204720023
22785,45.8130420068622
22786,33.688877736926955
22787,45.715542808141294
22788,58.6477527443663
22789,60.16519766205603
22790,56.688383595472
22791,49.010654622728126
22792,50.406527017403626
22793,37.51408447756808
22794,62.478242757031026
22795,34.72383057686435
22796,47.2275537200169
22797,61.669806964336175
22798,58.88889581601477
22799,50.13987716012004
22800,53.02575102571062
22801,69.58356650963958
22802,70.8739041258067
22803,64.74879877314189
22839,33.06006901111192
22840,39.44670555269203
22841,40.179048982809945
22842,32.87751709214782
22843,43.798068049522165
22844,45.257952519621156
22845,44.11829375698379
22846,51.18199544880481
22847,48.55511679641712
22848,52.348384494676544
22849,55.14502509809328
22857,18.630792713633955
22858,26.161382166037424
22859,32.22814457032608
22860,32.66897478643853
22874,7.788262060835773
22875,36.340928442475395
22876,37.716792915377034
22877,35.5054033328473
22878,49.76821476537595
22879,29.5940482876343
22888,38.623244196083874
22889,41.11610326270322
22890,59.30507673548891
22891,63.82868314455472
22892,58.15377765044048
22893,57.20243269939965
22894,56.93342724308055
22895,69.07042828629551
22896,60.95345917502551
22912,30.03334809525752
22913,45.894208729674894
22914,47.70448431815044
22915,52.48342904344109
22916,54.07842683062696
22917,54.61089668994664
22918,60.65214487388303
22919,57.03240318686258
22920,61.05689075513399
22921,61.27230366313959
22922,66.15920314533173
22923,75.45621788320409
22964,44.37390091941357
22965,38.810471749518435
22966,38.56968330377267
22967,39.521140113259044
22968,42.12623821384757
22985,36.86131975577881
22986,42.416475821145326
22987,43.84067503671544
22988,57.24267416519521
23022,14.244362718457797
23023,25.979618001328895
23024,20.081581772900837
23025,38.159877925937344
23026,39.748721072765534
23027,50.59732171014553
23028,38.08040097785343
23029,34.216305536004285
23030,35.982898329895555
23031,51.2934500095402
23032,53.58238227771382
23033,46.048678647012025
23034,42.20650235096996
23035,61.79863763069089
23036,55.290307848688826
23037,52.26339571862492
23038,60.011579018392176
23112,16.476383774370124
23113,9.09012511971306
23114,17.26144631479645
23115,20.528377142753282
23144,16.864911058858688
23145,37.041873145411806
23146,30.00832182375529
23147,32.667733832281755
23148,32.93087386486124
23149,43.297780010009554
23150,40.050006591359676
23151,51.089258032500176
23152,39.321374207994374
23153,71.36841492236796
23154,41.08096451800944
23155,49.578576346737435
23178,31.92574635042496
23179,37.838121902186
23180,54.751950983953854
23181,39.253550470500755
23182,50.56325115964822
23183,13.386435110423836
23184,8.758748475194555
23185,12.422204043339823
23186,16.312415696016807
23187,14.610645012695327
23188,10.49540056209502
23189,8.268455348968315
23190,24.811588560650666
23191,9.315119482211175
23192,18.360518301767726
23193,19.49119318803019
23194,17.204949418437266
23195,38.9144516080312
23196,33.0043336221442
23197,37.64650907016817
23198,37.26268816522678
23199,41.59327558837489
23200,52.082607106315
23224,18.193414370805815
23225,29.01917545066819
23226,21.365242961694708
23227,21.213382898484614
23261,24.449309704194544
23262,33.76368973171314
23263,43.40213456256924
23264,43.04585271711462
23265,43.76811196680153
23266,53.31963881751339
23267,49.4844222363544
23268,52.52037154395718
23269,54.54549407002135
23270,55.972706898806756
23271,56.33359256728411
23272,58.392933286753205
23301,7.559524303870447
23302,8.902363932319568
23303,13.020181267185414
23304,11.814288409118717
23305,18.7318354103376
23306,12.238258599230269
23307,17.638509644842994
23308,18.55323634406628
23309,19.145253827348593
23310,35.51425557054229
23311,34.821646342655704
23312,34.38709215832192
23313,32.89975411849792
23314,41.41991231071842
23315,36.37768578989267
23316,40.13557096741735
23317,41.92015866372163
23318,48.644846142024015
23319,56.408579273061235
23320,53.726615646375
23321,44.813762689705555
23322,49.50218684382298
23323,47.41668244943429
23336,53.18380822566628
23337,55.77139941145688
23338,52.88512555459273
23339,59.84309464796911
23340,50.08077798274385
23341,59.60648441723921
23342,62.02666126106899
23343,65.5625556375874
23344,65.47732670464146
23345,69.51061863637803
23346,64.75791449484915
23347,64.31451260900468
23360,10.30074676272144
23361,14.536031507203672
23362,9.803469008421686
23363,17.12709529467621
23364,17.092344394014084
23365,16.501763530272378
23366,23.34249648370678
23367,21.424326500614477
23368,42.14919501168515
23369,41.68151976885896
23370,44.3989948192424
23381,13.846215399093092
23382,18.164964206281077
23383,36.38231689855648
23384,41.44013253623487
23385,31.000240052814327
23386,40.92857255191776
23387,39.5065777674449
23388,47.59648551306572
23389,35.74105381689547
23390,45.65797579811055
23391,50.98854728004796
23392,43.8908156824344
23442,47.251247063738425
23443,56.279833531693185
23444,52.10384439991731
23445,56.08994894215067
23506,25.428831862658694
23507,14.078806757263173
23508,24.440601268024363
23509,28.412290742991807
23510,33.99443803609948
23511,30.58842456735423
23512,29.872987035627872
23513,45.06432167732482
23514,34.31584099770691
23515,42.95053056970179
23516,50.98048059091539
23517,57.3901562810782
23552,19.19415203793442
23553,17.74375822987371
23554,31.453163773014438
23555,35.465400490047436
23556,34.3607045203017
23557,40.48858177745294
23558,31.41064937686528
23559,40.44080288093151
23560,34.17164926891283
23561,47.646604852315605
23562,40.73300197870706
23563,52.40910960602017
23564,65.91370724983436
23565,45.1430543181587
23566,34.455384216951664
23567,40.742503936474904
23568,48.352194197352844
23569,53.27794637689849
23570,56.15963080119705
23571,53.569429888770266
23572,53.044509277794816
23573,55.06729598306485
23574,60.72935351939728
23575,66.98287067089137
23604,19.633878417278034
23605,19.051327502946464
23606,19.00734427328474
23607,20.81433303345183
23608,36.53459331947945
23609,32.67073657799299
23614,28.82562743273587
23615,40.35983035056814
23616,28.954212426305123
23617,37.11607312984712
23618,55.50664033454685
23619,38.82985765164403
23620,43.98649683376987
23621,49.420837475138306
23622,55.07627259871118
23623,55.40497631045897
23624,50.99537816606661
23625,52.07405955502987
23655,52.201719650873535
23656,44.16960806859948
23657,31.610411991881406
23658,24.633629169879132
23659,41.07893209965265
23660,40.677339467055035
23661,52.274166471342
23662,49.060368856674515
23663,43.36664597733064
23664,40.72734753553045
23665,44.26391379149924
23666,51.98853426517406
23667,29.253941271446195
23668,15.144190252319685
23669,16.54683268944439
23670,34.27876717698684
23671,34.01469327085967
23672,40.227961261371995
23673,47.20923813589384
23686,40.995878758535085
23687,32.513727982927215
23688,44.23385678631619
23689,35.22724426107154
23690,39.08216665176071
23691,41.07298121606257
23692,35.129872296043004
23693,41.25157473758036
23694,41.57399328172483
23695,54.470128987621045
23696,43.59249428577287
23697,49.896115194179046
23711,42.00989713425155
23712,42.868856207385306
23713,42.06513486270257
23714,45.86044374870567
23715,42.79324376721547
23716,56.350376600279425
23717,60.35191501723008
23718,64.03101192988215
23719,56.1369942436216
23720,66.3198959320443
23721,64.21198322386982
23722,57.626433980118186
23809,28.034332835631098
23810,50.58415122632055
23811,32.33829211501064
23812,33.282873615869065
23813,56.45761157048146
23814,35.69635131437538
23815,36.289970161914574
23816,39.65150665732623
23817,49.56381740056391
23818,47.46127174664351
23845,31.78859314444347
23846,36.642111019922865
23847,33.61812474949515
23848,49.14465645181414
23849,49.87649408405632
23850,52.12359656083698
23851,46.757560863441455
23852,44.24467835125188
23853,59.60606232125315
23854,57.06775059290197
23855,51.549108245858
23856,62.81627352020979
23890,21.36081733718441
23891,21.18577903907785
23892,21.613853510114726
23893,39.1883142358554
23894,32.68803871218398
23895,46.60061493187684
23896,59.01910774048847
23897,40.01084262639364
23898,50.741553451679124
23899,46.63400565266651
23900,54.16787023751118
23901,65.52081358032315
23946,45.409846763646584
23947,30.391360555607864
23948,29.50752914519652
23949,42.92468654062115
23950,43.80573366933605
23951,40.37852432164961
23952,38.01643648219755
23953,43.462909938387384
23954,49.09675417526196
23955,47.090614630996356
23956,47.16981918156913
23957,45.94888550696479
23958,15.761615262697138
23959,13.396856335175473
23960,23.51411770397485
23961,32.13652322027442
23962,32.4434119651809
23963,40.412559654074805
23964,41.38931067202409
23965,45.67371838965994
23978,9.592238924729147
23979,20.985042388664258
23980,33.00659765302154
23981,34.450821108878834
23982,37.27958288476828
23983,42.43721554424969
23988,20.42124555238779
23989,32.45401718016595
23990,36.96852288101943
23991,46.01425090142093
23992,45.425319674839
23993,36.37205949866316
23994,41.7382371378677
23995,46.25444705568889
23996,50.46518639019013
23997,47.54407315786809
23998,60.72569310538761
23999,35.520411365710224
24034,9.72239410748127
24035,28.04307309064564
24036,33.99950326100146
24037,30.758490578778233
24047,29.37674786729741
24048,26.164431353772155
24049,32.68842479532898
24050,39.899222044744285
24051,32.422906088171466
24052,46.70294905385568
24053,35.71913371791128
24054,35.32901891875248
24055,46.12147036319544
24056,48.76558876611346
24057,48.932353164861425
24058,53.40068049443112
24147,20.066638898265623
24148,29.026433081988458
24149,30.775897506071686
24150,36.399452887311305
24151,39.443825778694034
24152,40.6980926081459
24153,38.689787075544835
24154,36.543316651186856
24155,38.3982796942436
24172,27.83970739469549
24173,32.84273828176291
24174,36.709040841888694
24175,37.452387542100084
24176,31.499814710391668
24177,51.30890355144566
24178,37.21907305548387
24179,38.85027536133561
24180,45.76044655169555
24181,49.206830354067286
24182,47.43415722768559
24183,40.872203374239845
24184,22.76943086055923
24185,31.60455631944624
24186,47.8481325321462
24187,33.16019842709105
24188,41.177227503837884
24189,52.035079700416254
24190,36.26914730125997
24191,41.738377721427206
24192,46.859538062290056
24193,42.97643519597719
24194,63.813567595406624
24195,58.73696394422135
24201,12.804153348145634
24202,15.27666293901738
24203,11.687706981774708
24204,19.39118462490304
24224,32.39889654151111
24225,43.110091808292424
24226,33.006288173794026
24227,46.73199862889152
24228,47.43848327557955
24229,46.16855376243799
24230,51.33319843534206
24231,54.748628303782326
24232,51.061744526973904
24233,51.824138212509894
24248,3.748097682419907
24249,26.157391010288027
24250,11.711485009431
24251,17.034037210608496
24252,32.23740780971785
24253,30.86905408871271
24254,48.2421701336812
24255,26.687064765790534
24256,31.19498170328595
24257,42.66597919462865
24258,35.415284076486465
24259,32.97105772863071
24260,60.27051746241663
24261,49.25235768288228
24262,50.49439061752722
24263,52.42805531062804
24264,40.75311661308216
24265,43.290908296958165
24266,57.83641445631663
24303,15.481624321472884
24304,10.339421319834868
24305,20.43474774381877
24306,16.12838523645635
24307,22.428621384083222
24308,15.999134505559143
24309,38.18039792286202
24310,35.21982394339811
24311,55.8685530795209
24312,38.128805741932794
24313,46.174162526650676
24314,46.0033079419161
24315,43.86257540203545
24316,46.15107460144599
24317,41.63043583532948
24318,53.31087326120683
24319,72.97214158125465
24320,44.393479038248145
24321,47.40175997389745
24322,14.84553474837825
24323,23.26310261356453
24324,25.83441440074966
24325,37.04609973087132
24326,35.37906192862133
24327,28.820018164157577
24328,44.26617878173402
24329,41.135946021944044
24330,31.082719176105712
24331,38.843083039837666
24332,39.16526270170389
24333,45.7146898996111
24334,41.133055912959975
24370,18.877171336956597
24371,20.386209462136843
24372,19.697424825404095
24373,30.73457068302427
24392,31.568613571509474
24393,39.52989799376562
24394,42.4833246123733
24395,43.01235660533153
24436,19.79029501832538
24437,43.28859042855925
24438,28.149926394798182
24439,41.853574724980035
24456,28.115295738298173
24457,35.187675369691185
24458,46.707095980106494
24459,37.34022551736176
24492,22.137032754405414
24493,38.832076167234625
24494,31.126163038612564
24495,34.27835203712065
24496,37.93922369518013
24657,46.50213902185732
24658,55.034047721508735
24659,37.58012606756382
24660,42.77434405687667
24750,17.684871468555905
24751,23.026052364621034
24752,11.497204539181848
24753,30.88199482493795
24754,11.859390481344622
24755,30.870350029256553
24756,29.927659770336803
24829,13.28665922951535
24830,21.758926828298826
24831,19.20945637617787
24832,32.87836192772242
24833,17.6573503809498
24834,27.86086249630624
24835,26.109755721449606
24836,31.414471265069704
24837,34.23049154415301
24838,35.614438803253066
24839,37.139668308832185
24840,37.686518001021554
24841,40.9940136410293
24939,37.811641698523495
24940,41.48769643995101
24941,35.845612378313774
24942,48.47714280461289
24943,36.51137710491874
24944,44.43651712471915
24945,45.75412430179835
24946,35.32731531019347
24947,52.54374405721065
24948,57.79623089512541
24949,51.686516312481
24950,51.2970244496344
24989,17.213084129442223
24990,34.80943609264127
24991,37.082275099765695
24992,42.88031817564006
24993,41.129261447183765
24994,37.7017864495284
24995,36.28458402241217
24996,43.240315116527405
24997,42.996937317122715
24998,34.806088163068495
24999,46.33593680419549
25000,56.38965299559241
25076,51.53169059970205
25077,59.1569639180702
25078,63.78408743599806
25079,60.21240177511304
25080,58.217652153277434
25081,63.558280968650855
25082,65.09236346860023
25083,66.79963982922347
25084,64.25971768784689
25085,63.979484964280005
25086,65.30517173128561
25087,74.37970634885112
25144,47.5922432734279
25145,37.78662903035617
25146,58.60422927600719
25147,51.936064401101085
25148,63.33090010340991
25149,43.00674017170958
25150,48.63395803358407
25151,45.155893728962305
25152,58.310177875969174
25153,63.441453306241016
25154,62.476860530199495
25155,61.029980149122856
25182,30.781608710903456
25183,34.94147487003611
25184,39.146767369793146
25185,34.10439302445029
25186,34.66704054787099
25187,36.10211519635319
25200,28.478783502879843
25201,38.67615869426284
25202,47.45931276583705
25203,55.780106204399175
25204,47.772621598112856
25205,59.828528674644126
25206,19.48245540544484
25207,13.830374760157653
25208,21.563406581945753
25209,16.73553719940957
25210,14.581855397167702
25211,34.292301738379706
25212,32.45546070724578
25213,33.299066274875265
25214,44.87364477999719
25215,34.69743996028851
25216,43.01619059913237
25217,48.428805844771496
25218,16.016867400298416
25219,21.047031403163714
25220,12.64922440347193
25221,12.606323673374924
25222,22.8673897641344
25223,17.3858766774667
25224,30.937191717048766
25225,34.88836369015583
25226,33.794746318143126
25279,3.7190327715141573
25280,5.696426447402586
25281,8.430017295913428
25282,9.654292503338839
25283,15.305963751262473
25284,8.355198436622503
25285,20.706335708198694
25286,18.3935129135144
25403,30.274493812919197
25404,26.06689729775733
25405,28.51455094746045
25406,36.14490934958287
25407,32.757491997582875
25565,23.671993014547088
25566,41.48786804875406
25567,35.93096153527518
25568,31.40093063055682
25569,36.739066787144964
25570,40.42130503532938
25571,45.95908520756986
25707,15.116008312033392
25708,22.014460952414044
25709,22.79550162744577
25710,14.384901794738566
25827,18.480730173913827
25828,16.48773705087463
25829,21.14710762631154
25830,13.447794586094055
25831,19.727109336645444
25832,20.215811698837825
25892,29.092026141215445
25893,32.04099073946611
25894,33.26843718960736
25895,35.699320806778985
25896,28.236537677241213
25897,28.00116884205232
25898,36.178619655678844
25899,29.60987788148369
25900,38.7569307209846
25901,41.8128134209864
25902,34.589394507219694
25903,41.587798736814584
25904,37.237860089681334
25905,61.97709492117192
25906,53.6783718804359
25907,48.6806564616536
25949,45.02813940478297
25950,35.753898132960394
25951,39.32459075689999
25952,35.576733252448484
25974,18.569453741412268
25975,20.727464301229272
25976,20.820924276002312
25977,27.33094549265902
26011,29.082156648502394
26012,32.34659122062739
26013,31.62493693431051
26014,52.27919027783948
26113,4.818625796123067
26114,8.607594864487304
26115,9.35649149097884
26116,9.80053057285338
26117,12.956559528887235
26118,18.80625601273027
26119,13.64883475608661
26120,17.29400099082759
26121,21.191323789863265
26122,18.406919692647442
26123,34.563327567089345
26124,39.13687515706638
26140,33.552310364992174
26141,49.993146899195246
26142,46.99805212083395
26143,55.45638701838489
26144,46.95379782658062
26145,61.56276712419276
26146,42.390325242943376
26147,67.71945039643307
26148,57.06015208208341
26149,58.7208961948821
26150,60.579233177124834
26241,41.275553877928594
26242,54.542200547061704
26243,40.66019331396707
26244,49.08967118077902
26245,53.48715851368426
26246,53.4388349697016
26247,60.24827424791753
26248,59.594434126303895
26249,52.62844583733376
26250,57.9510990655208
26251,56.033969206366585
26252,52.61841307194438
26289,14.455187263083369
26290,23.145691569975824
26291,16.081287309817707
26292,31.485455958201985
26293,32.97850846596389
26294,37.15768770667432
26295,35.56350370450219
26296,40.33426799599313
26297,44.94303010224144
26298,40.55901758352244
26299,41.16038336753651
26300,41.275644564606274
26315,34.19811541753119
26316,30.023991430900843
26317,35.2164545456397
26318,33.44596498653892
26319,44.63137343610644
26320,42.96435176904685
26321,47.73725883970825
26322,49.543503134532756
26323,44.765247627531856
26324,37.680786421933554
26325,54.91305048428781
26326,62.13336431750927
26455,31.23000694181965
26456,22.67497597927039
26457,35.42225079951205
26458,44.111983717003774
26459,23.707251208233917
26460,28.63162564615151
26461,29.13569019928594
26462,30.458840685441857
26463,36.26626022414603
26508,21.21369511244644
26509,26.569149208479644
26510,22.618547647920963
26511,22.927453449575054
26512,14.368690503977195
26513,32.14723413377473
26514,31.40764625980691
26515,30.77013751169455
26516,45.938530903127145
26517,34.09597028960537
26518,45.360275101392816
26519,37.54380962070686
26520,20.733862838500695
26521,39.204136507858436
26522,34.09954809216206
26523,31.068460840073527
26524,33.007320951093014
26525,37.60637234337132
26526,44.467410325126195
26527,35.24053393982916
26528,42.55586372707028
26529,38.785162470830194
26530,49.817356614489974
26531,57.985876804510845
26564,20.32935531511307
26565,23.082994206540203
26566,35.622706809221114
26567,28.003409395334184
26568,34.48639387828085
26569,30.281377071301925
26570,38.36334344128595
26571,48.0682957721768
26572,36.78131513506168
26573,38.870464451955634
26574,42.25793947141656
26575,35.09567765397719
26576,2.8817589368584646
26577,42.01277344722873
26578,37.36425641656956
26579,40.37795760523597
26580,37.16082222907864
26581,49.41432080233448
26582,59.13340276977997
26583,42.54604416719995
26584,20.387653005856922
26585,19.68815407963555
26586,21.04376359975463
26587,22.909716728660467
26629,21.16760087239589
26630,14.346757372275077
26631,15.792299539774747
26632,18.982681944918337
26633,22.733813697555558
26634,34.679061948260454
26635,35.02912220003546
26636,39.559857915593746
26641,34.05019401606166
26642,47.6309029072261
26643,41.325862026286906
26644,38.1698028928743
26645,47.13830674377252
26704,20.666387338731017
26705,8.40149072591479
26706,20.106037395406997
26707,43.32039965388258
26708,44.53277244781306
26739,56.140337701480476
26740,59.41864710660087
26741,50.419689337467965
26742,61.967284299533496
26779,12.847126681556503
26780,25.78926473048431
26781,29.302180931470847
26782,41.51229662387616
26783,33.7343722411589
26784,46.37152911312425
26785,47.9572095425751
26786,34.14929374929952
26787,33.07783728981969
26788,42.98110473196097
26789,47.76048318556157
26790,48.2500928073218
26819,36.888580066922216
26820,48.745477913284354
26821,62.16832349229942
26822,50.3760118908718
26839,40.37730936144853
26840,41.19355934168568
26841,38.01447613004014
26842,32.39398146631861
26851,24.996563861723306
26852,28.628220335908654
26853,31.06182767886628
26854,31.4386126940138
26855,36.450358257947805
26856,41.050839394602285
26857,35.6522607871975
26858,37.08505610090952
26859,58.34494016785216
26860,44.64767462075583
26861,51.19608509367228
26862,55.67177903826704
26863,30.874412693235204
26864,29.550730776752108
26865,32.93657153791683
26866,35.67537420674617
26909,4.874512532566196
26910,14.532818457374013
26911,18.254410217584685
26912,10.542988642440942
26913,13.290448159092218
26914,19.150896964753283
26915,13.848061587052443
26916,31.668993576997508
26917,32.36834484973602
26918,35.56021102670282
26919,37.30132292751765
26920,50.615579257572016
27006,34.381844069985014
27007,35.08971490641078
27008,39.00673956782571
27009,40.82695944424381
27028,9.165328497730867
27029,22.88865643382445
27030,36.102841983285565
27031,33.45664656630152
27047,33.24869535516411
27048,35.073169976722504
27049,31.548871467928755
27050,37.84895898066424
27051,38.97011398759394
27052,38.889965474195094
27053,56.1213576974213
27054,45.53842222435486
27125,49.05572896398096
27126,60.612680458837595
27127,44.77024141310045
27128,39.37600022488483
27129,18.911681133901183
27130,18.412958594138367
27131,36.58337559905503
27132,31.408498454917396
27133,38.24933355568167
27134,32.36989845560847
27135,29.142416931098516
27136,41.20546705508271
27137,35.408742785810055
27138,48.48076440202912
27139,52.93897978887626
27140,52.05323751312624
27177,33.00010243983156
27178,37.12579856429605
27179,48.81829195194966
27180,49.16734866807091
27181,42.72227082711611
27182,42.31890822995166
27183,50.45777190641457
27184,49.12351544302762
27185,55.54671776029447
27186,45.9821159839464
27187,56.85299198128841
27188,55.92290523420977
27189,24.980475181680134
27190,36.72578408450861
27191,31.049844026615343
27192,31.80356594817133
27193,33.70867865933808
27253,24.174748735120552
27254,13.127375792751572
27255,19.622819798758687
27256,29.925972484099326
27257,33.23206350121025
27258,29.496148811963167
27259,34.1686778591543
27260,34.06729675472972
27261,19.227309430687555
27262,32.26715518545811
27263,47.08518601950273
27264,35.40207624849783
27285,47.59706249310431
27286,51.687576319065606
27287,44.060277704548724
27288,43.89207852827517
27289,49.69341152110545
27290,39.31113221694651
27291,42.509547899806414
27292,50.09822908196227
27293,54.375326657390254
27294,61.70246548660822
27295,51.06768856687134
27296,51.228178209327645
27349,25.432082044801952
27350,21.184782963857348
27351,28.513292023424093
27352,32.796793870913206
27353,44.898370434714366
27378,28.26936356531365
27379,31.56969107986616
27380,41.676361949897135
27381,51.879441069370074
27382,47.361318686454396
27383,49.32342110607634
27384,49.80992304014248
27385,53.65617479225763
27386,50.58298814508703
27387,51.667061436269776
27388,56.75454157497759
27393,43.92863332238836
27394,52.8668369230345
27395,39.07837237291647
27396,44.48136464829409
27397,46.84035942482204
27398,40.95942619892741
27399,46.5847541974883
27400,52.06556875191995
27401,46.19775818709966
27402,42.72184279404636
27403,48.61051933407772
27404,50.25471500552494
27425,29.415402635742726
27426,30.598204745010563
27427,38.11242720876492
27428,37.11445375445153
27429,32.64013934544853
27430,49.55161267113618
27431,47.949588302702296
27432,42.74505314352936
27433,19.75170268863535
27434,40.822751455014554
27435,33.466737692434926
27436,30.338282198851157
27437,34.26320110930107
27438,38.1129866673698
27439,38.7339794803925
27440,49.527065275864786
27441,39.21396867379501
27442,34.00959630603679
27443,53.57378463693487
27444,33.881128258608406
27445,49.87445990421768
27446,50.56068517154752
27447,37.52206222877835
27448,44.87510339577407
27449,39.74211182029765
27450,55.0349401455282
27451,55.26261452118507
27452,49.63040996980412
27453,57.78072671482215
27454,8.566025101537946
27455,16.967159036995106
27456,11.612658219372504
27457,13.938676423868513
27458,15.56676044107106
27459,14.431128078049467
27470,31.832135564963465
27471,29.638070500369757
27472,31.395503288307417
27473,34.123239279922494
27474,44.92570137437308
27475,34.151749457322765
27482,28.922280626029757
27483,45.67395231041459
27484,60.28243938688174
27485,48.15904078257479
27486,58.37280370663956
27487,75.67976166725006
27488,52.30444979055553
27489,51.36925055749358
27490,62.14659036273715
27491,57.88633807056912
27492,62.40147420247999
27493,60.70575514824293
27500,32.63134835606193
27501,35.863123254082566
27502,61.67222978760437
27503,58.06493756705774
27504,52.368887162111655
27578,18.951445109514914
27579,33.86319253309169
27580,46.53699949455445
27581,42.540512685956664
27582,38.55441052039104
27583,39.26370072887319
27584,47.72705974901877
27589,56.33608209314417
27590,53.77425144971937
27591,66.56077693518174
27592,56.01874423759311
27593,64.04478483147774
27594,54.613020667796235
27595,63.933640090305516
27596,61.2047414030351
27597,65.52937822471449
27598,67.23321445501954
27599,68.10658972823616
27600,63.65697397510258
27719,16.473043563855615
27720,22.994757595003954
27721,34.22456889508283
27722,31.150405429732842
27723,34.23674029084098
27724,40.47382441532342
27725,44.443838164098366
27726,35.13469473891835
27727,48.97452540203428
27728,50.12760250024642
27729,48.76854510344781
27730,40.30353711740807
27795,39.41871487636205
27796,36.083840663273264
27797,56.37050049996469
27798,53.342385064437636
27799,52.429260589579364
27800,63.13246258664777
27801,56.36513457670508
27802,56.901737781642844
27803,58.10337982484775
27804,63.58697024393204
27805,63.140737472996115
27806,64.42689635606324
27807,21.98400295608931
27808,27.14783208057944
27809,35.02664253552288
27810,30.91898091515241
27811,32.69137386347798
27812,45.12697913704649
27813,45.4993058424517
27814,39.223491336927204
27815,59.92315438579692
27816,41.66909615052599
27817,44.54835632855165
27818,55.34238459007914
27848,14.009499571111032
27849,19.384599930639965
27850,19.946136872139817
27851,35.21407288900691
27852,46.75469125937535
27863,36.80616365033085
27864,43.4099748144291
27865,54.325503265152726
27866,54.6624462498632
27867,49.2777906635343
27868,42.495177694700075
27869,50.675783616364505
27870,58.15882040850024
27871,65.207632336087
27872,60.90344370777874
27873,60.70955884309903
27874,59.257962073804634
27898,22.09825541515125
27899,40.49682486000623
27900,29.533454064666543
27901,46.43706797877384
27902,30.949450145945736
27903,30.69613820727095
27904,36.50322992587608
27905,52.03175180589638
27906,43.209862807190056
27907,47.81184972603579
27908,42.387593289974
27909,50.520947184068405
27933,7.962344350460482
27934,5.977829248091783
27935,17.739470585844153
27936,12.289217174456017
27937,15.86570065609124
27938,23.00403322817881
27939,14.151610026329921
27940,36.521771224538796
27941,44.301528089023186
27942,38.62901488655593
27943,39.50558498494159
27944,38.59225471178554
27945,35.18591830894556
27946,53.33941843378217
27947,39.27839163314706
27948,48.41645131445317
27949,39.615215679727015
27950,51.15094901783477
27951,47.80546702259773
27952,51.969142937775615
27977,64.36435666508511
27978,47.41623761233791
27979,54.624791651623646
27980,64.20697062050078
27981,51.797047720944995
27982,60.643319809099275
27983,67.33210639621606
27984,69.55202307514311
27985,67.57912146432881
28002,45.81528144389421
28003,27.596728223686164
28004,39.96413312870225
28005,33.213764288819874
28006,38.53280355115454
28007,49.1847262572668
28008,47.89879235240665
28009,55.46885252725887
28010,49.23301351970678
28011,65.4914557457548
28012,56.831167653962375
28013,61.15642492760875
28037,41.27832046318964
28038,32.236896895791574
28039,37.57178641305505
28040,40.459710576321456
28041,57.68929386013133
28076,18.68730989125474
28077,26.550451924869026
28078,55.141870732892954
28079,46.69287456562849
28080,44.93725361159984
28081,50.49217856087367
28082,50.70083961605338
28083,56.30870018629308
28084,52.6379104835027
28085,54.836915880660705
28086,63.61723596425826
28087,64.88885799555558
28124,41.98538070914026
28125,30.93928467198242
28126,39.73773974826732
28127,46.13484330890422
28128,43.86620287611843
28129,49.318035732846596
28130,52.607391493620035
28131,62.06775875964214
28132,62.294999248136016
28133,57.76923371714581
28134,67.38769671414943
28135,56.84585970707893
28169,29.35306600770993
28170,36.82134009788574
28171,34.148160484806596
28172,42.06356130133811
28173,39.09886831196629
28174,15.203784973574443
28175,22.886218388526824
28176,46.28214394710811
28177,33.9091292870746
28178,41.630571138667506
28179,41.048738296441165
28180,42.75777698298642
28329,20.52967935893865
28330,30.47670203349868
28331,32.610132539861965
28332,33.9393446434776
28371,43.464204974858646
28372,57.686830235915174
28373,57.424865285624364
28374,60.368787558065414
28375,65.34307569547238
28376,63.06615351929287
28377,61.809154288756794
28378,68.14073715675569
28379,59.872629407839625
28380,63.89195255014087
28381,59.42553448970928
28382,60.2567096600315
28399,46.18589818934958
28400,42.82886456275639
28401,47.04565810990381
28402,50.414458521833375
28403,58.77299196416418
28404,49.42917058770327
28405,60.14706095891902
28488,44.705215054955666
28489,54.827021355226144
28490,62.561139543834926
28491,58.328631044149105
28594,23.85546261538135
28595,40.835767697328464
28596,32.851574637893776
28597,32.60169808492581
28598,37.724974442461196
28599,41.78278834924316
28600,46.80955542150803
28601,40.478924788403155
28602,44.65756851527459
28603,52.05009421993241
28604,51.45421210323096
28605,57.88689497039579
28618,30.330071321440286
28619,31.079539706976337
28620,33.22313731275824
28621,39.7648007073496
28622,34.254464465470036
28623,4.143200821386257
28624,5.389742092312916
28625,5.6257658792940815
28626,12.199716517810717
28627,15.969259088257568
28628,14.501266209019578
28629,18.062456377023818
28630,18.16419934300118
28631,17.012777277173786
28632,18.064157846751353
28633,30.298548611281962
28682,19.223334911030694
28683,11.328129168063041
28684,17.91039897907344
28685,17.888238792621948
28686,15.956044778820441
28687,23.20395857368619
28688,30.093158764812465
28689,42.5018455886075
28690,39.94256062509799
28691,32.660715010642754
28692,46.29965501643552
28693,53.31463876037196
28711,5.332183393874008
28712,14.679932765300807
28713,12.404917397168344
28714,17.487140094858052
28737,19.448374487192226
28738,31.519717310639674
28739,31.659277754957863
28740,32.7041108691784
28741,3.5315851598071912
28742,8.406382708774887
28743,12.497215361210632
28744,14.746993519777552
28745,40.44521246982013
28746,54.97872473714407
28747,40.183543218599794
28748,56.98207612721117
28749,41.31670044499941
28750,57.56032488940803
28751,62.56052350763854
28752,53.95296325144041
28753,62.72833945625051
28754,66.8610644222968
28755,63.903309414814196
28756,66.10492943359151
28761,20.711751595497834
28762,38.872724996474425
28763,39.721162827396185
28764,30.515000858756153
28765,32.77124523273064
28766,41.2513496342442
28767,47.93705317605252
28768,46.77961907068915
28769,51.68870863102093
28770,44.24149380196624
28771,52.34309668203724
28772,58.51035585990809
28825,18.506969519316467
28826,22.30073047752914
28827,19.879462082647223
28828,34.809571640583314
28829,40.46909676350243
28834,25.97136197374626
28835,32.66992247321043
28836,37.04170213461318
28837,33.35898968994946
28838,56.00207489605135
28839,41.37825936373052
28840,48.991594760666565
28841,45.21854499628059
28842,51.48531023119532
28843,62.98651975587649
28844,22.563022508423654
28845,34.94397807114175
28846,37.217425862186474
28847,38.6416293684393
28848,54.14728964767287
28849,36.7811050538001
28850,38.27894816204917
28851,39.073665215842446
28852,43.57747090857942
28853,52.93163868466795
28854,53.56195195346804
28855,59.196404689054944
28901,32.017829942556844
28902,22.783462654866415
28903,24.06658099337175
28904,19.43125773070395
28905,35.5494349113294
28906,31.38847864186534
28907,35.908959592812295
28908,39.74380839192886
28909,41.63894398208982
28910,47.14372660858408
28911,39.755141933177505
28912,42.40540113925469
28913,22.059748326093825
28914,25.56017188391332
28915,33.72512300911759
28916,31.213263457108965
28917,30.27126332746616
28918,39.60733858203684
28919,38.365298451845014
28961,34.93498368598297
28962,41.11598270161389
28963,49.47141092250648
28964,39.27866690493723
28965,40.637174424471866
28966,32.681486051977444
28967,46.477163095721295
29047,24.522257536859016
29048,31.648202385659463
29049,25.43750064287955
29050,19.674098431716963
29051,25.833856305296592
29052,32.14623061621561
29053,31.403775483660084
29054,49.5483569517424
29055,41.48419583232528
29068,18.546812924056216
29069,20.462974733562255
29070,17.56145435063938
29071,16.376262929771432
29072,31.503692147025465
29073,38.19371960201282
29074,36.592226803840695
29075,34.86144102549011
29076,33.57982910050008
29077,36.12129796074948
29078,34.88306160551016
29079,45.885673951292695
29221,10.619271273593034
29222,19.625348096160504
29223,16.781540582685224
29224,10.2693590430897
29225,18.648673897979478
29226,15.062432040992002
29227,26.071010169326506
29228,35.21241462801331
29229,37.77433945490567
29230,36.776381515622745
29231,42.10164028635995
29232,47.69690214765057
29341,14.007901221834567
29342,16.725686488860834
29343,26.025839890902095
29344,15.308075792997322
29345,23.589133770206224
29346,17.385208414421754
29347,14.645917806611752
29348,32.863124868579646
29349,35.3919577578639
29350,37.742649963161305
29351,41.56149712899391
29352,36.130462064342495
29384,52.86750414387265
29385,46.44404470770783
29386,50.13072353860169
29387,57.630621937717
29388,55.50644857300845
29389,60.54772164175049
29390,63.431401473415136
29391,63.35055935610821
29392,64.43602258958418
29393,57.58281997109333
29394,58.96749744158324
29395,65.55242194026553
29417,52.525281834106096
29418,61.87497881792329
29419,43.48536032037438
29420,46.1468316504987
29463,32.21730195901273
29464,37.999404003277085
29465,40.26718415704316
29466,40.17276838086501
29467,39.80504388632754
29468,50.351425448130215
29469,55.110802473325165
29470,50.085373328830684
29471,43.16984485007109
29472,47.99750689094254
29473,48.36404827422129
29474,45.01903866631811
29475,27.251765831955854
29476,29.647118027722257
29477,34.09965421751666
29478,31.328904618706876
29479,39.81986346688876
29480,39.114733621686895
29518,52.54215588284738
29519,50.368184991671875
29520,57.54813219876625
29521,58.4920913977008
29522,63.34157564542581
29523,53.50936563421642
29524,67.67138661654089
29525,64.48455090936237
29526,67.24841846899618
29527,67.74226022889233
29528,69.3889301451118
29529,74.74650779998397
29557,34.065278933736394
29558,38.4424665995395
29559,40.021224610817896
29560,40.24120740541211
29561,53.0784315467344
29574,20.69083545520211
29575,43.98605365261686
29576,39.72808055289267
29577,49.38390770413385
29619,47.184792307299546
29620,40.55824603608254
29621,49.04593931704285
29622,46.863285844167045
29623,42.57074766000864
29624,44.55976979707922
29625,33.71398906793385
29626,43.08379197516086
29627,43.84820573876529
29628,58.332875931904965
29629,55.91700017281119
29630,44.49016418373679
29635,22.715241767241405
29636,28.61618071996535
29637,20.740319954082963
29638,33.35343775023051
29639,27.527549537335762
29640,42.55390424702085
29641,34.98690087671628
29642,43.27182124966094
29643,42.07583179080031
29644,45.862658251641136
29645,46.3599186337463
29646,43.4172952696234
29687,52.59721355868783
29688,39.42573228327085
29689,49.00931080667166
29690,52.95417341667509
29691,57.440106613396686
29704,27.65823507794393
29705,33.229454576300206
29706,35.438888235718025
29707,30.605161784837797
29708,36.08465541709743
29709,37.67688629218212
29710,40.296392216227524
29711,46.499150240076986
29724,8.305435016851321
29725,14.924620110138166
29726,10.986900155538533
29727,16.33117294643228
29728,21.387252372230474
29729,26.659936599758897
29730,32.2667984483455
29731,37.052626122936964
29732,35.865381215314876
29733,42.772112687866894
29734,47.65150442554712
29735,49.29176250531923
29736,16.712853315056964
29737,26.67759657133202
29738,31.023358264142427
29739,18.034974324267857
29740,29.381662119387375
29741,34.28817518751308
29742,32.70781702678948
29743,31.722506711640893
29744,40.517307151717176
29745,39.355041007105136
29746,51.77090036092495
29747,44.37446616215996
29796,26.19319536848927
29797,39.9229627755714
29798,45.27946541043165
29799,52.169758856765924
29800,60.37293838140138
29801,48.288236208426945
29802,46.948731661849905
29803,61.37813985384605
29804,57.86283615280511
29805,57.28832211335342
29806,59.0298397907027
29807,65.7656503754402
29817,3.349466069240912
29818,3.8764213036437507
29819,8.26260850614934
29820,10.13640615154717
29826,43.64609813278477
29827,36.52384713865894
29828,35.10733055157777
29829,53.16458691468135
29868,4.084038152304504
29869,6.315757944292065
29870,6.732131558066278
29871,9.36057999427197
29913,26.667490136226622
29914,16.87180903080943
29915,24.59912136091154
29916,21.093509547330456
29917,41.16007834469725
29918,33.07395431711898
29919,45.78036698176295
29920,37.52512700564185
29921,43.274286346840945
29922,44.47903998807264
29923,49.47707285830413
29924,42.84509919636115
29998,30.315538247478173
29999,31.742266547597737
30000,33.74891565599977
30001,34.15751047298774
30028,8.654463805628993
30029,14.89504072322033
30030,20.510001131509046
30031,11.227367281796521
30056,4.252704649439642
30057,8.449426690849803
30058,6.317152358795434
30059,14.348616795972688
30060,13.675231784150881
30061,10.922658436653906
30062,16.460364388877597
30063,23.380733837419456
30064,14.189633908900044
30065,32.59379083858098
30066,36.13015965014826
30145,29.61648308224781
30146,27.773014783708224
30147,39.18249340821273
30148,36.78828408792156
30149,34.37722142716216
30150,30.93498734148185
30151,42.685871624945044
30152,30.882524951387236
30153,63.31843104123385
30154,36.89292736494788
30240,26.93101959510891
30241,39.625219031145825
30242,30.73195115242607
30243,21.53104939502875
30244,29.923617716734828
30245,39.79049452251315
30246,33.843225249444615
30247,38.00547639215534
30248,38.42733393000847
30249,60.23143851145505
30250,49.11256883069478
30251,36.67491995404858
30252,18.55831630531445
30253,25.7405083151646
30254,32.01374966660922
30255,38.288550230927456
30256,37.17569749108357
30292,12.974888435363702
30293,14.240859070870401
30294,23.291781488866008
30295,20.30205694348224
30415,20.15481090215409
30416,25.826972305864373
30417,31.442391952000207
30418,35.981700467875825
30435,9.668371461608494
30436,18.756940490669706
30437,17.285409679718907
30438,20.719778140674364
30439,23.399503611128324
30440,32.62422738675247
30441,33.72219915275486
30442,32.09987866115
30443,41.34401960251375
30444,35.921605761394275
30445,50.53354515317882
30446,36.522144426301544
30452,49.61075320087749
30453,57.048767640290045
30454,59.03069233005017
30455,59.828765904241145
30456,67.94840082384538
30457,62.32385239113265
30458,65.98146729999554
30476,3.2590038552911187
30477,4.696726484179395
30478,9.519084255675393
30479,9.943019995118796
30480,16.500998192777303
30481,9.833075125232805
30482,15.337992033333178
30483,18.516903428993754
30484,19.18541059422341
30485,13.14469679508378
30486,14.978426049098932
30487,23.82665624195263
30500,29.10499221407095
30501,46.20645880239913
30502,47.37412758611605
30503,37.08691039002936
30504,34.638567664103036
30505,36.45464632898276
30506,36.449513327479764
30507,52.61576210173386
30508,45.379630192528474
30509,52.64519349176561
30510,61.71041919552222
30511,56.71900902194086
30517,21.577589466187728
30518,30.114730957946485
30519,34.5681170492696
30520,48.02540143151376
30590,18.855310408257626
30591,43.73860745826435
30592,28.501296443219527
30593,49.45205288237143
30594,32.12079368446128
30595,33.52137401200927
30596,43.3349875339524
30597,41.77420676993522
30608,33.79973478662726
30609,38.344572873611554
30610,41.6264891960873
30611,43.195821712880246
30612,42.50553824709022
30613,53.46246110958527
30614,57.139198867353926
30615,57.35704600695337
30616,49.007535864115006
30617,56.69795683104569
30618,57.462814000167796
30619,63.20929585718303
30655,21.904266103917603
30656,29.976742344488482
30657,14.908361494373603
30658,51.40488020531418
30769,10.024485815781656
30770,14.568296461339486
30771,15.649629478118708
30772,7.0008698600862305
30773,21.55254979034058
30774,25.054343787686044
30775,34.69096978860209
30776,40.32874030352267
30777,41.4557358635733
30778,46.12302435621227
30779,34.822966316905564
30858,4.740021729739152
30859,8.13028685624049
30860,9.4942909822564
30861,7.452348490617637
30862,11.665809421737244
30863,13.921394223365303
30864,17.492288815950218
30865,15.561568793931887
30866,17.606495954502183
30867,21.827477261572046
30868,36.73449458291991
30881,28.239323776218495
30882,33.26029130691237
30883,36.91338302864613
30884,33.386530413406184
30885,45.844683065874655
30886,49.78134506228912
30887,51.67988983378038
30888,57.25617308016114
30889,53.53987660522577
30890,54.07290922267011
30891,57.184784260913425
30892,63.89558659096477
30893,25.878623852827634
30894,28.936260331031015
30895,35.86580849862653
30896,36.81399037247412
30897,47.27633925486465
30898,47.472177827042245
30899,57.78179048159455
30900,54.98795781713998
30901,58.022276832779575
30902,48.87671936891143
30903,53.99535449347996
30904,56.27286116492975
30993,32.59865345981767
30994,27.4505077699019
30995,34.47650309464977
30996,32.6652224837908
30997,26.690009182112007
30998,45.09997941453556
30999,35.09433985468244
31000,46.24935527136331
31001,41.77052004560972
31002,52.22164732991573
31003,53.89151496897724
31004,56.83233784663763
31005,25.260167859882742
31006,43.081022202884625
31007,32.64438170369609
31008,32.64294790015901
31009,10.254176919607428
31010,5.618491008595335
31011,13.51995145140186
31012,18.225284250374813
31013,17.458151815428383
31014,20.155654346974796
31015,27.118725748151366
31016,30.68465967104994
31042,30.033458953527468
31043,32.35930747927467
31044,41.60295558169286
31045,41.463605943647934
31046,33.3435989710767
31047,45.32811363898685
31048,47.86398333528219
31049,49.58595558572137
31050,48.40899472542762
31051,53.58081997190843
31068,13.165769121218812
31069,22.44690173932554
31070,43.883442837891785
31071,28.656436092459213
31072,39.02659708108266
31073,44.73748021634547
31098,13.371145645927946
31099,16.46108656594077
31100,21.179591134662267
31101,18.596600975962488
31102,22.43359582179581
31103,35.083037156967194
31104,37.78291572002084
31113,33.5958537384017
31114,46.01674165355035
31115,46.89178230708224
31116,43.88211978485949
31117,19.12123984563796
31118,10.73102644178509
31119,19.75673389138046
31120,27.038204351559095
31181,7.990410527831238
31182,12.25772863645232
31183,18.48361074072261
31184,18.068699579922935
31185,15.922188530746542
31186,20.870346761159286
31215,16.183998458453384
31216,36.78373455028606
31217,38.50227852722305
31218,41.44329903214486
31219,43.30984479168615
31220,41.10377710956577
31419,24.44891713648476
31420,28.468019445918767
31421,31.70422895837898
31422,44.73915103851124
31443,31.471083364447203
31444,49.7212609403203
31445,37.99291993341654
31446,32.63083760754238
31447,35.66273797893409
31448,48.18376693178994
31449,48.99515357057511
31450,58.703504766831756
31451,49.66048020381842
31452,53.09054141012946
31453,54.82454306357611
31454,56.68097944213265
31483,51.11279754894035
31484,44.53847321157011
31485,42.87233055188928
31486,52.90225003591884
31487,52.97107802237101
31488,14.420554228359762
31489,24.577590703671554
31490,29.858218512365006
31491,37.61000576258153
31492,35.47646406068628
31493,48.54301255386691
31494,62.42363392741253
31495,48.546142280643515
31496,45.271150667208516
31497,51.43444255761477
31498,58.420142913024
31499,38.68830602565566
31536,31.33546073441619
31537,44.23849816761481
31538,41.40596798735812
31539,54.02569437911153
31540,35.57960615511884
31541,63.19215261787531
31542,39.08081566601016
31543,49.68151892771181
31544,47.84017643024943
31545,59.69303976254578
31546,56.9928429258974
31547,59.97736539895441
31548,15.887464811476178
31549,29.074143182711268
31550,47.215758657614025
31551,34.850436128267695
31552,45.33065409777313
31565,33.23030153581733
31566,30.881448872204206
31567,43.91978571930073
31568,32.918870098199996
31569,38.829874773001066
31570,58.972306570152156
31599,18.57609604052272
31600,23.911012392950955
31601,33.31781701104204
31602,35.177812030388864
31603,40.22071587804469
31604,35.30471543664454
31605,39.98117013060245
31606,40.21328219221013
31607,43.048929820638214
31608,41.994108178718065
31609,46.19365197818227
31610,45.706376008775024
31627,21.09516544009057
31628,35.63725201042757
31629,33.99058311032168
31630,36.067040127997814
31631,41.75280232477226
31632,53.980930111361324
31633,56.307772157275565
31716,17.187600495997145
31717,33.08897002292828
31718,31.00624005058245
31719,27.49370236747164
31720,39.54998142379042
31733,5.3098281857385
31734,9.578039966637581
31735,14.630301942582477
31736,23.488502444927985
31786,10.752156486917176
31787,13.487278027263754
31788,14.247032179436943
31789,20.422807379469567
31832,52.19266508467095
31833,53.890866269597765
31834,58.32558126265114
31835,58.0901532873196
31836,56.78546109962684
31837,61.08626921545627
31838,66.21227009993646
31839,60.18487991252205
31840,62.74034266087925
31841,65.37877803731674
31888,27.766102108716645
31889,40.1404784951537
31890,46.49821455253702
31891,42.35046194192096
31892,34.14488160057998
31893,46.66924695033971
31894,44.54243287066837
31895,60.62299436622654
31993,34.3550529352088
31994,36.8910677838147
31995,48.55195892720198
31996,46.00435422544221
32014,22.093511586722563
32015,12.513421590815728
32016,19.85490580975105
32017,30.975488558916133
32018,31.90961303431112
32019,30.518401677861835
32020,33.41156609532029
32021,39.551622618553374
32022,35.39565891243581
32057,28.57364310650967
32058,18.61709584026829
32059,32.43383171908154
32060,29.751000721377274
32061,33.72359413816466
32062,29.69289937642417
32063,35.01189544980956
32064,31.309027491676055
32065,36.197692797993035
32066,54.38588042499325
32067,42.61335649297361
32068,38.5786959235222
32119,4.3792108167128605
32120,6.258395833260665
32121,7.535056936798824
32122,13.828734429985374
32123,14.7629039313789
32124,19.013338285169468
32125,21.324476730877766
32126,19.676879745417722
32127,33.2299796722774
32213,36.09171538605229
32214,20.714988772383286
32215,35.03387500603193
32216,35.12526834729125
32217,35.27928480578158
32218,43.24006728624799
32231,12.969180234670876
32232,40.325303266453176
32233,38.94368335154262
32234,39.980775654950016
32235,47.449838011985285
32236,21.197477458831308
32237,29.68166537861732
32238,29.14191308485877
32239,36.08358474487931
32240,26.93341661408281
32241,48.54357042420979
32242,36.94275546299818
32243,30.618363771979908
32244,45.84453577047662
32245,47.898370216227676
32246,44.948575660899884
32247,54.29590607911546
32353,14.958107387566516
32354,13.89562266727918
32355,16.265031064860644
32356,13.482147120524832
32383,4.473267532592868
32384,7.375019069040737
32385,7.877543813150952
32386,8.744318488638045
32449,10.813539573558991
32450,12.967866370709594
32451,11.735813604964797
32452,12.105515079268606
32453,9.170324094177962
32454,14.421955597392172
32455,22.32772440383683
32456,15.776637647610588
32457,14.895784065081514
32470,25.636795347944403
32471,41.81197651434628
32472,35.490843715631264
32473,36.6419528440567
32474,46.20517236892635
32475,48.33991360744904
32476,54.647392090890875
32477,64.53932939920274
32478,61.19047431513431
32479,53.862340995702176
32480,66.81742474408
32527,40.926128687457734
32528,32.54378190192681
32529,37.18492014786523
32530,33.65108641676131
32608,9.896195300231575
32609,11.43397553793029
32610,17.64153437594771
32611,13.681348557410193
32627,10.035061391798305
32628,17.123564353777475
32629,39.25579967986047
32630,31.16342398090043
32713,22.09142849799026
32714,40.87126775373826
32715,30.348867214086734
32716,31.922083358809562
32717,35.55435831775275
32718,38.85543585444582
32719,39.63733103376896
32720,49.113622333105845
32721,46.263081209020456
32722,43.997248114610585
32723,49.55609528347509
32724,56.55185897646402
32725,23.095076645774558
32726,38.14656707391013
32727,25.712988891396435
32728,35.71404836302964
32729,40.555131439935245
32730,41.66296474528772
32731,35.247981199799945
32732,54.67745144795282
32733,59.76524567737359
32734,55.821265918014525
32735,53.20057925954254
32736,58.0123716150366
32741,12.993844131349107
32742,20.372503326294257
32743,18.33428872286819
32744,16.269623357586006
32745,38.07526491106208
32746,42.248332953412316
32855,28.374010343978696
32856,21.761774722413072
32857,23.643858357476248
32858,20.194662006741634
32859,37.22380936777413
32860,32.288921328563674
32871,3.992206258686598
32872,5.855720786525016
32873,6.0311529543241535
32874,8.544758358844113
32875,19.318350725527885
32876,12.495857610815712
32877,24.053163349932404
32878,14.599732873638795
32879,19.86898286782225
32880,34.76701154908098
32881,33.79471587363429
32882,36.295315376983424
32901,15.638898702654455
32902,19.606390734521913
32903,14.223455814996203
32904,16.601514696564234
32905,21.020953926560402
32906,32.968235247035246
32907,29.351871896465504
32908,39.50275686991527
32909,53.57769023707235
32929,42.44100236720657
32930,50.37425044693367
32931,49.96558538620209
32932,48.07742629885171
32933,35.53433371922287
32934,44.47254603626426
32935,52.180385681060336
32936,59.571912642432956
32937,42.50899402420882
32938,55.608244544634836
32977,3.813952043739154
32978,5.810264943247569
32979,6.352966587525269
32980,8.88706133753839
32981,9.372231912116423
33029,38.689469786512625
33030,28.708956022183912
33031,47.90565595107904
33032,41.59322312924577
33033,44.8155426928463
33034,44.68566917369788
33035,50.38450781170114
33036,50.948217265782546
33037,42.92551457085257
33038,45.298844426007314
33039,56.9597566643921
33040,49.31963556706563
33107,41.07251913962062
33108,45.89069406597776
33109,51.26529292615047
33110,56.34942907886903
33111,53.944679470336325
33112,55.11697518811313
33113,54.95252718245725
33114,48.97166221811021
33115,43.66198543286245
33116,58.99518265739886
33117,60.380627646231076
33118,66.55031017088301
33119,30.287302556251902
33120,34.65018062215643
33121,29.973444707668694
33122,42.00362527772265
33123,36.59055891582804
33124,37.28954048312861
33125,50.58119026743776
33126,48.462230894291814
33127,37.908076663278145
33128,50.7446648716828
33129,44.14497593946201
33130,47.097304830147515
33135,29.561132643510806
33136,32.806575168177886
33137,34.01054521510245
33138,34.4846835925794
33139,34.52359989000426
33140,33.1057890785881
33141,44.00841777630515
33142,41.49754811691051
33143,49.85128038082427
33144,50.60055841097308
33157,32.13285055143615
33158,43.79367664466844
33159,34.090859359788176
33160,38.813646347636535
33161,43.10037180632079
33192,14.649763755900839
33193,17.132692082648116
33194,17.51634366635339
33195,20.45554539945105
33196,19.355718367632583
33197,16.98770694329102
33198,20.007957021948524
33199,38.600557048031455
33200,31.18291376506445
33201,36.96810218635314
33202,42.49425764380923
33203,49.80814255723381
33204,24.873411989841564
33205,29.378615377832265
33206,33.70330293783186
33207,28.339602215006785
33208,41.918299085587066
33209,37.06402157943811
33210,33.93537076524118
33211,41.75766281885058
33212,37.43519821923286
33213,43.39803309882468
33214,42.573351994139934
33215,39.62796073547871
33228,15.411145714917453
33229,19.262639252986443
33230,17.263208271823768
33231,18.728031348422807
33232,14.776825042904868
33233,13.800891992102434
33254,18.946594942670515
33255,17.978834764158183
33256,34.3196141411957
33257,34.64305748762252
33258,4.248677505054008
33259,6.538110661921736
33260,7.8994335555827035
33261,9.208412913380252
33262,17.82653220313026
33263,19.817310071287626
33264,17.941067921508072
33265,20.54024911822913
33266,16.18169801451457
33267,12.516982110323873
33268,19.785653603652086
33269,15.810854157479879
33270,35.52563016624802
33271,38.46744921025918
33272,35.425596481643176
33273,42.8936412815333
33274,15.97010292965772
33275,12.804991790308021
33276,28.868290145734356
33277,20.51012303560261
33278,36.70825119336775
33279,35.47559419569245
33280,29.06006464553293
33281,33.39689080158382
33336,38.87661414380827
33337,26.624515078928134
33338,35.18389450683099
33339,50.213621824937356
33483,7.607795289810784
33484,12.416217378688799
33485,11.318868028791218
33486,12.749144075600007
33487,15.07261085028136
33488,15.491808129800493
33489,23.900870926279627
33490,17.755386686063282
33491,31.532083292912024
33492,42.029332021861656
33493,30.616678552615806
33494,53.447169753271645
33495,32.401729924891974
33496,36.54525813336191
33497,52.141985965550234
33498,40.10572631533823
33499,51.84241694837563
33512,33.126073500886015
33513,29.112973156269653
33514,33.890892118825285
33515,31.967325856596364
33516,43.85188343009724
33517,39.34401558099783
33518,47.51711238854497
33519,49.025709778443435
33520,60.77858188422063
33521,48.58916002113995
33522,57.18500948841362
33523,50.73090473805047
33528,27.381361963716838
33529,33.77609168417961
33530,54.65254735745084
33531,47.92421178926888
33639,9.616115564480506
33640,13.880302332108611
33641,11.335663141190933
33642,19.262039815109034
33659,44.840814019664286
33660,37.900538739193806
33661,50.13222320434017
33662,54.3671376608725
33716,26.83001042272214
33717,41.179872398847756
33718,38.79982886696326
33719,37.29974812005798
33720,41.27907787510128
33721,34.84530271528238
33722,53.98106415436007
33723,49.43091788453624
33724,46.345739351261265
33725,57.260444615697956
33726,53.79915910620464
33727,58.26036596181154
33958,16.477621299524035
33959,14.799168505706755
33960,20.099928096926206
33961,20.94099788805156
33962,8.93603071025765
33984,10.862056418403004
33985,19.276381596145416
33986,17.938394401143196
33987,19.94920123749785
34035,4.285988938284568
34036,4.4985054056327085
34037,5.216218723643252
34038,7.387727465620249
34039,11.425152420408603
34040,14.212670834623344
34041,15.839738308070329
34042,14.82451159352498
34043,14.672466673459438
34044,15.445935831834637
34045,21.468094069195978
34046,31.888567262522795
34047,53.1207634790455
34048,49.729005632692505
34049,65.26720254130834
34050,65.69610731441414
34051,61.82779808260911
34052,53.09320927560978
34053,55.9738095472193
34054,60.161062384143065
34055,63.991743589733325
34056,68.76767415536524
34057,67.6685715764273
34058,74.26479670132585
34063,27.670277928478068
34064,31.818197510351332
34065,46.86334271904143
34066,42.940010308551265
34067,45.589596277494614
34084,14.112602282797251
34085,11.786414739156152
34086,17.25956759424555
34087,17.735853409660137
34088,20.987225316211028
34089,17.50475298852482
34090,34.49537178770829
34091,30.58696001694671
34092,48.93280364792277
34093,35.02745558440811
34094,47.74015018815014
34095,50.62075985840901
34108,27.947459922554156
34109,29.850043353327457
34110,34.422162047359684
34111,41.11609435277364
34112,49.03606307591781
34176,20.342457820465114
34177,19.076396217834425
34178,12.267895173415294
34179,34.127643107351304
34180,33.670840493031484
34181,40.63359923194294
34182,39.3359547310458
34183,36.58171764356397
34184,39.55863423789164
34282,20.070215907934248
34283,9.245835216754532
34284,19.450996324530397
34285,19.405030327486305
34334,4.11423687351845
34335,21.069328473480116
34336,20.497581345100528
34337,19.02078193051897
34427,42.15451917178944
34428,47.6795719052034
34429,48.85236250198022
34430,44.536415440877505
34431,44.81926649739977
34432,47.520840518170736
34433,52.24927083959129
34434,21.09658385565603
34435,41.959406194560614
34436,43.02829250106486
34437,45.63197668230461
34486,27.404182370431805
34487,34.82891988618404
34488,44.32771448962902
34489,30.844480681911623
34490,38.56365521155327
34491,44.925562109740056
34492,53.79768140262001
34493,40.29044099524497
34494,42.440358388506915
34495,41.20254096829697
34496,49.979529028401515
34497,45.081075932180454
34538,3.6088853324954666
34539,5.376841619121316
34540,7.302018463969813
34541,13.023111840889246
34594,38.19538629634125
34595,38.27548101779962
34596,43.24921010214597
34597,46.413812987854975
34598,13.28770477877269
34599,5.218178404694963
34600,14.38890355976511
34601,17.317973302228605
34602,18.19938558647237
34603,20.601546497393983
34604,21.307410237844877
34605,16.14480472247847
34606,32.83654168232697
34607,33.94068247527217
34608,42.11750609769434
34609,45.80025379443936
34610,26.763232176176736
34611,27.314565374951943
34612,37.2640488270833
34613,40.68661814161644
34614,38.16522910561573
34615,40.21863503963373
34616,37.95598564949653
34617,12.167041380680486
34618,17.5515093405403
34619,20.741397558112325
34620,18.680129889496428
34621,34.39090539259005
34660,15.289940719025267
34661,15.383325346809745
34662,6.226167067730726
34663,14.346187340447734
34664,36.40838343237333
34665,36.96906913162153
34690,4.585302950046084
34691,12.150047878378883
34692,14.170142210726917
34693,14.08454316162538
34694,16.093487664905116
34695,15.23287451083311
34696,17.01960918728551
34697,20.808732598049094
34698,37.05845474596954
34699,38.74305588717936
34753,6.655975179029873
34754,9.147449614300651
34755,23.321272841676397
34756,27.981538449012174
34757,11.596243956991415
34758,32.862101618947364
34759,40.028280313610985
34760,37.927497988902864
34761,48.17890604909259
34762,38.60600650405808
34763,43.0526170565736
34764,42.636168266123136
34806,12.368658822500866
34807,18.293844072023607
34808,22.23941385767362
34809,30.66945444789818
34810,38.90228085205938
34864,9.64091230033939
34865,30.187356245750763
34866,31.77547396369399
34867,33.273975825137185
34874,23.55640894857556
34875,24.241314346064243
34876,33.24716357863577
34877,42.179751520134886
34906,30.05628276350878
34907,20.84157822240657
34908,34.13506901421025
34909,35.77643477646876
34910,38.880413861407845
34911,39.39024208670676
34912,30.907949964097845
34913,42.75988498358943
34938,42.069872425884476
34939,38.88044735337791
34940,39.440783049433186
34941,56.33335715490663
34942,34.870979640786636
34949,17.998740084415928
34950,16.45251417602509
34951,31.988029530347138
34952,32.104439458702096
34953,32.88621887970169
34998,41.58605516499848
34999,33.93748582719105
35000,42.498394095554104
35001,31.950630383907715
35002,47.85120298328999
35078,42.05695651490414
35079,22.815421329494885
35080,33.37895775728647
35081,46.38921455793887
35111,12.541389665112634
35112,13.300263050016515
35113,17.679570957535116
35114,33.33765392265382
35115,30.14422455079565
35116,30.47740537334263
35117,46.74016208448913
35118,38.028511215650596
35119,48.12391146924812
35120,40.20065952360537
35121,45.28971684769966
35122,59.14845995047904
35177,32.831123111606445
35178,37.46290084715558
35179,34.3516988297041
35180,36.12794487917179
35181,48.995570683923546
35207,25.496699503280965
35208,24.205014763751848
35209,35.801586434924204
35210,30.682089813224852
35211,32.81412694236893
35212,35.58460947633852
35213,42.624544708915636
35214,52.149421373255336
35215,42.78211204108564
35216,56.07064574545907
35217,43.810102039144994
35218,48.94297270618319
35277,41.00106062024722
35278,50.06605598993788
35279,41.14803129844608
35280,50.98997916512101
35281,45.3041367199227
35282,51.91033535412721
35283,55.9269654901223
35284,55.9065928832324
35285,64.91347309450111
35286,46.47091925129892
35287,37.47674158435747
35288,38.53251332327662
35289,42.79774416673815
35389,21.803161609498
35390,24.150341875102544
35391,31.726446145304617
35392,42.46609370127305
35393,40.13156460523024
35394,31.111964213639794
35395,36.02427691958318
35396,38.03947130959893
35397,42.94020618132671
35398,50.357466416852716
35399,50.92981300418998
35400,49.31662993058268
35401,30.670666891634575
35402,32.63808963706308
35403,38.757771776289324
35404,34.79355102451491
35405,48.33393948129551
35406,44.63321725080909
35407,42.247800178846425
35408,55.320318956038
35409,56.64023421625259
35410,47.60163349071058
35411,53.86124007104415
35412,50.60836390898007
35438,17.119717500217895
35439,31.039535287563343
35440,49.4834695271657
35441,34.82636563876735
35442,40.69349239238831
35443,38.389169730811005
35444,40.28895899227306
35445,42.82784737328237
35446,40.05571063293214
35447,59.21502818998976
35448,56.20396652568963
35545,60.785389106046416
35546,54.08767888091461
35547,57.34531651538317
35548,52.49290300790963
35549,57.17153436054323
35550,64.19478793514192
35551,60.14675653806758
35552,61.5192086489943
35553,61.15646670514037
35554,62.912447167866205
35555,60.18986550217391
35556,66.15687715662642
35557,21.49711435748425
35558,47.26369868071981
35559,34.215741272892394
35560,41.463171534847596
35614,33.628443165950145
35615,54.02327145957928
35616,33.86601797498656
35617,41.66219317048065
35618,42.5630424458359
35619,44.6930860707784
35620,39.70251972036345
35621,19.1140625430429
35622,13.23196788633256
35623,28.79101682496625
35624,24.53502962769268
35625,18.42143223793712
35626,31.397860942628476
35627,34.48993123041759
35628,34.23379428113062
35629,43.38866535573817
35630,31.218850081950663
35631,41.928999719525535
35632,40.572565249845105
35676,54.55678427448572
35677,46.57469179022454
35678,58.15364900536427
35679,49.61433759627327
35680,51.92944047623885
35681,53.62506977206032
35682,61.17552543441904
35683,58.83264142149636
35684,53.182176752119325
35685,60.1348063268751
35686,55.98720155980745
35687,65.68105038874067
35706,24.19107884889234
35707,24.559381634637564
35708,30.521201056874993
35709,25.180659455662628
35710,14.434070438709771
35711,18.596366359002882
35712,31.6082195144357
35713,30.84287758491688
35714,32.57216121698497
35715,29.21437654980328
35716,39.08513860855416
35717,44.122927999886144
35718,20.853301858838336
35719,31.974969970038178
35720,34.73677585213037
35721,35.93615530982975
35727,17.320421643214193
35728,27.827265425538148
35729,24.71019423533766
35730,32.95529732747508
35731,37.11746404365916
35732,43.707233750755485
35733,34.129174605767936
35734,42.09846374507254
35735,42.013368989424855
35736,45.121612244103105
35737,46.835175542604546
35738,41.581305346757844
35745,17.409610901590046
35746,15.565626429131568
35747,16.09785976495588
35748,13.217155470411228
35749,13.492473888499648
35824,19.714166628037763
35825,20.387638708666955
35826,10.117628302569088
35827,13.413413273782727
35902,3.0968117774713657
35903,11.3812305045052
35904,14.626721205662921
35905,20.400267524795993
35922,19.60600910221995
35923,21.59431481543971
35924,29.442454749755196
35925,37.00851012587966
35926,32.4571662020742
35927,36.40747693957748
35928,38.37918549434455
35929,36.08172257811122
35930,45.19382394518696
35931,41.23654304816189
35932,37.64828503068855
35933,46.99546406720906
35974,15.764263039487092
35975,22.65783217968279
35976,24.10260099500319
35977,19.688505632326926
35978,38.237639970432454
35979,34.71931635889133
35980,42.82868570275617
35981,42.424928408779145
35982,50.61224713457165
35983,42.20228224098053
35984,41.10565848638033
35985,42.421462620242835
35986,4.732162816984433
35987,19.440992233952812
35988,30.53076334062358
35989,38.353171457773485
35990,42.14637456611905
36068,16.537903175335273
36069,32.60567300563289
36070,38.96737830865531
36071,41.056334891265315
36120,35.19465375003009
36121,36.128397966216006
36122,51.08607707754152
36123,32.856672751947634
36124,57.84579866263418
36137,18.97718237863125
36138,26.750935609639594
36139,17.567266903060517
36140,36.68651025450067
36141,41.26464876614439
36142,38.73546387995044
36143,39.87416880623941
36144,37.88144721907582
36145,46.7804058226862
36146,49.96191607033514
36147,38.62692763765668
36148,58.42506470249564
36192,41.52699683738358
36193,40.72790452340789
36194,41.670950993884404
36195,45.448933433432835
36196,47.864801681522216
36197,56.662926149629754
36198,52.205793675845165
36199,59.660212020247364
36200,68.15065087975529
36201,67.27919383931547
36202,69.00271364988915
36220,26.03092528011969
36221,29.624192565487828
36222,27.998698992881394
36223,39.68525243623196
36224,33.28793194227504
36225,31.79581683434789
36226,52.21449047545596
36227,38.147675144735395
36228,43.452830643753366
36229,55.230494047236455
36230,53.31912275954182
36231,50.48241089126587
36245,44.90747102785691
36246,40.188945255772666
36247,38.81521675125454
36248,43.69011938330985
36249,37.38585042338423
36250,47.990717359360836
36251,47.95525197434194
36252,41.994164184988584
36253,43.269068978230656
36254,38.5088724107783
36255,32.2756567594324
36256,35.88416247830572
36257,33.9969275965897
36258,36.887240137377844
36259,37.38805832516411
36260,34.411382583822075
36261,32.84745581910192
36262,38.659909305346005
36263,41.73016454650481
36264,45.291224510424115
36289,3.317620674262498
36290,4.681132183117981
36291,5.566577351488626
36292,7.429731375976347
36293,9.478890944504514
36294,11.62031555525322
36295,17.471345603203424
36296,12.899952668839497
36297,15.702624149642906
36298,15.398896195358079
36318,24.842354181592903
36319,27.882517095179384
36320,30.770226154799293
36321,39.146005209943105
36322,31.927869018590222
36323,29.15812829873393
36324,43.954014966982434
36325,45.281489667455595
36326,44.13239710336816
36327,47.71911084546672
36328,38.008007411728286
36329,50.94525659441604
36330,50.677807654675
36331,52.563177722309966
36332,59.90999481097673
36333,53.97560255271335
36343,20.641906435414057
36344,22.707906158823686
36345,30.619827979278686
36346,34.385750559588296
36347,35.120533545109886
36348,28.741266021779982
36349,29.72351654419902
36350,41.397119853820165
36351,45.365624647590465
36352,47.053786950304065
36353,41.435465320383834
36354,39.403798612042216
36367,9.595994914037867
36368,29.920962509462655
36369,22.277987979248145
36370,18.212139703732017
36371,25.368109508648146
36372,37.66558686736175
36373,32.650367038079644
36374,50.2999249958396
36375,40.82754188853003
36441,20.873778119002342
36442,42.94621277277529
36443,47.02619561813394
36444,43.17178491060467
36445,44.1986557051627
36446,53.0492583961322
36447,48.15751018900229
36448,60.61521172497668
36449,59.45919736274195
36450,73.25826426205948
36451,58.823924693979244
36452,53.125245434402814
36453,13.438776322986994
36454,29.639113856740703
36455,35.39228539861292
36456,36.78567680596071
36457,33.19645683488874
36458,44.59183655211637
36459,44.58242450855784
36460,60.06864165401814
36461,53.05389173942174
36462,54.1364745936367
36463,60.800781319026065
36464,55.367690290163615
36523,4.4596061287361835
36524,8.884598906820484
36525,11.06013997953226
36526,20.526808142545292
36601,22.48496031486164
36602,33.91806804786644
36603,12.153160745603303
36604,37.06771936139337
36605,43.47720371344946
36606,36.60986115633255
36607,41.560371803166205
36608,35.517882124933976
36609,39.525300787826694
36610,46.87816708711567
36611,37.416090933071345
36612,45.34122500377295
36618,39.01307301585035
36619,30.45849184191261
36620,36.556650214203714
36621,42.587106451551584
36637,37.01889300567312
36638,30.573788312075898
36639,51.13415523384553
36640,46.339284736442856
36641,34.91746920246979
36642,63.667718750739894
36643,40.09357919128231
36644,49.754608535816104
36645,48.767200876169596
36646,57.5141036759119
36647,5.77446750046969
36648,9.916802811076083
36649,8.581474264583472
36650,14.077730842672466
36651,17.049116032242175
36652,18.383083764688354
36653,21.101607754293504
36658,49.86947518358678
36659,38.63169686369585
36660,47.35863891378154
36661,49.03953456468433
36662,52.856322859561125
36680,36.62420243777304
36681,35.278829348874574
36682,35.2962590822208
36683,51.19656598496091
36714,19.363938808108
36715,15.036811781785643
36716,24.026380814936037
36717,30.92925064344178
36734,42.72141921018274
36735,47.8628031250637
36736,53.640770618034864
36737,52.9416572541696
36738,58.2337342180324
36739,55.8622112413168
36740,50.60336158826224
36741,63.11547381628818
36742,53.421765660104526
36743,51.811940331033284
36744,64.10612552027784
36808,28.61066415943669
36809,38.42720767792493
36810,29.174936188413813
36811,37.62102511465107
36852,20.91838790627289
36853,31.056152767557414
36854,25.43948776579842
36855,35.25978295741438
36856,33.410812318822664
36878,12.049794275516343
36879,5.090892011295781
36880,11.407931395194177
36881,20.466627039356418
36882,16.91629705238101
36883,26.60698664526986
36884,27.435856848722675
36885,24.22832335998389
36886,32.804251247914465
36887,31.831140021448213
36888,36.23927835751382
36889,36.623230861368654
36890,33.34826500950799
36891,52.410892307857864
36892,37.406989415151344
36893,47.3669680089966
36894,49.92285721820953
36951,29.959376637163167
36952,32.0087176762395
36953,31.38084373787356
36954,35.50183980202007
36955,32.92369349786857
36956,53.58880049498159
36957,41.92516965972135
36958,38.854757682794265
36959,43.41910048538461
36960,40.09961814774393
36961,51.6505321754826
36962,42.88371834750816
36975,28.77672243885039
36976,55.462593086626256
36977,43.635027616912176
36978,53.592209631100445
37010,5.335678277867813
37011,10.731056662646136
37012,10.584831276252451
37013,6.888494080893035
37014,13.430842090832693
37015,18.85679399744106
37016,18.160368489154152
37017,15.420664221664284
37018,39.1385107575793
37019,35.10732348980994
37020,31.789903037131868
37021,41.56955355915528
37022,48.02226470508362
37023,52.407130041564606
37024,35.33834994997483
37025,38.889016056884095
37026,47.151391291383604
37027,48.2075811143626
37028,50.342569561918495
37029,60.32089309195062
37030,60.76236005667661
37031,55.96428289428302
37032,57.479147335552405
37033,62.844552966166226
37034,29.516605301665273
37035,21.993211235853668
37036,28.29613031525394
37037,16.106873672958606
37038,33.92551029349331
37039,37.856286185333154
37040,31.99491703921004
37041,25.550429484695115
37042,8.28173194056356
37043,17.731536927473435
37044,15.830447894564712
37045,36.01670310495679
37046,31.89506678297161
37047,34.53328132937939
37048,34.901620398106374
37049,38.369597142768555
37050,47.6270184083679
37051,47.498409536497654
37052,37.38628083718635
37053,34.11930560379095
37054,31.823009933955305
37055,48.76540512669151
37056,42.45483414007541
37057,58.30561005339383
37058,49.41482230889465
37059,58.23526740703676
37060,51.4378559828376
37061,61.32404864649964
37074,27.97269139332848
37075,43.565588105813674
37076,23.380233758682476
37077,23.502995151301985
37078,35.32644348513395
37079,34.46946831729308
37080,34.36485801959521
37153,20.01088634984506
37154,26.138090746120376
37155,23.08016060862248
37156,36.15149029040396
37157,39.36679221581878
37158,36.576798234009296
37159,37.2243762745178
37160,38.73958418139547
37161,39.58559831368096
37249,19.913180414209712
37250,30.528871696535575
37251,21.748637907367847
37252,29.731712591016898
37253,34.67620202067635
37254,45.65708396567264
37255,37.033112274753634
37256,36.19519875370824
37257,51.09877069930708
37258,38.5978165392095
37259,35.80308885522814
37260,41.96561601677361
37261,7.957161093936735
37262,17.692963030445984
37263,16.842243858931003
37264,17.81517265582851
37265,12.09559889955144
37266,14.094268370611566
37267,30.315160780232368
37268,36.809406982305426
37269,36.7458222716385
37270,40.57296732676541
37271,45.99650408663812
37272,40.1556248485221
37308,31.882348319819585
37309,41.35175850618816
37310,44.77092113047518
37311,37.37647308397605
37398,35.68759236773682
37399,33.257564253704025
37400,47.73943741176525
37401,40.18258318831262
37430,19.13713438333151
37431,26.461585615467527
37432,24.789250295208433
37433,37.48037213806913
37434,32.60651470336045
37435,39.80332484949827
37436,37.426198381645335
37437,35.395242521692786
37438,30.967608648953572
37439,51.065256014755334
37440,44.29522729096075
37489,28.38334499548598
37490,51.39940950872606
37491,44.20768935225416
37492,41.68941230791357
37493,39.876294301404535
37494,48.79123446036585
37495,49.08626277566137
37555,17.834691511080138
37556,17.765685285440725
37557,13.388521049113356
37558,22.71538798561751
37559,6.715224246017661
37560,24.73988624757985
37561,35.21952181517226
37562,38.517551097453676
37563,38.89321098068438
37564,55.66783647457154
37577,30.040569027329802
37578,30.250563579009587
37579,35.89633953666109
37580,35.83835388765116
37581,43.75392638136085
37653,12.721875876534757
37654,30.261274850028293
37655,31.554435236848278
37656,34.136293672923806
37657,32.69105892340048
37658,31.966650123975846
37659,57.19134952750077
37660,49.71040015651125
37699,42.22430799533451
37700,48.68032103919592
37701,42.409486422946244
37702,38.29927176828643
37703,55.03371996767931
37704,46.82726051950721
37705,46.21583517871779
37706,51.283556031736694
37707,57.245970287388836
37708,49.20040783433166
37709,57.63699601483353
37710,59.27892609062317
37756,42.85959462517491
37757,51.26525687253492
37758,39.25437809852712
37759,52.5680276994896
37760,49.139958466011215
37761,51.01965875642121
37762,47.50844031853993
37767,21.865015786330268
37768,30.202935212129052
37769,44.12163624785514
37770,51.179148344599135
37771,44.28614812391355
37772,43.50115786197223
37773,57.289258858272426
37774,41.59210083032661
37775,54.485941450085924
37776,63.863822618828806
37777,56.092135445999716
37778,68.38809660188612
37816,14.020893548333596
37817,19.20537058173746
37818,24.161551171136058
37819,26.715220904664083
37862,21.143661253413928
37863,25.00006193361017
37864,12.81645566275045
37865,17.394439650092703
37960,25.406570729102267
37961,29.7190428405138
37962,18.62004401320169
37963,38.60141731688809
37964,39.669303252468694
37965,32.878253818734045
37966,36.313407720857676
37967,38.55176923427341
37968,60.03833266285997
37969,58.76906582223053
37970,54.21174770471191
37971,44.24068712770994
37994,31.53367042389747
37995,33.226577373192875
37996,38.39468672515678
37997,54.78375161815646
37998,55.89197193237212
38021,29.39101658115837
38022,35.171629003121645
38023,25.005346458125636
38024,37.22037137735758
38025,37.91451311016078
38026,44.60138147944689
38027,39.90913536279601
38028,42.1144507189624
38029,50.625448921544795
38030,52.64687969889514
38109,31.71312129871267
38110,21.552347884902805
38111,31.82178359827649
38112,37.96466391026012
38170,29.795559165720334
38171,29.454124989342066
38172,31.84159471103764
38173,30.92553181784654
38174,41.38616310385918
38175,42.516425853999976
38176,47.30966928157355
38177,33.365648803715246
38178,47.281511294673926
38179,44.60059234649894
38180,50.31163394275447
38181,53.24613225105352
38197,29.79128814463592
38198,30.90413321795762
38199,31.40973937832826
38200,44.96281013385081
38201,44.33024630077271
38202,40.35004559556636
38203,30.759213087218036
38204,55.499060989853604
38205,61.39889661100154
38206,38.21429119596788
38207,50.51316399406176
38208,51.960442925263905
38209,55.62457549501121
38210,56.695374334870486
38211,61.53844734699715
38212,58.855219222611794
38213,67.6577090265823
38214,65.80463451088626
38215,42.13813582498449
38216,45.20313039344421
38217,60.84195003446196
38218,61.45552431613759
38239,8.53940534936353
38240,15.94146357933716
38241,39.17071777981468
38242,30.984959409379318
38243,30.215256493495385
38244,33.49006686470396
38295,3.7345903763794386
38296,30.284512913183978
38297,28.618747755191094
38298,31.469258946240306
38299,33.921661068087566
38300,34.391610392290126
38301,42.682406662725235
38302,29.153814991755553
38303,34.03894559633591
38304,40.14653818139078
38305,37.928797472584165
38306,36.71428908160703
38307,55.67704611218729
38308,64.95102843649906
38309,59.943720921971625
38310,58.90581752278317
38311,57.76913840362134
38312,19.588573954206982
38313,22.547344291027418
38314,14.135647541045211
38315,20.26733116112549
38316,23.288369509183738
38317,19.073734942869386
38318,36.32185159928535
38319,32.63211828209487
38320,30.832116561792184
38321,39.251196615122005
38322,37.25698886957984
38323,41.33500169624471
38324,27.230293808018754
38325,28.915862587175827
38326,42.58232848997996
38327,37.005286128216504
38328,39.785461495434824
38329,49.88603085934655
38330,38.65361030255799
38435,32.23842861192144
38436,28.88499293265206
38437,34.31820328615187
38438,34.13719849957982
38439,34.174780766786846
38440,39.466598684303634
38441,37.674811437372576
38442,41.52539956931831
38443,44.18522216308137
38444,45.2859759702307
38445,52.21098383723556
38446,46.45273459417283
38447,36.26649627742134
38448,30.839763260473614
38449,33.32371826590723
38450,36.92633378110873
38451,36.00661003336755
38615,16.221764288753096
38616,40.02215885878754
38617,36.144515677898816
38618,37.272439930350565
38619,30.998336278812477
38620,40.33394907225933
38621,44.86670768346436
38622,38.86597587969362
38623,43.329716473719614
38624,46.8841948429345
38625,53.40257909360672
38626,50.18743621104437
38627,18.772509500047207
38628,28.435220631831626
38629,30.617644028708042
38630,33.67438275777519
38631,19.02349105730342
38632,10.349993307308342
38633,34.84200118098228
38634,40.70310673094159
38786,34.5618007156564
38787,53.4386975225002
38788,54.043022386459434
38789,63.73937662664044
38790,55.96283509031867
38853,26.386990703784715
38854,42.76555895890749
38855,32.479786494322646
38856,44.1517524662103
38857,53.84253216638118
38858,41.487866749347745
38859,49.93721301731462
38860,56.69543272449522
38861,50.29510528338093
38862,55.939375996232826
38863,55.28637392539295
38864,61.83570977318987
38869,31.219820956522252
38870,39.16152336957466
38871,47.748866936062164
38872,44.1186720935864
38916,34.1315529390536
38917,30.570081730663734
38918,33.74333711799714
38919,32.263151054833735
38920,35.953332695451316
38921,40.43147124648276
38922,31.65820238913836
38923,40.354789663119135
38924,35.93250509346849
38925,46.77598318887247
38926,39.100149528339195
38927,34.171821434057655
38936,41.6545073729405
38937,42.540959778873564
38938,44.73730816858642
38939,56.14461591864051
38969,23.159004589884624
38970,18.19289208541094
38971,17.854401358493472
38972,32.10931369821486
38973,31.523526606276988
38974,31.245019821873374
38975,39.91921921568375
38976,32.30751837350932
38977,34.966510520011795
38990,8.062474335200537
38991,12.934098449184035
38992,17.0086507521419
38993,17.64407440883872
38994,23.046402200751576
39004,42.42908671277043
39005,30.99236395371032
39006,39.12113272375226
39007,37.300694684885755
39008,46.32632094184403
39009,43.94370133243979
39010,58.65476763147147
39011,54.00751697098196
39012,57.138999337067126
39013,57.88415565969983
39014,36.183883137582704
39015,57.16229084873579
39040,17.23423218675173
39041,23.717353356283862
39042,35.021641473760866
39043,36.16287427805171
39089,27.054058814305293
39090,41.218523843403126
39091,52.11853152275871
39092,48.518349780752104
39222,11.783399448048455
39223,22.631353300816787
39224,35.27470872429579
39225,37.74875196286569
39226,48.637217947773514
39227,36.54317805041297
39228,56.38051223918928
39229,36.17807902164589
39230,43.485455616423884
39231,49.14229674279838
39232,41.641018684113476
39233,58.597637427505816
39252,20.67979338478363
39253,43.82762255037626
39254,42.83445365545356
39255,17.464522387251137
39256,41.987115589440975
39257,54.93637374881589
39281,10.025046374433549
39282,21.670637439208864
39283,18.745723352605367
39284,22.026945148965634
39285,22.257074014967053
39313,19.178320180097945
39314,17.891293171373867
39315,13.583147986801272
39316,34.324455591226815
39338,32.79573378526561
39339,31.39497675995955
39340,9.157499402343666
39341,35.687380350474896
39342,33.43219485879539
39343,44.98998905371905
39344,42.92842045614866
39345,34.27376654970348
39346,42.83148081094568
39347,56.880524983135324
39348,52.121049908924874
39349,63.12810997456918
39408,18.7405308266446
39409,32.12200878381826
39410,31.468336348484762
39411,31.96675414275977
39412,37.4506554935491
39413,36.904402852056265
39414,49.282707049908765
39415,44.15523156036046
39416,43.541779215587674
39417,53.13369791902841
39418,48.19410779077699
39423,20.389432711826696
39424,25.727550857202385
39425,33.761169824639076
39426,33.01719548907048
39427,33.89603015865017
39428,39.25947085019045
39429,42.59981001840465
39430,34.961694691442744
39431,30.770141486016232
39436,29.943496650996856
39437,21.225021721143904
39438,27.007499164023553
39439,47.782154706750376
39440,40.61728081739656
39441,41.0490862193707
39442,44.72466447706071
39443,53.216307645915016
39444,38.6000651325775
39445,54.491737363705305
39474,8.51196240006904
39475,17.569300122494838
39476,26.326588064562184
39477,36.86108692705219
39478,14.501373319202953
39479,20.658064477471363
39480,21.19188090307156
39481,32.14693957361756
39482,33.286502570331855
39483,28.858957247081715
39484,44.88957121245489
39485,30.403877686105773
39486,45.948431956955524
39487,54.53082179773002
39488,40.95478015886628
39489,53.43816685380506
39522,46.61053294052853
39523,38.642733141795645
39524,42.21470627837278
39525,49.212733484965085
39537,15.148293714103678
39538,14.405800469356631
39539,33.61695091384694
39540,30.63840343203925
39541,38.10027648773396
39542,42.105778617410124
39543,37.062558155179374
39544,52.154964863415465
39557,28.588682762825698
39558,30.027665393753068
39559,29.863492722039346
39560,31.46086112521275
39561,37.631140776543056
39562,32.03852083800572
39563,37.31895341995648
39564,45.394955820247624
39565,46.21607701618985
39598,26.98035010539908
39599,30.666233182074137
39600,33.40248119635846
39601,45.32413523897477
39634,15.233242287137548
39635,17.09283251570196
39636,15.35433651788932
39637,15.103968931462088
39638,20.635282751797156
39639,19.05304992488382
39640,14.524449762640968
39641,50.925613366000285
39642,48.35966847165002
39643,32.12655546507701
39644,60.7744099633683
39645,42.77640878223524
39708,46.89791164042173
39709,45.0342944225493
39710,53.94318534172624
39711,57.23799210731633
39724,34.613735126430115
39725,31.744566350479385
39726,40.71238902759797
39727,39.153613820592845
39728,43.02436214145948
39729,37.66379397917785
39730,56.51046979833287
39731,57.73205627577368
39732,54.49605045373509
39773,40.70013267785622
39774,30.88019404166415
39775,29.620964010381233
39776,32.850349165326634
39777,47.04423044851978
39778,39.67733666719256
39779,26.3165575358929
39780,9.50974076412696
39781,9.85214463710467
39782,19.84310170355645
39783,31.68029778620094
39784,31.45443419533193
39785,41.09994702715922
39786,37.0344379728758
39787,35.97640899774638
39788,48.70060415417843
39789,47.2524302031466
39790,60.21313944569965
39803,25.61751257998906
39804,41.76625798767154
39805,60.1072560535464
39806,41.82264965288211
39807,41.691106372381405
39808,56.67004087340368
39809,56.04949746317702
39810,56.15334718269594
39811,62.12812581467216
39812,66.9107683341606
39813,60.6420680112965
39814,68.94718185386337
39815,77.60134931299369
39816,68.2051110963238
39817,80.00176254715007
39818,70.7090564841821
39819,71.26691085270092
39860,33.03741393259656
39861,41.61416538028399
39862,25.369708041980907
39863,34.81087568275532
39864,32.52703461328766
39865,44.58505255108788
39894,31.61765958522711
39895,30.25891155004661
39896,31.869266595960752
39897,28.8134817211369
39936,15.522084560228167
39937,15.388030007938221
39938,21.624489459467775
39939,11.511414044943978
39940,18.235459481298594
39941,20.10973734557087
39942,15.123878027537494
39943,22.02765724950934
39944,29.88339202820402
39945,33.35575550056472
39946,34.72133844173811
39947,50.68277045167376
39960,3.8245820490089226
39961,32.14629717807131
39962,35.48927470522383
39963,44.041144067459136
39964,28.565742047700606
40034,30.79079850165959
40035,45.379456866481185
40036,41.728290477893765
40037,44.51404404987066
40038,48.582989232142644
40095,31.007891855228923
40096,42.132561582496926
40097,36.791620740214356
40098,44.35613971948172
40099,39.44156387858945
40100,37.70723957884017
40101,42.56079228714655
40131,11.765498036301906
40132,12.033707278511118
40133,15.700389001810182
40134,17.00071714007223
40135,10.627920534429295
40136,13.629441031545754
40137,17.865129271100333
40138,39.109727249481125
40206,9.416505664111837
40207,13.975080482910531
40208,15.194877291876818
40209,7.577868563048817
40210,10.827325180308359
40228,12.148959775192575
40229,16.501444525668788
40230,17.74973252627479
40231,17.70070966973744
40232,17.584346437411778
40233,32.583530405718854
40234,33.344329933821896
40235,41.046905813304406
40236,37.85631219567617
40237,42.763194016419284
40238,40.93470450934918
40239,47.87261526276592
40252,25.512511337963005
40253,14.882059109098627
40254,25.511149548707188
40255,44.93977347199664
40256,46.96479075776006
40257,52.701062360275685
40327,18.671494319871364
40328,33.531443008985356
40329,38.751396188518726
40330,43.29614480342903
40331,44.07920507315725
40332,52.16213272170122
40333,43.8780723875896
40334,41.81940086811955
40335,53.43020499867884
40336,58.35091790928581
40337,60.25511351355031
40338,70.59717640977098
40394,28.111942937204034
40395,36.65476754909111
40396,32.70093103485562
40397,36.51975374378344
40414,45.81351887263552
40415,47.44312780673307
40416,59.878654086815395
40417,53.700045958028795
40418,44.93964197981029
40419,60.97661967110319
40420,14.971174510370286
40421,16.749350701386167
40422,21.273052790717184
40423,18.806159807096318
40466,27.120657451505
40467,29.755762904938486
40468,30.313080281493612
40469,27.93268422564822
40470,42.649125004710875
40471,32.992459471961524
40472,37.17418604690764
40473,46.94961857197396
40474,49.06345846349952
40475,33.990911774809916
40476,50.91104077035933
40481,41.30100958224971
40482,29.64873587419746
40483,32.34022591726038
40484,38.33171220336569
40485,43.214917380159136
40486,47.657658131528926
40487,46.11996373625186
40488,48.28933932074069
40489,61.55271689370791
40490,62.99148708801819
40491,61.70550901532354
40492,59.56451076257862
40493,25.161124109183117
40494,41.3562928742059
40495,31.414045632351446
40496,54.21040900366154
40497,48.43285866825647
40556,39.3591620688802
40557,36.05611265348672
40558,44.42790331359384
40559,42.291051352504326
40560,52.26239115307922
40561,53.73770848902269
40562,45.879685958470496
40563,49.33706255933514
40564,51.4759698643505
40565,63.83519959785611
40566,54.88730273825433
40567,63.15828227999188
40613,24.707254104152845
40614,36.71288244412648
40615,32.78564423554575
40616,37.339397547506735
40629,9.4048532516914
40630,15.684078778069367
40631,22.02729779259252
40632,22.39697090671767
40633,23.98884386950921
40634,18.77035859278674
40635,36.40999567216382
40636,38.59071408566246
40637,38.18443948174212
40638,35.087633722517786
40639,41.5550425162782
40740,13.928610832225868
40741,12.645138404674602
40742,19.059994561541114
40743,20.575367953025452
40744,15.0506704885976
40745,16.676114538621874
40746,33.769589127812544
40747,40.48584980741391
40748,37.137666498456774
40749,35.23017750632437
40766,49.46353331841232
40767,45.98895595933322
40768,42.84705967736528
40769,57.77601734900889
40770,45.19410671759525
40771,32.43999824467069
40772,40.408377137794
40773,36.07167612981252
40774,59.50678748863364
40775,44.783507840512655
40776,64.3430254632694
40777,54.26225203982821
40778,59.27260275900426
40779,45.84953252923118
40780,59.429193905975744
40781,65.4789870686749
40837,16.533073626060126
40838,24.677622544210298
40839,32.11397036840843
40840,24.371389987078324
40841,32.44476542491901
40863,13.732540573870859
40864,11.693746409774327
40865,13.849836194376964
40866,18.083267806149333
40891,20.641864127489615
40892,9.392772065377681
40893,17.42439717069914
40894,18.275788537423637
40903,31.08382526147062
40904,36.47980141744137
40905,36.83308681061393
40906,29.274133370367522
40925,2.958307635321155
40926,14.786496833538754
40927,13.777429697485184
40928,12.209729002108938
40963,23.82671831663817
40964,37.06942702516365
40965,31.237776610426796
40966,35.92586990670667
40967,28.564892535699343
40968,37.80714258636582
40969,40.59502796156551
40970,38.09952826697779
40971,49.00713557777269
40972,45.018884879621076
40973,45.184581537005094
40974,60.51272898486241
41003,21.264096653148247
41004,31.53547962715267
41005,33.423724097335324
41006,31.452861198205674
41079,43.000499743918525
41080,50.04205792116614
41081,39.42767164812254
41082,38.96736012389903
41083,45.10672163754272
41084,50.36645212505876
41101,27.334077220701637
41102,30.93626276183992
41103,33.137916661324546
41104,35.32608547414305
41105,35.19856021965826
41106,32.02457788100728
41107,48.670140157916315
41108,38.14173171658447
41109,50.88404188304278
41110,42.4951420136164
41111,50.330554964463985
41112,44.64766079858362
41129,38.242880286794176
41130,21.556894274334486
41131,44.517355960769244
41132,52.939018614087686
41133,36.394752963060796
41134,39.755958219657174
41135,54.10165531194186
41136,40.71937290970997
41137,45.931597542064345
41138,47.53129156721309
41139,35.83755276278556
41140,30.668990544709928
41141,36.63487655740098
41142,35.52091698650541
41143,40.237754355606555
41144,38.77832100929584
41145,44.30658475926195
41146,54.68383858536969
41147,50.51834995567202
41207,16.384697253904307
41208,14.010171683721422
41209,16.482427444495674
41210,21.74123664849438
41211,32.44554036946754
41212,31.017467229769498
41236,20.6419230473266
41237,13.489377837797285
41238,23.126692026632497
41239,21.030914002292715
41268,28.459289409552508
41269,34.2337071004699
41270,35.03798251035451
41271,31.72757759074507
41272,53.73726981228951
41339,33.97181737174002
41340,43.508497855306636
41341,40.423747196394785
41342,32.39495383231049
41377,27.09373881176005
41378,20.174681481806093
41379,38.87568759697496
41380,39.875842039735424
41381,53.585359685957094
41382,37.473735546526214
41383,37.35429879150275
41384,47.645332442978926
41385,53.53747244711514
41386,48.512230300796276
41387,58.27550368198555
41388,47.76520057270123
41401,18.44230904129369
41402,29.51353941076404
41403,41.633753421092656
41404,41.18294656174357
41405,40.875948809537235
41406,39.03375956323312
41407,38.45889926310022
41446,54.320233447790585
41447,53.11527235304845
41448,51.17899527673731
41449,49.82514812590644
41450,44.634041013620624
41451,45.88819824846801
41452,46.789657880562885
41453,57.66435710951934
41454,57.05088762769942
41455,61.353653139638546
41456,64.67609193123113
41457,64.70963692860916
41484,29.497406177771797
41485,29.94992938044985
41486,51.83188165861316
41487,39.557699835851295
41488,50.33628110282168
41493,21.004339769189137
41494,18.692133594691366
41495,9.30914087590106
41496,17.969919657082805
41497,26.65389810713103
41498,29.834747420037484
41499,34.92179673141241
41500,30.53111770240741
41501,44.077792225105256
41506,30.08958160860138
41507,38.3816567743924
41508,41.47124343808396
41509,41.03816407809615
41510,3.669618945134657
41511,13.098957455057635
41512,14.151692804786837
41513,14.437271701610277
41514,18.891608164632835
41515,14.348409780465149
41516,14.348409780465149
41517,20.290589770747147
41518,38.54207611142447
41519,39.23609684752811
41520,36.819199340721774
41521,37.757845099163
41530,3.098010178133444
41531,9.980115281680938
41532,7.0558764895917925
41533,5.42621485071858
41534,12.939105625063972
41535,22.439971221695522
41536,14.826011796700964
41537,16.04901035410041
41538,40.127780238993
41539,36.93241640710746
41540,37.8454443897992
41541,35.111732332482106
41559,35.83755616329529
41560,28.768878260440864
41561,35.77457708829024
41562,38.58306719136137
41563,32.9926784832034
41564,54.11308365892056
41565,54.40742070883701
41566,51.941752066732015
41567,63.44477603164459
41568,66.61372408382633
41569,68.55646455844493
41570,54.66203433929677
41579,37.48960681966986
41580,39.17870337605559
41581,36.77254730563949
41582,51.3657584244489
41595,18.55054516922899
41596,34.80993510083873
41597,39.86465275271515
41598,32.994840703561174
41599,36.80246405810023
41600,43.14859652145419
41601,30.707001664143643
41602,32.00539762899819
41603,56.6530281655456
41604,47.27261620572431
41605,53.993953596903246
41606,52.46090276714739
41652,49.80226362158611
41653,52.053452436526186
41654,53.457735540505816
41655,47.59735331874029
41807,16.344215050914787
41808,22.599556696588774
41809,27.20664410390812
41810,19.710699155281542
41811,33.7049252195876
41812,30.22678230855923
41813,31.34203397570831
41814,41.13734875049398
41815,30.801383059837768
41816,35.95533495905969
41817,40.347421396274314
41818,44.341331009345694
41856,3.3833833476850144
41857,5.455660337547701
41858,5.6707782138347005
41859,12.346051334988921
41860,13.800625707072678
41861,3.3367884576529643
41862,4.104742765165777
41863,8.069454742480914
41864,13.663395185130335
41865,16.54960168392219
41866,8.275122910235314
41867,17.720017047685886
41868,15.43018653384621
41869,17.722422785115107
41870,16.381203842539872
41871,22.11823448838771
41872,41.06134202444606
41901,21.55145952961614
41902,14.194605077209525
41903,18.131387572099626
41904,21.41729594079091
41905,14.65703106272516
41906,41.93496971090296
41907,34.68110938599063
41908,43.64214345964212
41909,41.87103004243603
41910,39.28451722016957
41911,42.349936441172275
41912,50.72383791840405
41929,39.94955397734533
41930,41.67858554424877
41931,31.453057680581736
41932,59.630310070317776
41933,36.54125470828057
41934,40.12932715867517
41935,39.010361733303725
41936,33.88771504982176
41937,36.69900699506658
41938,37.618886122563374
41939,42.048230683499405
41940,43.824652701416554
41941,49.881519596202274
41942,55.34769963673623
41943,44.12230378833878
41944,45.03801413363142
41972,29.398398837881377
41973,29.977574848776392
41974,27.867031063106044
41975,37.39064006465017
41976,32.3273759772275
41977,40.73265435463488
41978,46.39534036436063
42010,47.48832309579356
42011,38.608883741436834
42012,46.89037624334799
42013,52.539102910286736
42014,49.76197246009633
42015,51.67504608440827
42016,66.04260673632761
42017,56.42870743994149
42018,66.82437241950802
42019,14.501980790442921
42020,19.52217357115608
42021,16.423391282951005
42022,14.994738005736725
42023,40.97772423866492
42024,38.179440066520144
42025,42.2403659321192
42026,45.2647823635773
42027,44.65277476462834
42028,40.162611782326614
42029,38.76399279743245
42036,8.681009532700305
42037,15.817307599959127
42038,12.412840463099402
42039,16.785212293439727
42040,17.646645719608305
42121,12.361515193538496
42122,32.25087906547853
42123,30.402700699908014
42124,33.23803623848517
42125,30.919498384204328
42126,33.616933293096686
42127,43.13281048845885
42128,39.54370291878354
42129,53.232287956938166
42130,54.35042495294135
42131,40.83523745538453
42132,49.205302624012305
42133,20.72659030805054
42134,21.972905531450504
42135,29.556212899784192
42136,34.379419636505254
42137,37.53316255608161
42138,35.24752123411992
42139,43.54379768864689
42140,40.338700835067776
42141,42.926551989930054
42142,43.37473733894387
42143,47.257944536261526
42144,44.798064851212146
42181,10.813951178694978
42182,13.050625557827589
42183,14.023038578225126
42184,12.977978229130887
42404,35.780317596972594
42405,45.693951368222734
42406,48.78966257520606
42407,42.06708953657916
42408,43.04961108288565
42409,40.69432027891878
42410,47.43577364056371
42411,41.84594819883489
42412,57.1436173142322
42413,48.75362979059141
42438,19.06887270609388
42439,24.065856611366698
42440,20.90645220822136
42441,21.38885565915546
42442,34.51413832118324
42443,39.14259109485383
42444,32.325074928990716
42445,34.47904699305836
42446,43.69313198625844
42447,45.290247625341735
42448,47.13769861367314
42615,34.251663977389256
42616,22.684103221881976
42617,24.903844437616172
42618,42.97136793430522
42619,52.225120016350424
42620,39.973061916057326
42621,45.48827901121311
42622,37.81031011655708
42623,48.13641777746693
42624,52.43816880293601
42625,53.012136296540376
42626,65.52672606063042
42639,23.119838822686884
42640,21.14521873797522
42641,25.747616670107742
42642,36.64157554519827
42643,35.03560525646804
42711,10.41431311963427
42712,11.223131051901015
42713,16.231808343435365
42714,8.73915461254221
42715,19.86460041283863
42716,20.263053991207865
42717,15.948244431133917
42718,22.321498425336127
42719,13.553551879478347
42720,38.73343027006516
42721,50.051123089669346
42722,40.88536718226619
42749,20.456484551779784
42750,40.17290876665021
42751,32.93938326799236
42752,47.312291259440265
42778,26.57280933451329
42779,31.755535153392383
42780,32.346760712515604
42781,35.47625610595394
42782,32.26431246910068
42870,11.433483275607397
42871,8.955884608028818
42872,12.646844190051684
42873,17.501608991641152
42874,16.839853329726427
42875,17.488010506799732
42876,20.377136131076917
42877,34.279937766452704
42878,42.76184823951848
42879,33.22741341438736
42880,47.00350895590422
42881,44.07454097593638
42977,4.5194571199403635
42978,10.629088435222842
42979,15.235188068120172
42980,19.70473504735237
42981,8.94010255005107
42982,17.693429075279745
42983,39.304563694962674
42984,31.622509291880533
42985,45.74948588240367
42986,47.277404096910075
42987,45.930817378684836
42988,36.659240035899614
42994,45.12371246386977
42995,48.926481410758036
42996,44.008832279065366
42997,45.97362815691061
42998,60.30621462760069
42999,42.024314217599425
43000,55.71101832166477
43001,56.82804693014765
43002,56.00935497250475
43003,57.34740930909652
43004,58.29975860350117
43005,61.71799093047248
43018,14.546625899753927
43019,20.888598430504427
43020,34.952904619741034
43021,40.37946223229586
43038,19.426606506898082
43039,25.972336790822062
43040,22.48516484643113
43041,32.07573676903898
43042,31.240678973366244
43043,38.202562692014865
43044,33.80720843836552
43045,41.19670004450132
43046,33.33818763897607
43047,44.79913530621304
43048,52.6510235539612
43049,47.011714686718165
43050,35.244378979610495
43051,39.73365740792445
43052,28.65302122486767
43053,32.83186923084988
43058,16.48436579959496
43059,23.764305486841778
43060,19.622613301042378
43061,32.3523379194442
43062,31.59424364098323
43063,43.63582938029003
43064,41.423601733449
43065,41.115055360052246
43066,45.29481490187195
43067,51.466183368011095
43068,48.355099869206256
43069,43.9239270835722
43120,17.44315771667084
43121,30.179610172135476
43122,12.926348142011516
43123,31.446114268440862
43124,36.21010165877335
43125,32.417259323517094
43126,45.266382385736875
43127,38.454392352919214
43128,49.39536499572101
43129,42.78280540255136
43130,39.67005690571731
43131,42.83148856352599
43132,12.635581837898453
43133,22.50775269640539
43134,34.11389007424219
43135,31.52824648342272
43145,33.73205839764369
43146,24.44981049911696
43147,35.68435012351731
43148,48.8905678653616
43149,40.89262396995177
43150,46.41628447704148
43173,26.70546658088687
43174,30.301880618354577
43175,31.204024868661595
43176,32.78911245321768
43203,36.79407804031454
43204,44.708662973185604
43205,51.6400172653722
43206,40.90381672362611
43223,21.81980942009491
43224,23.532148323500902
43225,34.2960598702733
43226,28.16228575751215
43227,33.98276697327371
43228,37.26588159170344
43229,35.85476130953381
43230,37.0610712861973
43231,34.13589848738428
43232,39.5845614837588
43233,45.503500450449934
43234,46.08250224672356
43279,22.44079277008576
43280,31.803053820440436
43281,32.88917661533888
43282,33.26615145624365
43283,41.12867250784898
43335,25.99546372823909
43336,36.32337975447611
43337,31.123885785956258
43338,35.4777034510374
43339,42.083892288771004
43340,34.76785583886614
43341,55.62511382485432
43342,38.510449652319245
43343,45.61970446649691
43344,48.549124838699804
43397,43.43143197811815
43398,21.90664166055432
43399,21.606355189382796
43400,34.196693037638624
43401,34.24317970757596
43402,36.77554965166597
43403,49.61625303853737
43404,49.82307870768314
43405,40.828432598096995
43406,37.160845649832396
43419,32.83713085904143
43420,41.140290796689825
43421,25.35181718619991
43422,46.03609562647117
43423,33.431251464895496
43424,46.97152228935254
43425,47.95078431069239
43426,53.623456444263695
43427,40.04863253315773
43428,48.0069297939239
43429,48.0872679387705
43430,56.258953344783905
43457,17.740356201668167
43458,23.257039284074125
43459,23.161495988077483
43460,34.75650895841385
43461,35.4672161295451
43462,34.6221608024905
43463,36.57551321923538
43464,47.03455331415861
43465,36.623408778266885
43466,46.21762359177048
43467,37.794603523247794
43468,37.34656956087254
43506,58.16277397307576
43507,33.78401174914678
43508,52.91619190833638
43509,59.831009177685594
43510,45.178056934823594
43511,55.87572900838405
43512,46.25031373201638
43513,61.008834341436454
43514,52.142294336364714
43515,52.84719021788469
43516,54.5683258054762
43521,5.684435857023814
43522,9.121031913723554
43523,13.533387353379563
43524,10.5023120724883
43532,27.584630411194198
43533,23.280718019038513
43534,35.59590404489175
43535,35.16292278532698
43536,29.676921360795433
43537,36.673093235767865
43538,36.70574331806787
43539,39.97150037277531
43540,38.88910915159778
43541,40.34406268035606
43542,40.01193026164426
43543,42.55582162010242
43616,34.2000486730747
43617,23.395301640668823
43618,33.963703836554025
43619,33.04858054901218
43620,31.706617999530256
43621,33.89987680164494
43622,35.6707323296032
43623,41.70795690897175
43624,48.09014809127196
43625,43.92920518065191
43626,42.218802091048154
43627,45.12521110153802
43776,19.22123139483033
43777,17.60948706822312
43778,19.990330136497395
43779,23.873511495369073
43857,30.56703069210559
43858,35.03654533757081
43859,32.29220718778151
43860,34.88813282518463
43879,5.427696823056872
43880,5.464867856339511
43881,6.592034008333434
43882,12.091986849396726
43883,13.70287051436263
43884,16.854140323977546
43885,15.651817683639898
43886,14.859314697895867
43958,47.914656546274074
43959,42.7777714102479
43960,43.66830018268907
43961,40.521480276401796
43962,36.92481645492104
43963,47.68374602013096
43964,44.47905933353561
43965,57.236758689558755
43966,55.84923754564792
43967,60.93141525156296
43968,57.62514947186873
43969,54.40027843499235
43970,14.639944463675288
43971,27.340142102111255
43972,10.257632915580452
43973,29.988242495790217
43974,41.44794598485346
43987,17.69491018906486
43988,35.691008204929794
43989,33.55492075771092
43990,55.462367478824646
43991,40.857543762904385
43992,32.97508389929886
43993,30.567511555461984
43994,43.96338696975463
43995,42.811331872744454
43996,48.32262842705421
43997,48.700690099627096
43998,42.57654347288831
43999,49.621320893131845
44000,53.99964169861052
44001,54.23468315117634
44002,56.27161623915337
44074,31.88335644845494
44075,38.174069959651696
44076,41.55450496707519
44077,43.3573593239718
44078,41.419742440944304
44079,36.40069082083263
44080,51.84137003082421
44081,43.36159441999602
44082,58.08264467435104
44083,59.338025311539845
44096,44.15333872646979
44097,43.932852835652426
44098,35.81168251645655
44099,50.622625477491184
44125,27.910432350201948
44126,13.268266305538518
44127,35.27683112987119
44128,39.39117131019557
44129,33.65915563894509
44130,37.76418234407002
44131,46.00168773424982
44132,37.931201949295314
44133,47.074248851597865
44134,51.42863785842816
44135,66.1956317638428
44136,56.072469093531424
44188,13.122460311931725
44189,13.813939612038466
44190,18.101069591936795
44191,15.083550694320314
44192,21.50429321836747
44193,15.678613082810045
44194,32.8582186426325
44195,20.05676855671081
44196,32.835585634832114
44197,35.80251725436236
44198,40.91258384327363
44199,41.247689768002886
44200,9.782536056985151
44201,11.990384541065671
44202,19.246920692904247
44203,13.581663252726429
44262,14.229128375254481
44263,13.960635042039414
44264,17.889032386270607
44265,15.304869184451212
44266,19.194447665403807
44267,25.2563193492322
44268,21.31513936754892
44269,33.724615445225176
44270,35.38621243898003
44271,35.737656629170424
44272,31.375445422186694
44273,39.297375575825185
44274,9.692653192572298
44275,20.124828471349705
44276,13.907349959686908
44277,16.90838805818219
44278,17.363513976417302
44279,21.63170292026599
44280,46.98722796529979
44281,40.06048265503459
44282,46.21269681809146
44283,43.308807734644795
44284,39.12080244220846
44285,54.98355563426797
44286,44.68577114165274
44287,43.54247728485996
44288,51.30738766652224
44289,38.128619386464194
44306,32.26333101730276
44307,40.77756519639728
44308,36.85875654673149
44309,52.27403887245142
44310,41.43339471080528
44311,34.20205124695212
44312,54.909735427595294
44313,51.72578972020004
44314,47.0902314454735
44315,52.56194961070597
44316,3.2053295050427337
44317,5.145269748318844
44318,5.517249624071109
44319,7.714230451193659
44332,19.100389675767502
44333,33.40303016746683
44334,25.67592143754116
44335,30.440751715925007
44336,33.83828717416102
44337,34.499822760430376
44338,44.10966510188546
44339,47.21567706391183
44340,52.110668687963276
44424,43.53423320956925
44425,43.83748331240153
44426,49.496989233310764
44427,52.21285087975401
44428,57.495927460590636
44429,55.25031999231742
44443,39.03519915821567
44444,43.94123452814454
44445,36.35532269839306
44446,50.00660472003197
44458,4.2340519956670555
44459,11.561699799289457
44460,15.799769844776428
44461,13.58529053335717
44474,52.58842438376114
44475,37.39003917328345
44476,36.66468766637136
44477,43.53347701238808
44478,37.108723143998226
44479,45.08132001891943
44504,53.633191923996584
44505,48.728695344469486
44506,52.48672202580168
44507,50.0076234146684
44508,55.47271050261631
44509,58.80354416333331
44510,66.60271552184847
44511,59.7393567239327
44516,32.01207776415014
44517,36.34154056729395
44518,45.638784771787805
44519,48.30938485680939
44582,3.7012778509844577
44583,14.176749176911665
44584,19.873907067810553
44585,24.34584502361709
44586,21.312738278937495
44640,49.507762038419685
44641,43.84845547650659
44642,53.69779394283369
44643,44.060121302499965
44644,44.72792136546536
44645,45.236023988204444
44646,56.55947710409614
44647,56.951468743889194
44648,58.830828239814274
44649,59.861043249864785
44650,62.53018336047498
44651,62.89369215448209
44669,30.155367915471615
44670,41.72392586145748
44671,37.736045805948066
44672,34.73744710200433
44692,40.9972547839461
44693,49.16940291758468
44694,50.91353373246006
44695,47.98661552364471
44696,58.705305638411
44697,49.395092031362154
44698,60.643459065464
44699,54.40283755562325
44700,51.84409699948987
44728,14.95879356679015
44729,18.830910651261185
44730,36.40294153263786
44731,34.89148795355348
44732,30.41209777353199
44733,36.73089596375323
44734,42.21277502026884
44837,21.793113850792555
44838,18.394676820976215
44839,37.44100524752032
44840,32.50312066686355
44841,33.148499240983426
44842,32.70323105060304
44843,38.169422119017256
44844,34.98586498716113
44845,39.8632750344073
44846,45.1746764712904
44847,55.47281717332173
44848,46.66607909843865
44849,53.892304423212074
44850,55.32024875345516
44851,61.86946900214154
44852,57.19704627231529
44853,28.3757905550005
44854,23.489399547123163
44855,34.28964225787459
44856,29.458204364286672
44857,26.759805700429297
44858,43.88919081219476
44859,36.08832939484683
44860,47.52730822046386
44861,40.35830542352206
44862,43.92911645174898
44863,48.2576547115421
44864,52.25509907087169
44885,31.42647541159806
44886,24.61641220474967
44887,14.569139535934523
44888,22.045314044414113
44897,53.02792386312629
44898,55.54297850752426
44899,50.21383163099985
44900,52.26685257260847
44901,68.4721257635909
44902,64.17229431650769
45041,22.85796050362756
45042,26.40886348084117
45043,29.42472038319636
45044,31.531608683667532
45045,39.18105782440238
45046,38.64073792782881
45047,35.991678355571935
45048,40.912997603439635
45049,41.76042864182853
45070,13.81115480011224
45071,12.583537173833964
45072,10.626693273132181
45073,16.746651934159154
45074,8.247639866307741
45075,43.48875160329205
45076,31.92682969777455
45077,32.11841578758399
45078,38.01882436201537
45079,54.57480343230709
45080,51.67520026613781
45081,53.53607114981319
45082,59.39100103664397
45083,43.71623974777954
45084,56.94312626843603
45085,49.27583263196559
45086,62.26211264715501
45087,52.00557277723411
45093,50.16914048180392
45094,43.62875889831424
45095,56.701901968414994
45096,47.36571097401122
45097,42.70124267449284
45098,48.77902444195963
45099,59.413694494175594
45100,61.30107731175151
45101,58.78529718826635
45102,56.060876851591495
45103,66.96826380388728
45104,64.10737420571213
45105,33.65779087907521
45106,29.68651427849092
45107,49.41430239792051
45108,36.931012751285856
45140,17.39304464767409
45141,36.147000245917845
45142,33.82168401609022
45143,35.201834167739285
45144,35.607828706227885
45145,43.06448117405303
45146,46.796011902610005
45147,43.53071266315803
45148,41.16164121598581
45149,41.529283568346145
45150,42.15414601895765
45151,41.500909001876266
45176,17.5575451079689
45177,31.7222076194598
45178,22.956691570549022
45179,32.35639879269967
45180,52.15052257886649
45181,29.71958219794051
45182,37.95845450306648
45183,48.70118691664429
45184,53.59787434619616
45185,40.31864663893354
45186,34.8317230345639
45187,38.534387103767216
45253,16.74391750942862
45254,20.687065351357187
45255,32.70112850871504
45256,32.83267535650677
45283,37.7525842682881
45284,40.70888083172756
45285,46.82615675296904
45286,46.87225243676567
45287,42.90899646676253
45288,49.775050922123164
45289,48.0847497166873
45290,56.61208219134395
45291,54.14457725914725
45292,61.50119064741342
45293,46.80977912888144
45294,56.92713117010308
45354,9.14313269332316
45355,18.317269380558603
45356,17.867261438794976
45357,16.0183224300253
45399,14.836739569211739
45400,30.373725225953425
45401,30.71265672815598
45402,28.548850793755147
45432,15.012768631598254
45433,25.3909121437756
45434,25.153467040693812
45435,32.32216508887129
45476,28.66740323239049
45477,31.26367562812633
45478,30.899063385791543
45479,46.27130563987636
45480,3.8880633294357807
45481,5.637077786474614
45482,7.323260292434884
45483,11.11451756887018
45484,14.765129166780692
45500,15.566809919706309
45501,28.611841916810796
45502,29.981039250514925
45503,30.481970567181676
45504,32.44032666388994
45505,30.95147356637378
45506,31.894171747482982
45507,31.57441180137116
45508,38.16039047325241
45509,42.86783151128447
45510,30.476090268994565
45511,36.60073744647711
45512,45.05368364165893
45513,57.08142484222057
45514,45.244408857714454
45515,52.69277737980587
45556,18.717887478493772
45557,38.49645365510284
45558,22.866953287540692
45559,34.61666979607087
45560,30.299258931818038
45561,36.11894117940659
45562,34.69266977110757
45563,43.319240207110774
45564,33.470471835193585
45565,31.642862550087337
45566,30.334434868020615
45567,35.0752969250655
45568,46.06012745328373
45592,18.711872608580276
45593,29.880001258786177
45594,18.394282596860577
45595,29.66504526685319
45662,31.398533619328525
45663,40.75717284474257
45664,35.859761297358766
45665,33.58909401616255
45666,39.750241946425724
45667,58.27079826207579
45668,45.60408834134338
45669,45.03938157721334
45670,49.983524308355825
45671,50.58917611745682
45672,54.93160577098826
45673,50.61381422993582
45690,21.23705655721105
45691,22.417121911449893
45692,36.038060724205245
45693,47.07213660869123
45694,37.87674448145209
45695,50.13064774086989
45696,33.42923844004816
45697,41.00620992542297
45698,19.390493519743213
45699,20.454523956813798
45700,21.664806973192466
45701,31.856120483808255
45702,32.24253722836272
45703,31.521782818103077
45704,42.460919665110595
45705,50.74251476353007
45706,43.17571580533654
45707,42.097502796472995
45736,12.652775313831015
45737,23.753074425915358
45738,18.11232334972837
45739,17.57810594015676
45740,22.038554005139382
45741,38.65892733729383
45742,36.52193964947743
45743,37.82257667576969
45744,30.973194237031986
45745,36.10273778192146
45746,38.29572102034261
45747,41.57985955153133
45820,4.298014237806601
45821,7.073086540968867
45822,10.984061603024
45823,7.870613905439569
45824,17.088183988788426
45825,14.915503751535667
45826,19.64609681749247
45827,18.296960184788528
45828,20.849953926462593
45829,40.12546821251043
45830,34.763953109466925
45831,34.827967782298614
45832,31.699143617268888
45833,36.241217739304645
45834,54.24169866403747
45835,41.98639006369981
45836,48.89311376746217
45837,63.129105566886174
45838,45.86059104104024
45839,55.053078494467876
45840,59.15623928037682
45841,59.03619902173726
45842,58.17601338581477
45843,62.43842040456829
45873,31.685401305637573
45874,48.958607203745736
45875,50.00822060868107
45876,51.75773825807965
45877,45.24924864310637
45878,61.92392077389675
45879,57.88708627769014
45880,63.336623920016976
45881,56.409899831183395
45882,62.905855336092785
45883,67.10168808697944
45884,61.970303809196224
45920,42.82182857985688
45921,38.24226513367092
45922,36.36296396145434
45923,61.189289147228244
45924,45.82709560433089
45925,37.13882893149658
45926,45.52406987946119
45927,56.815197029689834
45928,59.50304689318797
45929,53.01031766285532
45930,49.76528844149659
45931,56.092196339717994
45944,25.350150090481566
45945,47.21358884179218
45946,32.239447165468015
45947,38.68687049087894
45948,33.17432287159941
45978,30.55685890884842
45979,55.51677577900236
45980,46.12536460528984
45981,52.999566139836446
45982,44.93888503027352
45983,50.96665017542996
45984,51.140263798363485
45985,55.20833940396822
45986,50.983863607476145
45987,56.656448958610895
45988,58.322889941891674
45989,64.61159193112144
46068,29.686677725864755
46069,38.500578558355556
46070,43.56756690117326
46071,45.65313433517265
46072,50.791338786182266
46073,57.66573823637085
46074,52.1557157681494
46075,50.80837371363831
46088,43.41700103098214
46089,44.05738789406313
46090,49.35638708379025
46091,48.893941150071456
46092,36.80882331207992
46093,40.97534757068071
46094,54.41705802718459
46150,39.655458086109604
46151,22.83426253773482
46152,33.2669038644328
46153,29.05922437812596
46154,29.536566498237583
46155,34.79398279178431
46156,53.413582426044385
46157,41.21057016983515
46158,43.52818657160704
46181,32.29175818243718
46182,48.26965614872429
46183,44.00152206852129
46184,43.535370169523524
46216,51.37993024637549
46217,30.224103379245395
46218,38.86651519491082
46219,38.34076579320732
46220,50.96034744776222
46249,47.29384172276799
46250,35.26893943712671
46251,42.284732029174215
46252,34.688507728572255
46253,50.80659543692083
46254,49.38973246372196
46255,40.516371455345315
46256,62.12694531450467
46257,44.111969044388815
46258,49.11719441336814
46259,61.70199192755749
46260,50.49834839536045
46272,10.84333660071831
46273,14.291639684132436
46274,14.514251214112972
46275,20.984647701481748
46276,31.95508144152298
46277,33.34238504067187
46278,35.9573579996281
46279,39.40193988282751
46280,34.139956959124255
46281,38.47298219695116
46282,44.34012855380582
46283,41.93539729487921
46288,16.234242399845655
46289,13.933857229315908
46290,27.74263384722465
46291,33.52445410171831
46312,9.600098769416261
46313,16.62345509840145
46314,15.78030605362222
46315,21.755955828846187
46316,56.33883063145949
46317,46.4333645512569
46318,55.03305112238159
46319,33.02549148849608
46320,56.78461959172083
46321,51.04048293443587
46322,56.0064547374645
46323,49.317348660712106
46324,46.548847425426665
46325,58.4630104115098
46326,61.092177146516214
46327,59.71069779557596
46340,32.44365114530979
46341,42.14406239229767
46342,46.67810846322743
46343,31.441010271046704
46425,4.973263353397484
46426,17.15115135520178
46427,21.521149573988733
46428,29.479764963508096
46429,45.81227428833041
46437,33.53660697994529
46438,39.38206318469786
46439,42.08254744894446
46440,37.89994086878616
46470,21.363004140283987
46471,21.861674685406253
46472,31.38881555878156
46473,30.174183314540425
46474,34.50984971640188
46475,29.029580159715124
46476,43.610395886779344
46477,50.52711006572621
46478,43.67331701242717
46479,43.94956334988308
46480,45.72068315539818
46481,54.20268490584313
46530,31.9451443738906
46531,32.33875512254242
46532,42.649095798895964
46533,35.46167896704511
46602,35.459658146117
46603,32.77098725750397
46604,40.70379607871136
46605,40.610671831989784
46635,31.06980449552963
46636,33.78947136460743
46637,30.65936464055665
46638,36.03136873633551
46672,23.703064503662322
46673,33.80697900120312
46674,29.946123089604892
46675,34.66170197502301
46676,30.870975881585128
46677,37.61903288420409
46678,51.05676928105744
46679,42.289863666850074
46680,13.42939055350401
46681,20.493974977277738
46682,33.250430193888604
46683,46.69969708494393
46684,36.09149013130351
46685,44.4700551688186
46686,42.661196410824154
46687,48.27240858609305
46688,41.03826946834881
46736,49.729571639507284
46737,37.20957802562852
46738,41.83792440001206
46739,40.520184285322294
46780,21.54544534477102
46781,22.838814116720616
46782,15.403259244593745
46783,31.86599906230784
46784,38.081103437695
46811,21.721896365001527
46812,52.86848634915116
46813,45.817099772141226
46814,49.313877686745876
46815,53.59708931189998
46816,59.26332399741636
46817,60.357609694825356
46818,55.43111776678714
46819,56.11957035952347
46820,63.82742546845194
46821,64.66296124533372
46822,63.158948318011824
46839,18.26390987351038
46840,19.1181800042946
46841,29.805711579765852
46842,20.150208996157613
46843,31.486527010148947
46844,30.37158712907646
46845,36.19093348770892
46846,39.270214211391824
46847,31.875817894054077
46848,49.427914458543405
46849,52.01210238226431
46850,48.2105735880521
46977,9.455199750321482
46978,8.046626224475302
46979,9.31744007784562
46980,12.762314935146426
46981,14.527722233002374
47007,14.822240165582528
47008,21.222636828316237
47009,19.53683936039977
47010,23.552787802900014
47011,37.01609052655511
47012,12.92607959480397
47013,14.602494545598434
47014,15.712395104460823
47015,33.62055090368708
47038,18.394250228620653
47039,26.996313766497106
47040,33.50209147310939
47041,36.83068370833792
47042,38.44390720835763
47043,40.3140596831622
47044,28.577456036093533
47045,52.510758535468206
47046,52.8529822674066
47047,42.04817909951017
47048,40.6136129098872
47049,52.89971362878049
47141,34.39023929982413
47142,51.41032491202651
47143,50.837812825025836
47144,56.409254749025514
47145,52.50762738030718
47146,53.08717352386459
47147,45.051985686269525
47148,58.82239616349166
47149,60.77884038773032
47150,65.77101305880232
47151,69.83851154193862
47152,69.6811626948292
47211,3.8447303999282427
47212,5.070219973150067
47213,6.25016050018774
47214,8.724030786919172
47215,10.82046866925199
47216,11.265715144387348
47217,13.204900870009558
47218,15.20686244546773
47219,21.075706545845435
47220,17.9658739370493
47221,19.10012091881289
47222,18.410610754511016
47223,53.63860607057286
47224,54.345508492945534
47225,47.45323767098332
47226,45.01832681391992
47227,11.74446923129841
47228,22.452730761678733
47229,33.46770325024209
47230,34.90175891730778
47231,42.479374646905256
47276,4.285793856750771
47277,5.927677050125868
47278,10.512397253445148
47279,20.13750898306037
47280,3.417872901005323
47281,5.712083120306914
47282,5.717183373373689
47283,7.335375716081276
47284,8.358574311197705
47285,12.65294730540856
47286,11.767788457892035
47287,19.472964778365387
47288,13.444839720324318
47289,17.65638823146031
47290,26.257644959564413
47291,26.992816460432113
47292,29.716564186828563
47293,13.777623631264438
47294,33.42614539166839
47295,47.63718255337905
47296,8.33851444758502
47297,15.944775233163261
47298,13.112747208993017
47299,30.664353738288554
47300,37.279891265064144
47301,32.69965074861713
47326,56.215216450249
47327,49.966327353111474
47328,58.15310886635524
47329,47.226624202043816
47330,55.48229361837052
47331,65.91266626644854
47332,65.40726539730986
47333,60.03870140762797
47334,57.390276979226336
47335,67.90020499737818
47336,66.26761972217585
47337,68.30374477782615
47377,20.889689297395005
47378,15.211928968382713
47379,20.129209408527863
47380,20.076239154663558
47381,17.464799479151857
47382,16.279919171775546
47383,31.10066395017977
47384,38.27170616995615
47385,35.44006795624519
47386,33.44482274903282
47387,42.88904871383816
47388,33.91759545143266
47438,41.542010784249776
47439,36.1018391157702
47440,36.45121080226135
47441,34.10138894224355
47442,33.19453846364697
47443,33.673514062057286
47444,30.72831494726622
47445,36.75935386008818
47446,42.193887330550986
47452,47.11182962549385
47453,59.071918032999626
47454,47.55769122308407
47455,55.25987330594767
47456,47.399207048968776
47457,46.94713293292468
47458,44.94366583501039
47459,16.326417210295165
47460,17.376252141102416
47461,13.637897633515925
47462,21.036269184945226
47463,33.64403754464169
47464,48.34330043488826
47465,34.71291028275574
47466,31.67561834772877
47467,47.31341134211433
47468,45.73665910080306
47469,39.224044183636785
47470,42.055754077594315
47490,7.428628434814803
47491,19.97049712567053
47492,32.904702440427634
47493,37.37955433123254
47494,41.71768022101836
47511,38.02706798663751
47512,40.25342788389907
47513,56.54607295333676
47514,55.123034343770826
47530,20.74286639334436
47531,46.45169953510546
47532,31.504761322208402
47533,35.250289704449926
47534,33.33832708381787
47535,37.76575729111237
47536,47.22878645931235
47537,38.81625775382441
47538,50.754491863877455
47539,49.36134710130461
47540,51.81452278026218
47541,58.640694245248646
47551,15.366838844693074
47552,13.063847579063447
47553,9.285122829452341
47554,12.376939791933028
47555,15.118110938406174
47556,18.969883610440622
47586,44.34940109391833
47587,41.53532098059624
47588,54.11115609785475
47589,60.44890585076261
47590,52.542134438051214
47591,58.99085462708787
47592,49.660739276384554
47593,61.44050701740963
47594,59.83969129997191
47595,62.15895764401791
47596,62.936526274844155
47597,65.2918917706471
47598,29.75515352711655
47599,31.974137608613866
47600,34.97780837798842
47601,32.20421363870267
47628,16.864911058858688
47629,11.657858529786841
47630,16.727947298450648
47631,20.65875360593859
47638,26.359261799254256
47639,18.70842080465586
47640,14.278631632318168
47641,11.443866086406688
47642,22.71421721703685
47643,13.948093066749587
47644,28.102344515038922
47645,37.94748017758006
47646,33.8981796986875
47647,38.43537797916117
47648,36.84217498860904
47649,41.44629162224116
47697,12.09715525006725
47698,22.686793977694027
47699,5.934160027033467
47700,14.141049675361312
47701,20.213923376639038
47702,21.901218421597207
47703,30.703605274379992
47704,35.57345813295863
47719,13.860973892470067
47720,17.231008004507995
47721,16.173758654930012
47722,20.938945988678224
47723,21.464886336664133
47724,30.805979482069077
47725,35.25135211112664
47726,34.80543024043656
47727,13.521492038825416
47728,15.446224120781574
47729,17.764637643326118
47730,20.660584615840484
47731,24.811903098499727
47732,21.11111467157004
47733,35.86432233887667
47734,31.24005430540221
47735,36.03044673331067
47736,38.70104227655783
47737,39.621769452021795
47738,28.292297656102296
47739,46.09601296923145
47740,34.22436682877939
47741,46.01701070466944
47742,46.51473796656448
47743,46.70315563104358
47744,43.24069134369074
47745,61.145194593271206
47746,43.07229899558602
47747,44.28754056129285
47748,49.53952161165668
47749,48.85917269620866
47800,41.74758493197876
47801,23.166998748827726
47802,30.562076862311404
47803,41.03219114990454
47804,37.846009285358406
47879,26.671827477161457
47880,38.56194866216688
47881,47.22323449090649
47882,31.31587443121521
47895,14.72542810740356
47896,18.85881252903633
47897,6.017287072467206
47898,20.783629929728598
47899,18.85186427417655
47900,17.63906462450604
47901,36.28168424053415
47902,35.78623120651936
47903,44.429448221085096
47904,37.314847325499954
47905,38.027654325648264
47906,43.567505594065814
48043,11.676728501932514
48044,24.092535372079283
48045,21.670251692280274
48046,23.737837574806733
48047,42.181681908921405
48048,34.53466417889076
48049,32.4660388147916
48050,46.52432877148219
48051,46.11548108891295
48052,34.41162584093
48053,33.354985456547446
48054,34.709951596855824
48055,54.12799930276061
48056,29.401409186780192
48057,35.937521831831916
48058,47.69260626596285
48059,49.86061374663149
48060,39.93308373364444
48061,31.864124435598942
48062,35.08603622353987
48063,31.590493165821915
48064,40.06671634383493
48065,40.35407831575145
48066,44.713008145688526
48067,39.37517158646064
48068,54.43375222342625
48069,41.1250873539218
48070,23.419013857215123
48071,25.490239430405257
48072,19.416712891429405
48073,29.608876215552286
48074,30.986222062313136
48075,39.28853457277321
48076,36.68271923557636
48077,41.09449863077709
48078,47.17419095693291
48079,43.96100259972767
48085,35.27301313965047
48086,44.71173095323339
48087,43.304812402988375
48088,40.00179929113093
48089,57.62519309423848
48090,48.391346785070844
48091,19.374010948546267
48092,28.916457283402963
48093,37.84818981250507
48094,39.223223893014854
48095,44.90558105642984
48096,54.66933066469005
48097,40.34587513571223
48098,44.89813374660653
48099,50.941758615333136
48100,60.176629698294875
48101,56.014250166581114
48102,53.880148129418394
48128,7.690038444905812
48129,7.4598717873689475
48130,10.985775178514414
48131,17.99900965077156
48132,20.35118009854892
48133,16.98259209518527
48134,12.633097663730002
48135,38.060391568585906
48136,41.04648228044307
48137,41.07227901973236
48138,44.44393118316948
48139,40.10396574097518
48212,18.91205244786474
48213,35.79570941131137
48214,35.52616952639289
48215,30.925337144756526
48216,48.589427102642794
48217,35.792029932387756
48218,46.60006006190708
48219,41.12697527266346
48220,39.57087393463451
48221,47.36340363102223
48222,51.12698867874667
48228,10.475879494827455
48229,13.307200797057723
48230,16.169291218403966
48231,13.944546087142253
48244,34.418136594475776
48245,36.620015260187316
48246,38.03628795095325
48247,34.08870933902403
48248,43.32887367953785
48249,31.51800718084883
48250,46.413198378765074
48251,48.00539781321923
48252,51.37726586787427
48253,46.97082982818086
48254,57.20945475040961
48255,69.29788415942795
48256,59.2606310734702
48257,67.14084801107353
48258,58.4392715537567
48259,66.36963979374285
48272,18.988631687558446
48273,21.460999026160998
48274,31.592012853160437
48275,32.57012738393955
48276,35.54266985299615
48277,31.73856184225399
48278,34.91065695744257
48394,53.67348955083865
48395,36.860486601141986
48396,46.486841202176166
48397,46.9150826559772
48398,54.82033713119708
48399,64.42148441030372
48400,57.31035709530155
48401,60.707174188379646
48402,64.46449899243905
48403,71.48018624777575
48404,59.727373267782234
48405,67.33505705718572
48406,48.42096849077602
48407,43.7482724701367
48408,43.255347633910716
48409,31.780889688289417
48410,38.56712961150253
48411,49.51941175485433
48412,46.50191226932772
48413,49.34426742014987
48414,53.42494901579393
48415,47.72644002263068
48416,55.721234038032364
48417,34.98973536245826
48418,42.82012136586588
48419,41.46555421818655
48420,36.25268216500276
48421,41.16595532057734
48422,56.965835370403745
48423,49.14079903808054
48424,46.129627966943254
48425,50.97105048371241
48426,51.69515554840829
48427,54.26352222949219
48428,12.409757583197377
48429,19.338161637688128
48430,17.205341249089642
48431,22.08427982132506
48432,9.095336277953002
48433,39.847371998583974
48434,35.814249892894246
48435,43.009260244004295
48436,40.04005740566838
48437,37.352039282463174
48438,42.91904664535151
48439,44.06077621162716
48475,4.666114457439569
48476,8.573856305067189
48477,5.728242181435998
48478,15.03711445705643
48479,20.55194811540728
48480,15.775561795752292
48481,21.185963150355093
48482,35.071980539368134
48483,31.273238821929546
48484,34.914499292669035
48512,21.94130054429079
48513,18.938836867484266
48514,18.32938549740782
48515,9.235046955537099
48516,19.802974230838394
48517,20.108056215438875
48518,37.94281249290107
48519,32.35419319862666
48520,40.771909117774484
48521,38.362113270423826
48522,42.583019825111975
48523,54.59800985785195
48528,21.146613183245922
48529,13.879281945491403
48530,30.563116678586088
48531,30.68269459217519
48532,31.09902811605451
48533,35.11288644472407
48534,31.18964218574076
48535,40.34110650601535
48536,36.82950419762219
48537,53.17540322949632
48538,47.99786661139667
48539,58.43009219954925
48610,21.50572931305864
48611,25.417972265981177
48612,38.12790750269157
48613,27.38091059010083
48614,32.77252575781175
48615,38.48035672433133
48653,16.004249264078396
48654,20.765175862468546
48655,16.318002986933287
48656,26.935580064007343
48662,16.84247503378253
48663,18.313692496052084
48664,13.77141281329266
48665,16.149471694860665
48666,30.0393863716004
48667,37.71130305493439
48668,51.447920848894825
48669,46.812596516776686
48704,19.93523807844939
48705,36.765757188710836
48706,32.906328972348135
48707,32.627477915419135
48736,18.123298606729634
48737,18.84147776715868
48738,17.952766421600327
48739,35.4275094850415
48740,29.179646706392525
48741,32.640348534993635
48742,32.82799778194218
48743,40.91907116548926
48744,34.629963353495675
48745,47.488323167729725
48746,26.32539786413153
48747,28.91482837739892
48748,40.16528058710511
48749,32.29907573305458
48750,31.353087890186735
48751,42.077583085756274
48752,50.225524240576355
48753,51.22905334096236
48754,42.30081351005692
48755,44.65621634605482
48756,51.94994843327406
48768,60.98644689450991
48769,46.41121913609488
48770,57.91898580020482
48771,55.34780496284652
48772,60.1889575253519
48773,70.59726708819323
48774,65.25182096590608
48775,68.1817871537037
48776,60.4560019266162
48777,59.883787420568254
48778,58.95915550440482
48779,69.04593019351945
48828,31.187245021783472
48829,16.544912567681006
48830,30.17253607494947
48831,29.971671781978657
48832,11.920388114407313
48833,31.445198555613604
48834,29.660123371331256
48835,32.62185988966841
48836,43.410078776796695
48861,30.232966927171887
48862,29.97157757807965
48863,37.21971132207261
48864,33.77158787783835
48865,39.00907190127413
48871,36.45289841150207
48872,40.80904865876077
48873,46.65575464983002
48874,41.003213173489144
48875,55.714279236316514
48897,18.60133318172655
48898,14.634642258437266
48899,14.760593023344057
48900,17.56430323954174
48901,23.453601535551762
48902,14.361287441623722
48903,34.722776983970604
48904,34.2382998913759
48905,43.05318352216066
48906,39.51752481572692
48907,42.91912210004012
48908,51.33691083547715
48918,13.467960618127876
48919,16.192641843186443
48920,22.17505745606572
48921,29.99861881675362
49051,28.930149239917874
49052,32.28079599435264
49053,33.585932728035814
49054,51.592670688324375
49055,28.873757533798372
49056,48.12442360497588
49057,29.760480279854974
49058,36.0969970888522
49059,32.09538987388186
49060,42.08113781879379
49061,42.9352265550054
49062,55.87022208682892
49063,59.32453911294257
49064,53.220282899728566
49065,56.15471220279297
49072,14.08098538490003
49073,9.752317751050786
49074,19.321755516663853
49075,20.107104610873193
49102,27.343221630433543
49103,31.65169312793011
49104,52.53536514962867
49105,32.54323587847586
49106,43.53666691162046
49107,57.77890626963506
49108,53.89228211353867
49109,52.76785583000671
49110,53.93719055030889
49111,51.15891654556021
49112,47.27864088053168
49113,55.404890531878394
49126,25.56390053588115
49127,23.652789476605058
49128,35.21847916601551
49129,33.85507401105757
49130,40.78534205634124
49131,41.557474135144176
49132,47.4312898081265
49133,41.589418578897394
49134,43.723334877506154
49135,52.84085775836719
49136,53.206411124970614
49190,31.81307826531629
49191,32.61065127717932
49192,38.37645094817658
49193,53.7939278020902
49194,51.97897193393328
49195,49.020961375001775
49196,50.89043100467507
49197,49.82445941128399
49198,55.630169897756566
49199,59.66417669098492
49200,59.12192179944935
49201,65.16494961867389
49212,33.62126833461123
49213,37.16353514583806
49214,34.3158501662407
49215,43.787694088396
49216,55.933178393538924
49217,41.28201079718365
49218,54.98103795984953
49219,53.27457529627666
49220,52.024066941065115
49221,57.2683458214596
49230,22.4391680135713
49231,15.058599214160582
49232,33.82704924449661
49233,37.5286688050913
49234,41.980837464940365
49270,53.00589568539916
49271,57.42946857943462
49272,51.973201919885405
49273,60.310967122754654
49291,17.966666520776457
49292,19.0549274358917
49293,43.76206096325212
49294,32.731570981510465
49342,17.318846803301437
49343,29.021834040028217
49344,33.18329353078133
49345,30.186247411774186
49346,31.790341798793328
49398,10.230917548871805
49399,12.758824551702332
49400,21.416212137623255
49401,22.606212715553852
49402,12.72210066598457
49403,22.126766233023808
49404,31.790278714620996
49405,41.97156828439262
49406,39.44331283159274
49407,43.09935255811259
49408,40.55518622470209
49417,21.226827280114808
49418,30.032973222201232
49419,23.158954209760537
49420,28.75066001916509
49421,32.82672270267625
49422,26.68764888058788
49423,46.33136376380514
49424,33.92334867633402
49425,42.97485241263677
49426,45.45402084061723
49427,47.91888316047139
49428,58.17301948465182
49429,60.27995031671608
49430,60.420245465433766
49431,73.65597310133242
49432,56.133904522095385
49433,8.721623314036743
49434,19.441637540821393
49435,32.928701572654276
49436,30.859792621212172
49457,25.511883093002698
49458,29.952417462674006
49459,39.4433502306977
49460,37.48291209408202
49485,53.983889489286476
49486,32.01545861334711
49487,34.37458640066574
49488,46.7214215475447
49489,36.564220465721654
49490,51.92053088600671
49491,53.79634220121919
49492,50.921572999450795
49493,46.45223337150862
49494,59.27751185587707
49495,59.95077495588123
49496,67.14598366336969
49497,46.05663951922918
49498,33.73437726438405
49499,31.381656865532356
49500,47.64206149594447
49501,56.428057328522
49502,36.027716662844234
49503,54.05147029605278
49504,53.85281222670594
49505,43.60101236244286
49506,66.97152146677313
49507,55.948455235386135
49508,61.4413778732378
49585,19.826380527865915
49586,26.96102633867962
49587,13.534936857678701
49588,18.40643001113106
49589,33.627192067745916
49590,34.812117677471065
49591,35.65644882617494
49592,48.24928728402548
49593,44.33873239705348
49594,39.19639616894654
49595,46.09777912059792
49596,64.21481281094913
49647,9.423783480628249
49648,12.00781630658993
49649,16.0965781778722
49650,18.99012950315386
49651,20.889834154710712
49712,43.2910187779196
49713,34.644108316397414
49714,33.74113851017861
49715,43.89355840799921
49716,43.42488775300828
49717,51.87332823116867
49718,45.94121935045013
49719,43.793996390528214
49720,62.15500626477462
49721,58.94754690161132
49722,64.29565519758158
49723,63.18630751839845
49770,45.65971362039227
49771,31.804112458981823
49772,43.559168691277414
49773,50.41122028257493
49774,58.196269346747826
49775,42.61702162918159
49815,15.166290090691572
49816,29.444292525060092
49817,20.80152300999495
49818,20.697620075886572
49897,21.18261211482009
49898,29.961548433915357
49899,29.062094157022067
49900,30.282165084258462
49901,51.63743410914439
49902,45.139557854034955
49903,47.43105183114158
49904,53.90266020906271
50004,7.77963638649174
50005,8.483371884981507
50006,11.888501939241774
50007,14.88207830327207
50032,22.55974887592855
50033,32.27574415045473
50034,37.32346914618769
50035,40.19139128845382
50036,25.911500085182624
50037,30.485775629482966
50038,30.99062605629824
50039,38.17717231816761
50040,41.71174056933404
50041,40.628953036002784
50042,44.16131209038297
50043,47.50428177045602
50044,44.666761336881805
50045,52.73545088594809
50046,45.18211260886609
50047,47.50596671307922
50096,50.7652456370958
50097,43.19478001696022
50098,47.9591611921253
50099,54.667058841066634
50100,61.50481288285903
50223,40.70353096320059
50224,50.689448064709715
50225,44.80463336522788
50226,53.17339288399952
50227,51.49945542238925
50288,25.3473240776392
50289,17.477012291482612
50290,21.59475375221674
50291,24.545922137381694
50292,29.263551742560413
50302,9.335292689284406
50303,11.015646492413499
50304,14.993091779853026
50305,20.24831731944195
50306,39.29986275010711
50307,33.197019740839394
50308,39.57199148760156
50309,39.49080242911694
50310,45.48485355490581
50311,46.71965254697812
50312,36.87690568733553
50359,31.110323025443567
50360,32.42690768986133
50361,36.313395654990565
50362,31.979741035643144
50363,20.316552209373437
50364,22.525120781749166
50365,33.10079646037434
50366,36.186993475748956
50407,20.402791176183673
50408,30.147682772945313
50409,22.83827959432419
50410,23.594294658940797
50411,33.736991384133844
50412,32.702481068201095
50413,36.983860854819234
50414,30.140009185465416
50415,41.80393136291213
50416,44.628482549672746
50417,50.03889893830619
50418,41.95523889307349
50457,33.804248852484704
50458,48.46164016829931
50459,52.089988080150555
50460,62.200349044281744
50507,14.537904307535948
50508,18.665217752316057
50509,30.388473925624524
50510,30.95945297210031
50511,43.98631341737627
50512,25.45218797424244
50513,55.549443020673266
50514,31.541754351326727
50515,37.23198259831138
50516,55.004150954735834
50517,47.73763605871648
50518,58.57427752236467
50519,40.814652223001666
50520,60.18663325347471
50521,69.23099870395193
50522,47.99682276510512
50558,27.82225835099186
50559,40.27011616523099
50560,36.30727546527697
50561,35.93330176085194
50635,51.0145400367849
50636,60.020499225404976
50637,67.37857086478635
50638,60.154977475366124
50639,58.08647493530302
50640,54.23658889092461
50641,63.24080332755561
50642,67.19202005497996
50643,66.05518454574691
50644,67.62452162931893
50645,62.867743887609144
50646,63.04587203363018
50656,15.022374832599786
50657,31.470994518194683
50658,27.399909909099275
50659,25.054770269490447
50660,22.399982379803458
50661,27.681404197766586
50662,33.270348758305964
50663,23.652235310276964
50664,21.04605546665778
50665,27.443033319978987
50666,47.28454212388566
50667,42.977496040904214
50668,38.74593515550054
50669,50.04649899004729
50670,56.38136578617935
50671,53.96885406944123
50686,22.37368974842593
50687,30.431584294830046
50688,30.85183083144167
50689,35.50759845387504
50735,8.01929819227735
50736,15.795186361613315
50737,20.25348928440179
50738,11.33290700319356
50739,19.762956534418183
50740,19.749247927588716
50741,15.69207423904314
50742,27.117666961785375
50743,31.411416812806618
50744,33.2799139992407
50745,43.21820914288979
50746,43.860675645615515
50752,34.12618781022766
50753,43.27284863630496
50754,32.73660186669561
50755,42.5606559241226
50756,43.43839113512172
50757,43.76928690356133
50758,41.798659307807
50759,47.65252282820772
50760,44.51326464380822
50761,54.641224721320214
50762,53.95240707709653
50763,68.22609423686106
50768,4.224356207179009
50769,15.636303891230753
50770,16.21091498351183
50771,20.356340533280456
50772,15.696694968624776
50773,18.049801941901983
50774,20.446843324906293
50775,39.44933543835012
50776,34.409201514182854
50777,38.32633448256714
50778,35.229642676215455
50779,39.865523488892975
50792,40.20633408433925
50793,49.819639339940615
50794,44.36803732850811
50795,44.26523341665133
50796,47.638082957689065
50818,28.940027799364145
50819,34.080599799206546
50820,30.314622851215006
50821,39.628440505930485
50822,47.25270463950317
50823,51.37505221731457
50824,51.95229303443072
50825,50.92791617395772
50826,35.487400317246454
50827,46.2650788872904
50828,48.5580905279909
50829,36.97674696628756
50848,40.20525233910811
50849,43.15271998278707
50850,50.50237481579033
50851,49.21162508001735
50852,57.704067886386696
50853,64.16899593909771
50854,65.47416010797967
50855,64.15457654679764
50856,63.18756817094862
50857,60.74641164834027
50858,63.32937732574461
50859,62.19321701222272
50860,31.32020165503197
50861,36.97840537116982
50862,37.21556316086661
50863,30.64123972843208
50864,42.07923177918529
50865,46.35766063602964
50866,53.658727664325866
50867,43.68979752117964
50868,50.07552134361894
50869,49.259701206374714
50870,56.96768613714907
50871,54.271467363959054
50890,17.483222661500342
50891,22.74260907468951
50892,33.691188725015685
50893,35.34453471213459
50894,44.971022545325354
50895,33.29407518362434
50896,45.019744975229656
50897,44.96542916138398
50898,48.11033785077001
50899,49.14615740460255
50900,53.17103380246008
50901,39.912035215978634
51021,40.56982252450883
51022,41.58435679206561
51023,39.03194347501207
51024,36.843134654703
51025,34.01683655500625
51026,47.86878555312292
51027,59.56195212848205
51028,52.229211585324435
51029,57.813930127788275
51030,56.30821083741581
51031,52.26019731837226
51032,66.86534044433238
51088,38.16372910734285
51089,45.14932255213396
51090,61.94677174508736
51091,48.87705088606153
51111,19.310843712211934
51112,31.94052275963665
51113,29.909589607922634
51114,48.53516011067621
51122,41.825402162021604
51123,39.11131195910533
51124,45.51987252832685
51125,42.59295469594204
51192,10.762321754308621
51193,17.30676431276187
51194,17.601275423005244
51195,48.62028922170613
51204,47.90295711698454
51205,52.607153468244995
51206,50.90665076017632
51207,57.0352486953021
51208,49.624013238909434
51209,50.502190925214485
51210,62.07532882051211
51211,57.53408270867487
51212,64.52223451316455
51213,64.75187167471883
51214,64.84696484658978
51215,58.2004158795434
51221,11.054229795234699
51222,20.927939044993664
51223,25.09118021583015
51224,15.805999025369495
51225,20.24648334359827
51226,10.561906148708092
51227,32.39520869391785
51228,28.98396884005665
51229,31.737794691950338
51230,40.62772073377124
51231,36.929225109632085
51232,43.252136142238676
51334,13.048093050125209
51335,11.85855203940347
51336,17.22014417355512
51337,14.99281505109613
51338,19.321437659000193
51339,23.968238132406178
51340,36.884481220868466
51341,40.2608747206302
51342,44.589134274801935
51343,35.26514642582358
51344,47.93900685049465
51345,51.650479862010094
51400,17.96410141795798
51401,14.139493121962275
51402,15.130575855642268
51403,23.674651475961628
51404,20.861610741329255
51405,26.91397977363551
51406,30.56471192114486
51479,19.917998405368483
51480,19.812101939370915
51481,18.2195270261969
51482,13.837431089702326
51541,15.676233597823671
51542,27.56813472542044
51543,21.599790081371946
51544,19.577362541168345
51545,19.48343576454248
51546,36.24308659217954
51547,33.234713551559956
51548,30.700808972135903
51549,37.4058662440463
51550,38.20230904685325
51551,44.67616707264464
51552,47.80963872571649
51577,27.52417567355073
51578,45.29953767494186
51579,50.81548705873475
51580,43.40753529834428
51581,52.87718744721964
51582,48.67026943874497
51583,55.926783504441865
51584,36.28190897486978
51585,53.70713775364155
51586,53.57255188082805
51587,50.63772706815466
51616,45.35806151146667
51617,34.58437583085353
51618,46.456531370656386
51619,55.138674229534786
51620,50.057716467383784
51621,62.08960693976389
51622,61.757485094113115
51623,64.64141424070195
51624,52.95017806552732
51625,61.814574099722435
51626,63.29120915408481
51627,67.70954955860621
51674,29.309740511157255
51675,31.618815578809567
51676,45.97299688108571
51677,36.618803283206944
51678,39.26515862551204
51679,36.65433500016461
51680,62.10046896843282
51681,62.21510415595589
51682,51.45144764974904
51683,45.90947171957372
51684,60.181561289927835
51685,55.444101092783654
51702,35.30598671575211
51703,31.029613962916432
51704,28.07894836757423
51705,48.3146567375155
51706,47.15446386785484
51707,59.39379445357816
51708,54.07840019180966
51709,67.68770720678638
51710,63.903015699300475
51711,62.648822424609975
51712,70.9539894065581
51713,66.5738062822654
51718,19.35862315442988
51719,22.669844511342443
51720,23.9622671708052
51721,43.24188630037924
51722,40.48614501777931
51723,34.35344021426396
51724,42.71924680884679
51725,31.91917677731299
51726,44.835878808323514
51727,48.18952811277379
51728,43.31579292364903
51729,39.95813734163622
51730,32.90904471246365
51731,45.77352722663674
51732,45.39977855704817
51733,44.032330947640546
51734,49.60201407087165
51735,53.81196665043644
51736,55.41716375941781
51737,68.54239970085011
51738,49.05314653472075
51739,60.05614064198635
51740,63.57560700046491
51741,62.35963411196395
51747,24.0651630386296
51748,21.980970053746905
51749,32.16768315308388
51750,37.63064738166145
51751,38.59061318477504
51752,38.401324309771965
51792,20.951640524186512
51793,27.79279713800902
51794,27.549497409778652
51795,36.68412122253053
51796,21.9954482797224
51797,31.55967912599327
51798,44.25677957502598
51799,45.68175403778962
51800,46.77401550223333
51801,46.638671307145145
51802,61.40714160007938
51803,55.800412076692
51812,10.46150956193489
51813,17.508676770936084
51814,17.331164755846974
51815,15.054726907631506
51833,27.5279813476359
51834,29.858735525988592
51835,32.42876685571699
51836,34.35391489592204
51837,42.08384084631292
51838,33.39172442364858
51839,50.902095835599994
51840,27.334293722745876
51841,40.83331533935993
51842,42.72653101126453
51843,33.533423155315525
51844,32.55077708313368
51845,45.31145876333407
51846,45.16369155895595
51847,44.88769282568133
51848,36.99146708900597
51849,47.74118242849031
51850,47.13679804639236
51851,48.31818568920831
51864,38.18851564311939
51865,35.84746999515654
51866,32.55984685361751
51867,48.83526969395373
51868,37.844370921990276
51869,33.30263975063078
51870,50.900464758622526
51871,46.570698115345664
51872,45.16669783711985
51873,51.725159595223346
51874,52.07655344393383
51875,58.728452439600524
51891,16.416643131476533
51892,13.962905736190521
51893,23.591236970138798
51894,21.051136770630567
51921,12.928885174697411
51922,31.550604343097476
51923,30.663742136805215
51924,20.317565682375204
51925,36.00791221503312
51926,36.86655440271504
51927,38.86757287059138
51928,39.700095601481806
51929,39.85236040273447
51930,40.224495725502734
51931,44.260148168318175
51932,46.92997459389978
51937,41.98847242063354
51938,50.97707042433332
51939,48.539535984914025
51940,49.478766532155646
51941,58.95180678864567
51942,47.703535154780276
52202,29.09779311502909
52203,32.88730528850405
52204,33.202017387016596
52205,49.2661937560612
52206,16.476383774370124
52207,17.876756809169354
52208,24.12797174346579
52209,35.976618028881106
52333,30.965986139797558
52334,32.38482934377146
52335,39.34709693960128
52336,36.05372662542845
52359,31.210215778051744
52360,37.68868366513401
52361,23.809609685225695
52362,35.970242845953166
52363,59.40865633757862
52364,39.32665137960876
52365,43.24244186199157
52366,53.85793716666631
52367,51.28473912329344
52368,51.185540798809676
52369,51.46547514331281
52370,48.43455193442127
52377,9.134039277955182
52378,11.380495656496636
52379,12.873662345366984
52380,14.229584531133225
52381,17.000334287736944
52382,18.11518370438434
52383,18.629059608502374
52384,31.971076681019465
52385,40.2049601477799
52386,37.65452925212054
52387,33.84929108079263
52388,43.26102335889939
52413,59.842788657748926
52414,55.20506428032227
52415,49.811236851614694
52416,48.0566638400888
52417,55.603447778583
52418,53.878536228080605
52419,56.83629608754767
52420,61.55086672180252
52421,56.73879272232437
52422,24.97286146311761
52423,18.839796322824842
52424,16.858238136234586
52425,17.470886138532173
52499,21.732347990933665
52500,29.913320387702022
52501,32.06765684679293
52502,37.35052131898375
52515,26.754278617127195
52516,45.45383530558996
52517,41.967924825510174
52518,47.32640721860162
52524,12.144838969217043
52525,21.87921194640125
52526,20.422864404420505
52527,34.405357152055046
52587,30.11705045209176
52588,24.186807992385923
52589,31.301274307428844
52590,35.4195017202341
52591,33.36100102389775
52592,41.787678078969854
52593,40.45828995196073
52594,39.529656433488995
52595,47.921747224631716
52614,29.521693793941225
52615,31.117204273473583
52616,35.74269339373828
52617,36.851236257843695
52657,4.265498725020342
52658,11.396142211562008
52659,17.42852162521193
52660,13.90415028678894
52661,41.494512562623605
52662,40.000938226009815
52663,53.22764551722877
52664,57.38518915612877
52719,41.68628593106263
52720,34.87727604202087
52721,33.689939189450556
52722,35.569260530390274
52723,38.0256868620216
52724,44.69527141435955
52725,51.21937584064269
52726,42.71997940179778
52727,45.48298784039576
52728,53.825501798055114
52729,54.36995245756136
52730,52.402701366093474
52753,14.36603634421271
52754,12.928125686866014
52755,15.954921785291257
52756,18.514505700278036
52757,9.699913181347206
52758,18.208793671585124
52759,22.520571688450246
52760,19.386445116033432
52761,17.32487054176796
52762,31.263329304985305
52763,39.0517981184268
52764,37.820471448455244
52802,45.03345132119696
52803,55.46084581150124
52804,55.19126202082119
52805,61.987280888145804
52806,64.77527818102378
52807,66.87691537993986
52808,71.00551576965863
52809,59.50057718183765
52810,53.433089576263015
52811,54.92504773295015
52812,63.49800078004559
52813,66.96938828957364
52861,12.216026539318406
52862,28.544804946884284
52863,30.154540741044553
52864,35.13847870457841
52865,52.1587920605028
52866,52.79027634997975
52867,44.25952128201707
52868,41.747650274561835
52869,53.463571757623306
52870,45.16105770829829
52871,55.44537903825818
52872,49.14475400771825
52913,18.74236274741055
52914,16.848340215340222
52915,17.677334547410943
52916,11.224948568579974
52917,15.376150149927266
52918,21.738332895797527
52919,17.09103413888042
52920,18.227667013079344
52921,36.083175753787074
52922,32.34397602277769
52923,7.514244965408127
52924,26.101543176077342
52925,22.225674296542927
52926,23.449270420623147
52927,31.254680498844333
52928,44.53998197693629
52929,38.347495218612046
52930,32.62152461395337
52931,46.435929563582285
52932,39.184329775891634
52933,46.40730676165403
52934,52.72462348104034
52955,19.450714517269194
52956,44.20819927358956
52957,14.958091888924427
52958,32.887805674421934
52959,54.39283198318938
52960,48.82849517329969
52961,42.8605116454092
52962,48.21426863628839
52963,44.952755175366704
52964,55.13306820416519
52965,54.10890707250017
52966,56.13920817717507
52998,37.704317451659506
52999,28.32677600182033
53000,34.76307073235546
53001,46.880014594802724
53002,29.550411073651794
53003,26.109380898369146
53004,42.33097686426054
53005,36.36221338904313
53006,45.15558997436773
53007,40.907110405508035
53008,45.135555280223585
53009,46.409693244868855
53010,48.60580154326816
53011,48.14747637667573
53012,50.11196823768936
53013,64.54066049993403
53014,21.120838435028293
53015,25.667778209174767
53016,30.40682008402412
53017,31.58148350384371
53018,30.626724361851593
53019,31.58449279637255
53020,48.750074993597345
53021,32.74993206708686
53022,33.47237598037824
53023,49.78912708643557
53024,45.88787138526939
53025,50.89620506654221
53141,28.88800953268398
53142,22.504595813491505
53143,40.53745830542436
53144,34.40269171185679
53145,33.844449275940185
53150,8.602559768666127
53151,15.733472965466296
53152,16.03339392798772
53153,16.73709062099914
53154,14.175629596416757
53155,14.580099068586575
53156,18.87184148708656
53157,35.75382643733678
53158,47.191616789738504
53159,34.253138384476074
53160,35.28556532376098
53161,41.60361902295956
53162,24.076787445422035
53163,23.42944644674437
53164,29.45865782426305
53165,38.78347674969605
53166,27.731770177903005
53167,31.30100062746695
53168,30.858914287904206
53169,28.82895289049586
53170,31.400300644018735
53171,22.56755939993637
53172,32.16410779018742
53173,17.728133299493
53174,30.683023145170292
53175,30.535558366805244
53176,31.92656680347073
53177,17.37396256966028
53178,38.46364676049388
53179,44.45303899258638
53180,46.063465123916494
53181,54.68274720830493
53182,52.56718325036804
53183,38.85056985283978
53184,38.01925494233962
53185,45.797265233715684
53186,46.3423072904421
53187,47.5160209601612
53193,30.012824448121705
53194,39.48411931906066
53195,29.97556321152434
53196,37.88593722108899
53197,37.94960151307762
53198,53.59019490277245
53199,53.91591307947794
53200,55.33137279701176
53244,30.17811789729741
53245,41.33533944102241
53246,28.904725980961608
53247,48.284945699926794
53248,48.28089901014604
53281,24.673791578038202
53282,20.51856168483503
53283,24.73065488301641
53284,32.117868195814665
53285,30.584777666491984
53291,39.94035056512016
53292,41.87151847412026
53293,40.98738641502357
53294,35.386347195457816
53295,45.56418022938935
53296,48.71477503475691
53297,62.21390522378741
53298,53.56096195009855
53299,65.01380896573413
53300,54.41745325390632
53301,53.61836189458473
53302,55.68703543658271
53318,35.41897471539265
53319,27.693615957985077
53320,53.50471898865776
53321,47.81488039035554
53322,56.28955958181967
53323,56.10679186331693
53324,49.50784385410171
53430,26.850476072867416
53431,32.94310974933544
53432,38.109847646348854
53433,30.385140488411462
53434,46.2316906036941
53435,33.596789008438165
53436,50.872258053601925
53437,41.52335207466498
53438,45.161302362048886
53439,46.9279632062798
53440,43.07701148955919
53441,40.275311108715236
53442,22.60079214215217
53443,32.702026624458675
53444,45.32265728222769
53445,34.96650747320199
53446,45.49067695477287
53447,41.40885646725762
53448,39.451572062044484
53449,45.24469772437273
53450,49.10031342110269
53451,53.019863511548884
53452,37.90224925942924
53453,42.48487061320608
53483,11.779094605558791
53484,33.310430700657335
53485,31.240784440704925
53486,34.83564751153678
53487,39.96942333157903
53488,39.03585120533356
53489,45.28826996264042
53490,56.76165454533179
53491,58.14803899296902
53492,47.71767459746673
53493,46.768614455387315
53494,56.70512831792469
53527,41.339291136366015
53528,26.549464550365848
53529,44.365271627336504
53530,37.094676647740556
53531,45.80985005656719
53544,26.349690395042003
53545,39.00145349787296
53546,36.77785456668603
53547,47.81934517271836
53589,49.8477235041964
53590,50.54480829757711
53591,56.4875692231098
53592,53.274885828350115
53593,55.382464816050025
53594,58.250082295452614
53595,60.08664096564283
53596,60.80041055926582
53597,65.32793814876578
53598,61.28691036753182
53599,62.24854373821231
53600,60.826154597352726
53651,37.26947815897542
53652,59.29256213412236
53653,46.99657897649875
53654,55.813568860353975
53655,55.3979429037007
53656,47.12742124258972
53657,34.777644601283036
53658,55.832067295647136
53659,51.12704140164698
53660,59.54928727734991
53661,53.76935171891486
53662,58.73584412609487
53663,46.80850940943362
53664,55.433685668096466
53665,62.64194398349979
53666,49.172832046183586
53667,31.117576960469624
53668,31.499293260020163
53669,30.04163980514565
53670,35.8158114414576
53671,37.97269222057474
53672,40.97576051495565
53673,39.95694806517203
53674,42.31990464236966
53675,45.308378943143566
53676,57.531375690872544
53677,41.574475688991356
53678,54.37773627747602
53703,26.750891666639905
53704,36.68491516450573
53705,38.394649016809275
53706,46.91244465497748
53707,59.0157310732233
53720,4.731352463305208
53721,10.65806391449705
53722,5.974954232573732
53723,17.536732530870246
53724,17.467379654674744
53725,14.69585940646414
53726,23.82847641358573
53727,13.310708519407498
53728,19.21895823154576
53729,37.4659519880226
53730,41.112279849766665
53731,38.72835096935821
53732,19.559453100236176
53733,31.439584053562193
53734,29.37796036278756
53735,32.896368086302914
53736,43.3857915415176
53737,35.178764623583376
53738,27.78083237886239
53739,40.83842627856418
53740,35.72770321411407
53741,36.36403042046668
53742,45.67004949466958
53743,45.60248403819893
53794,15.949628264908903
53795,19.88730690715218
53796,16.68697928236248
53797,33.01940166511999
53798,15.477502636127472
53936,39.10893319837727
53937,41.147245123683405
53938,44.23013772412347
53939,42.81106313470856
53940,54.37824707628169
53941,48.303724939354716
53942,58.871006776170965
53943,49.13306640503838
53944,49.5225911777045
53945,56.777346390752314
53946,53.03860123005248
53947,67.82827637932915
53954,4.166492650336367
53955,6.250888376325005
53956,5.4017122226940675
53957,9.89076438135645
53958,9.771607145941388
53971,30.12561704814241
53972,33.536538374562106
53973,33.92746095786693
53974,35.26033711686404
53975,34.75665523683242
54001,25.081684012693323
54002,22.782150855463563
54003,31.366193377623546
54004,43.703701619560015
54017,22.585706073914512
54018,34.0045678115841
54019,39.02099286462452
54020,28.9591602897716
54021,41.358658748054594
54022,38.71269073075883
54023,45.330016018935744
54024,47.53869614509744
54025,44.108106463553334
54089,38.31158315277063
54090,26.818776058807096
54091,39.75167246186136
54092,42.39812746691114
54093,51.9631243829896
54094,45.406912798479276
54095,60.73588750034411
54108,52.376413835243895
54109,45.575921310644354
54110,40.57416731938332
54111,40.35031944243058
54120,13.43021161103195
54121,10.7883547394067
54122,13.58291538509942
54123,15.688884985778778
54124,16.54097442311133
54125,21.298782848909532
54131,4.78308612030691
54132,12.48625364603379
54133,6.336430734885045
54134,15.95411286643389
54135,15.316386868492303
54136,17.629220963329356
54137,12.585470324761115
54138,32.02150727186382
54139,35.42231320423702
54140,37.223985343854125
54162,22.89612927126563
54163,40.934557507461854
54164,35.077515269990236
54165,37.54140822558849
54178,2.9403602094310077
54179,6.583136375578702
54180,9.145650675683337
54181,12.489984963217575
54182,17.62264616264067
54183,15.071712886737517
54184,18.394160045809315
54185,12.743462167113005
54186,18.63946466344173
54187,28.844613207222302
54188,31.471620623024613
54189,32.21442249246218
54202,57.909596310774326
54203,63.793138588714626
54204,59.56154387590224
54205,63.11603375029814
54206,64.19799935029373
54207,66.54188598625574
54208,66.22222045346224
54209,67.9074428941143
54210,72.92700211404446
54246,8.274396522001124
54247,13.333764492254625
54248,14.354870730283427
54249,6.629297960748015
54250,17.11380850082522
54296,46.06079874270949
54297,33.73950876609192
54298,36.01835591882087
54299,42.33705573947823
54300,39.43078082816538
54301,47.41923621803858
54302,48.2802675969555
54303,54.02184865498648
54304,41.66138436395803
54305,60.79516794743866
54306,59.35967881018697
54307,60.48525532428606
54323,19.65487253874845
54324,14.18165603707791
54325,16.127672451959587
54326,18.443058659048944
54327,19.214181493178923
54328,18.46678796188993
54329,29.935164379747892
54330,32.61044222580789
54388,21.820989689944394
54389,37.41817269292889
54390,32.27894225704657
54391,45.057412738578535
54392,42.60434870202458
54475,4.899790402139713
54476,13.321870949453444
54477,13.955685498916406
54478,15.410645749187855
54479,16.082467496025554
54480,19.652827013258772
54481,16.15930015799364
54482,19.9624050652014
54483,17.83826310683745
54484,17.9818247584925
54485,21.88649670724137
54486,15.037742398439702
54493,33.11123567013895
54494,31.810805014485478
54495,31.999840379749124
54496,34.53066388897313
54549,14.741259027737147
54550,13.513135950185966
54551,20.642088224024132
54552,31.537161798793576
54553,35.6101051548621
54554,32.846354496075826
54555,45.494621558002564
54556,37.61611551357013
54557,49.08415482043069
54558,41.825345041081356
54559,42.845721665260776
54564,4.395346920736615
54565,10.120736067038584
54566,12.631975133012851
54567,14.84468859638335
54659,12.833778316574824
54660,21.630007516410842
54661,24.849460724567468
54662,21.010859750890262
54674,19.88947854027492
54675,30.936056090053935
54676,32.6784019524779
54677,29.364381063726274
54714,20.54229903248582
54715,21.603235472760208
54716,25.433469143290022
54717,34.40992832723764
54718,44.01253330506788
54728,29.554443670818955
54729,38.830466666024776
54730,30.86855050413811
54731,40.51633039707849
54732,42.11606877837906
54785,23.033406544642613
54786,35.0893049990474
54787,37.32251859162664
54788,28.47110217798563
54789,31.35081567171417
54790,41.4663217444749
54791,17.873928848260103
54792,8.914051641094648
54793,21.14494102530595
54794,18.194859140566127
54795,30.278436994291962
54796,34.04353230821701
54797,36.67747620258946
54798,46.7404837706243
54799,34.449291779219806
54800,48.05245218003243
54801,40.362268041626216
54802,33.49428908970376
54851,22.424879831357295
54852,31.394599101917283
54853,32.63158520344703
54854,34.435319333582044
54935,30.709223170772766
54936,42.880632318203624
54937,53.284401985227625
54938,47.65798938264537
54953,52.802690437496686
54954,65.48998021911294
54955,55.96691336004364
54956,59.76374400535611
54957,56.34962079490606
54958,61.09187210208795
54959,58.98670742541257
54960,61.29461264775602
54961,63.06805219273534
54962,59.455328590645635
54963,64.15948124387613
54964,70.51788419188784
55017,37.08785156892254
55018,51.66498654718028
55019,29.82790027861563
55020,45.42453593100322
55021,38.420052607436325
55022,61.22666399409865
55023,47.67701312014808
55024,50.19502138528395
55025,54.41272945440329
55026,43.95542623659084
55027,53.14031658057507
55028,62.18266836962167
55041,33.31937587741489
55042,37.45404992111373
55043,46.135524267102696
55044,53.85793293596459
55045,54.38444903352439
55046,41.106372685919176
55047,40.48465729928351
55048,55.12495372109635
55049,36.89248582837655
55050,49.81274012304135
55051,47.7597350066624
55052,55.638546177024324
55060,44.198469344873395
55061,39.80445736457112
55062,50.98432282505741
55063,50.70353027502446
55095,35.873429398391295
55096,41.46984516979093
55097,43.0531851757144
55098,60.09315802974
55127,31.87685125722633
55128,28.812589395231512
55129,20.824081401923923
55130,32.877407424399856
55131,30.824763610814543
55132,34.34627991605784
55133,33.302223036666845
55134,40.00615379068335
55135,51.60657649648873
55136,43.88285483708061
55137,51.325306016437956
55138,45.699089898831126
55179,21.118667557543517
55180,36.90494376440306
55181,33.399382865057206
55182,41.289575647890395
55183,40.50410873348564
55184,30.292112196022703
55185,50.615968004087456
55186,50.41560347153943
55187,36.75835510675083
55188,41.28494023429889
55189,44.89208756188038
55190,47.095960525585056
55191,57.5152942522153
55192,49.73041374973536
55193,54.895991862912645
55194,60.80180041394618
55220,13.349648606928138
55221,21.099390519834746
55222,18.63353870626082
55223,32.57933919740526
55224,38.868321722738976
55225,36.589662981901654
55226,40.17825598806004
55227,45.45044171167791
55228,40.81410160815415
55229,51.8882728447302
55230,35.05766764787822
55231,40.56393181707451
55261,9.682357011513405
55262,16.4530022521127
55263,16.20828448435379
55264,16.34846262222907
55265,13.842045598137803
55266,20.259553350592252
55279,43.71098787456829
55280,45.04289104839905
55281,38.67222048909133
55282,46.05128535888073
55283,52.34201725031534
55284,57.35301549336913
55285,52.97886055218442
55286,61.27151337388909
55287,61.85890881903379
55288,56.970087575741154
55289,58.623296724261024
55290,58.65603978152076
55349,50.955991781448645
55350,46.58872293252841
55351,53.56915202789729
55352,53.35969856005304
55353,43.092290484513576
55354,54.02687850689029
55355,61.58597046236563
55356,55.066237073440604
55357,60.25531623968208
55358,66.6078419420618
55359,62.23130740382419
55360,61.647187562256775
55517,11.256014161256145
55518,24.313943744687524
55519,15.268521219251134
55520,15.006271487850528
55521,10.334133779798579
55522,17.881127692148556
55523,18.055615938919768
55524,17.997857011117365
55525,27.29257315428956
55548,27.22107596547396
55549,25.639209717313
55550,19.15105771753163
55551,30.75342065869772
